2026-08-14 23:45:06 [main] INFO  utils.LoggerUtil - Starting test case execution: Log_001
2026-08-14 23:45:10 [main] INFO  utils.LoggerUtil - [PASS] Test Case Log_001 completed successfully.
2026-08-14 23:45:16 [main] INFO  utils.LoggerUtil - Starting test case execution: Log_002
2026-08-14 23:45:33 [main] INFO  utils.LoggerUtil - [PASS] Test Case Log_002 completed successfully.
2026-08-14 23:45:37 [main] INFO  utils.LoggerUtil - Starting test case execution: Log_003
2026-08-14 23:45:47 [main] INFO  utils.LoggerUtil - [PASS] Test Case Log_003 completed successfully.
2026-08-14 23:45:51 [main] INFO  utils.LoggerUtil - Starting test case execution: Log_004
2026-08-14 23:45:59 [main] INFO  utils.LoggerUtil - [PASS] Test Case Log_004 completed successfully.
2026-08-14 23:49:22 [main] INFO  utils.LoggerUtil - Starting test case execution: Log_001
2026-08-15 00:07:00 [main] INFO  utils.LoggerUtil - Starting test case execution: Log_001
2026-08-15 00:22:06 [main] INFO  utils.LoggerUtil - Starting test case execution: Log_001
2026-08-18 12:00:57 [main] INFO  utils.LoggerUtil - Starting test case execution: Log_001
2026-08-18 12:03:30 [main] INFO  utils.LoggerUtil - Starting test case execution: Log_001
2026-08-18 12:10:29 [main] INFO  utils.LoggerUtil - Starting test case execution: Log_001
2026-08-18 15:36:48 [main] INFO  utils.LoggerUtil - Starting test case execution: Log_001
2026-08-18 15:38:42 [main] INFO  utils.LoggerUtil - Starting test case execution: Log_001
2026-08-18 15:38:47 [main] ERROR utils.LoggerUtil - expected [Invalid email address1] but found [Invalid email address]
java.lang.AssertionError: expected [Invalid email address1] but found [Invalid email address]
	at org.testng.Assert.fail(Assert.java:111)
	at org.testng.Assert.failNotEquals(Assert.java:1590)
	at org.testng.Assert.assertEqualsImpl(Assert.java:150)
	at org.testng.Assert.assertEquals(Assert.java:132)
	at org.testng.Assert.assertEquals(Assert.java:656)
	at org.testng.Assert.assertEquals(Assert.java:666)
	at tests.LoginTest.Log_001_VerifyInvalidUsername(LoginTest.java:46)
	at java.base/jdk.internal.reflect.DirectMethodHandleAccessor.invoke(DirectMethodHandleAccessor.java:103)
	at java.base/java.lang.reflect.Method.invoke(Method.java:580)
	at org.testng.internal.invokers.MethodInvocationHelper.invokeMethod(MethodInvocationHelper.java:141)
	at org.testng.internal.invokers.TestInvoker.invokeMethod(TestInvoker.java:687)
	at org.testng.internal.invokers.TestInvoker.invokeTestMethod(TestInvoker.java:230)
	at org.testng.internal.invokers.MethodRunner.runInSequence(MethodRunner.java:63)
	at org.testng.internal.invokers.TestInvoker$MethodInvocationAgent.invoke(TestInvoker.java:995)
	at org.testng.internal.invokers.TestInvoker.invokeTestMethods(TestInvoker.java:203)
	at org.testng.internal.invokers.TestMethodWorker.invokeTestMethods(TestMethodWorker.java:154)
	at org.testng.internal.invokers.TestMethodWorker.run(TestMethodWorker.java:134)
	at java.base/java.util.ArrayList.forEach(ArrayList.java:1596)
	at org.testng.TestRunner.privateRun(TestRunner.java:741)
	at org.testng.TestRunner.run(TestRunner.java:616)
	at org.testng.SuiteRunner.runTest(SuiteRunner.java:421)
	at org.testng.SuiteRunner.runSequentially(SuiteRunner.java:413)
	at org.testng.SuiteRunner.privateRun(SuiteRunner.java:373)
	at org.testng.SuiteRunner.run(SuiteRunner.java:312)
	at org.testng.SuiteRunnerWorker.runSuite(SuiteRunnerWorker.java:52)
	at org.testng.SuiteRunnerWorker.run(SuiteRunnerWorker.java:95)
	at org.testng.TestNG.runSuitesSequentially(TestNG.java:1274)
	at org.testng.TestNG.runSuitesLocally(TestNG.java:1208)
	at org.testng.TestNG.runSuites(TestNG.java:1112)
	at org.testng.TestNG.run(TestNG.java:1079)
	at org.testng.remote.AbstractRemoteTestNG.run(AbstractRemoteTestNG.java:115)
	at org.testng.remote.RemoteTestNG.initAndRun(RemoteTestNG.java:293)
	at org.testng.remote.RemoteTestNG.main(RemoteTestNG.java:91)
2026-08-18 16:03:19 [main] INFO  utils.LoggerUtil - Starting test case execution: Log_001
2026-08-18 16:03:23 [main] ERROR utils.LoggerUtil - expected [Invalid email address1] but found [Invalid email address]
java.lang.AssertionError: expected [Invalid email address1] but found [Invalid email address]
	at org.testng.Assert.fail(Assert.java:111)
	at org.testng.Assert.failNotEquals(Assert.java:1590)
	at org.testng.Assert.assertEqualsImpl(Assert.java:150)
	at org.testng.Assert.assertEquals(Assert.java:132)
	at org.testng.Assert.assertEquals(Assert.java:656)
	at org.testng.Assert.assertEquals(Assert.java:666)
	at tests.LoginTest.Log_001_VerifyInvalidUsername(LoginTest.java:46)
	at java.base/jdk.internal.reflect.DirectMethodHandleAccessor.invoke(DirectMethodHandleAccessor.java:103)
	at java.base/java.lang.reflect.Method.invoke(Method.java:580)
	at org.testng.internal.invokers.MethodInvocationHelper.invokeMethod(MethodInvocationHelper.java:141)
	at org.testng.internal.invokers.TestInvoker.invokeMethod(TestInvoker.java:687)
	at org.testng.internal.invokers.TestInvoker.invokeTestMethod(TestInvoker.java:230)
	at org.testng.internal.invokers.MethodRunner.runInSequence(MethodRunner.java:63)
	at org.testng.internal.invokers.TestInvoker$MethodInvocationAgent.invoke(TestInvoker.java:995)
	at org.testng.internal.invokers.TestInvoker.invokeTestMethods(TestInvoker.java:203)
	at org.testng.internal.invokers.TestMethodWorker.invokeTestMethods(TestMethodWorker.java:154)
	at org.testng.internal.invokers.TestMethodWorker.run(TestMethodWorker.java:134)
	at java.base/java.util.ArrayList.forEach(ArrayList.java:1596)
	at org.testng.TestRunner.privateRun(TestRunner.java:741)
	at org.testng.TestRunner.run(TestRunner.java:616)
	at org.testng.SuiteRunner.runTest(SuiteRunner.java:421)
	at org.testng.SuiteRunner.runSequentially(SuiteRunner.java:413)
	at org.testng.SuiteRunner.privateRun(SuiteRunner.java:373)
	at org.testng.SuiteRunner.run(SuiteRunner.java:312)
	at org.testng.SuiteRunnerWorker.runSuite(SuiteRunnerWorker.java:52)
	at org.testng.SuiteRunnerWorker.run(SuiteRunnerWorker.java:95)
	at org.testng.TestNG.runSuitesSequentially(TestNG.java:1274)
	at org.testng.TestNG.runSuitesLocally(TestNG.java:1208)
	at org.testng.TestNG.runSuites(TestNG.java:1112)
	at org.testng.TestNG.run(TestNG.java:1079)
	at org.testng.remote.AbstractRemoteTestNG.run(AbstractRemoteTestNG.java:115)
	at org.testng.remote.RemoteTestNG.initAndRun(RemoteTestNG.java:293)
	at org.testng.remote.RemoteTestNG.main(RemoteTestNG.java:91)
2026-08-18 16:03:27 [main] INFO  utils.LoggerUtil - Starting test case execution: Log_002
2026-08-18 16:03:37 [main] INFO  utils.LoggerUtil - [PASS] Test Case Log_002 completed successfully.
2026-08-18 16:03:40 [main] INFO  utils.LoggerUtil - Starting test case execution: Log_003
2026-08-18 16:03:49 [main] INFO  utils.LoggerUtil - [PASS] Test Case Log_003 completed successfully.
2026-08-18 16:03:53 [main] INFO  utils.LoggerUtil - Starting test case execution: Log_004
2026-08-18 16:04:12 [main] INFO  utils.LoggerUtil - [PASS] Test Case Log_004 completed successfully.
2026-08-18 16:05:35 [main] INFO  utils.LoggerUtil - Starting test case execution: Log_001
2026-08-18 16:05:40 [main] ERROR utils.LoggerUtil - expected [Invalid email address1] but found [Invalid email address]
java.lang.AssertionError: expected [Invalid email address1] but found [Invalid email address]
	at org.testng.Assert.fail(Assert.java:111)
	at org.testng.Assert.failNotEquals(Assert.java:1590)
	at org.testng.Assert.assertEqualsImpl(Assert.java:150)
	at org.testng.Assert.assertEquals(Assert.java:132)
	at org.testng.Assert.assertEquals(Assert.java:656)
	at org.testng.Assert.assertEquals(Assert.java:666)
	at tests.LoginTest.Log_001_VerifyInvalidUsername(LoginTest.java:46)
	at java.base/jdk.internal.reflect.DirectMethodHandleAccessor.invoke(DirectMethodHandleAccessor.java:103)
	at java.base/java.lang.reflect.Method.invoke(Method.java:580)
	at org.testng.internal.invokers.MethodInvocationHelper.invokeMethod(MethodInvocationHelper.java:141)
	at org.testng.internal.invokers.TestInvoker.invokeMethod(TestInvoker.java:687)
	at org.testng.internal.invokers.TestInvoker.invokeTestMethod(TestInvoker.java:230)
	at org.testng.internal.invokers.MethodRunner.runInSequence(MethodRunner.java:63)
	at org.testng.internal.invokers.TestInvoker$MethodInvocationAgent.invoke(TestInvoker.java:995)
	at org.testng.internal.invokers.TestInvoker.invokeTestMethods(TestInvoker.java:203)
	at org.testng.internal.invokers.TestMethodWorker.invokeTestMethods(TestMethodWorker.java:154)
	at org.testng.internal.invokers.TestMethodWorker.run(TestMethodWorker.java:134)
	at java.base/java.util.ArrayList.forEach(ArrayList.java:1596)
	at org.testng.TestRunner.privateRun(TestRunner.java:741)
	at org.testng.TestRunner.run(TestRunner.java:616)
	at org.testng.SuiteRunner.runTest(SuiteRunner.java:421)
	at org.testng.SuiteRunner.runSequentially(SuiteRunner.java:413)
	at org.testng.SuiteRunner.privateRun(SuiteRunner.java:373)
	at org.testng.SuiteRunner.run(SuiteRunner.java:312)
	at org.testng.SuiteRunnerWorker.runSuite(SuiteRunnerWorker.java:52)
	at org.testng.SuiteRunnerWorker.run(SuiteRunnerWorker.java:95)
	at org.testng.TestNG.runSuitesSequentially(TestNG.java:1274)
	at org.testng.TestNG.runSuitesLocally(TestNG.java:1208)
	at org.testng.TestNG.runSuites(TestNG.java:1112)
	at org.testng.TestNG.run(TestNG.java:1079)
	at org.testng.remote.AbstractRemoteTestNG.run(AbstractRemoteTestNG.java:115)
	at org.testng.remote.RemoteTestNG.initAndRun(RemoteTestNG.java:293)
	at org.testng.remote.RemoteTestNG.main(RemoteTestNG.java:91)
2026-08-18 16:05:47 [main] INFO  utils.LoggerUtil - Starting test case execution: Log_002
2026-08-18 16:05:56 [main] INFO  utils.LoggerUtil - [PASS] Test Case Log_002 completed successfully.
2026-08-18 16:06:00 [main] INFO  utils.LoggerUtil - Starting test case execution: Log_003
2026-08-18 16:06:07 [main] INFO  utils.LoggerUtil - [PASS] Test Case Log_003 completed successfully.
2026-08-18 16:06:10 [main] INFO  utils.LoggerUtil - Starting test case execution: Log_004
2026-08-18 16:06:19 [main] INFO  utils.LoggerUtil - [PASS] Test Case Log_004 completed successfully.
2026-08-18 16:50:19 [main] INFO  utils.LoggerUtil - Starting test case execution: Log_001
2026-08-18 16:50:25 [main] ERROR utils.LoggerUtil - expected [Invalid email address1] but found [Invalid email address]
java.lang.AssertionError: expected [Invalid email address1] but found [Invalid email address]
	at org.testng.Assert.fail(Assert.java:111)
	at org.testng.Assert.failNotEquals(Assert.java:1590)
	at org.testng.Assert.assertEqualsImpl(Assert.java:150)
	at org.testng.Assert.assertEquals(Assert.java:132)
	at org.testng.Assert.assertEquals(Assert.java:656)
	at org.testng.Assert.assertEquals(Assert.java:666)
	at tests.LoginTest.Log_001_VerifyInvalidUsername(LoginTest.java:46)
	at java.base/jdk.internal.reflect.DirectMethodHandleAccessor.invoke(DirectMethodHandleAccessor.java:103)
	at java.base/java.lang.reflect.Method.invoke(Method.java:580)
	at org.testng.internal.invokers.MethodInvocationHelper.invokeMethod(MethodInvocationHelper.java:141)
	at org.testng.internal.invokers.TestInvoker.invokeMethod(TestInvoker.java:687)
	at org.testng.internal.invokers.TestInvoker.invokeTestMethod(TestInvoker.java:230)
	at org.testng.internal.invokers.MethodRunner.runInSequence(MethodRunner.java:63)
	at org.testng.internal.invokers.TestInvoker$MethodInvocationAgent.invoke(TestInvoker.java:995)
	at org.testng.internal.invokers.TestInvoker.invokeTestMethods(TestInvoker.java:203)
	at org.testng.internal.invokers.TestMethodWorker.invokeTestMethods(TestMethodWorker.java:154)
	at org.testng.internal.invokers.TestMethodWorker.run(TestMethodWorker.java:134)
	at java.base/java.util.ArrayList.forEach(ArrayList.java:1596)
	at org.testng.TestRunner.privateRun(TestRunner.java:741)
	at org.testng.TestRunner.run(TestRunner.java:616)
	at org.testng.SuiteRunner.runTest(SuiteRunner.java:421)
	at org.testng.SuiteRunner.runSequentially(SuiteRunner.java:413)
	at org.testng.SuiteRunner.privateRun(SuiteRunner.java:373)
	at org.testng.SuiteRunner.run(SuiteRunner.java:312)
	at org.testng.SuiteRunnerWorker.runSuite(SuiteRunnerWorker.java:52)
	at org.testng.SuiteRunnerWorker.run(SuiteRunnerWorker.java:95)
	at org.testng.TestNG.runSuitesSequentially(TestNG.java:1274)
	at org.testng.TestNG.runSuitesLocally(TestNG.java:1208)
	at org.testng.TestNG.runSuites(TestNG.java:1112)
	at org.testng.TestNG.run(TestNG.java:1079)
	at org.testng.remote.AbstractRemoteTestNG.run(AbstractRemoteTestNG.java:115)
	at org.testng.remote.RemoteTestNG.initAndRun(RemoteTestNG.java:293)
	at org.testng.remote.RemoteTestNG.main(RemoteTestNG.java:91)
2026-08-18 16:50:34 [main] INFO  utils.LoggerUtil - Starting test case execution: Log_002
2026-08-18 16:50:52 [main] INFO  utils.LoggerUtil - Starting test case execution: Log_003
2026-08-18 16:51:05 [main] INFO  utils.LoggerUtil - Starting test case execution: Log_004
2026-08-18 16:51:20 [main] INFO  utils.LoggerUtil - Starting test case execution: Log_005
2026-08-18 17:07:55 [main] INFO  utils.LoggerUtil - Starting test case execution: Log_001
2026-08-18 17:07:59 [main] ERROR utils.LoggerUtil - expected [Invalid email address1] but found [Invalid email address]
java.lang.AssertionError: expected [Invalid email address1] but found [Invalid email address]
	at org.testng.Assert.fail(Assert.java:111)
	at org.testng.Assert.failNotEquals(Assert.java:1590)
	at org.testng.Assert.assertEqualsImpl(Assert.java:150)
	at org.testng.Assert.assertEquals(Assert.java:132)
	at org.testng.Assert.assertEquals(Assert.java:656)
	at org.testng.Assert.assertEquals(Assert.java:666)
	at tests.LoginTest.Log_001_VerifyInvalidUsername(LoginTest.java:46)
	at java.base/jdk.internal.reflect.DirectMethodHandleAccessor.invoke(DirectMethodHandleAccessor.java:103)
	at java.base/java.lang.reflect.Method.invoke(Method.java:580)
	at org.testng.internal.invokers.MethodInvocationHelper.invokeMethod(MethodInvocationHelper.java:141)
	at org.testng.internal.invokers.TestInvoker.invokeMethod(TestInvoker.java:687)
	at org.testng.internal.invokers.TestInvoker.invokeTestMethod(TestInvoker.java:230)
	at org.testng.internal.invokers.MethodRunner.runInSequence(MethodRunner.java:63)
	at org.testng.internal.invokers.TestInvoker$MethodInvocationAgent.invoke(TestInvoker.java:995)
	at org.testng.internal.invokers.TestInvoker.invokeTestMethods(TestInvoker.java:203)
	at org.testng.internal.invokers.TestMethodWorker.invokeTestMethods(TestMethodWorker.java:154)
	at org.testng.internal.invokers.TestMethodWorker.run(TestMethodWorker.java:134)
	at java.base/java.util.ArrayList.forEach(ArrayList.java:1596)
	at org.testng.TestRunner.privateRun(TestRunner.java:741)
	at org.testng.TestRunner.run(TestRunner.java:616)
	at org.testng.SuiteRunner.runTest(SuiteRunner.java:421)
	at org.testng.SuiteRunner.runSequentially(SuiteRunner.java:413)
	at org.testng.SuiteRunner.privateRun(SuiteRunner.java:373)
	at org.testng.SuiteRunner.run(SuiteRunner.java:312)
	at org.testng.SuiteRunnerWorker.runSuite(SuiteRunnerWorker.java:52)
	at org.testng.SuiteRunnerWorker.run(SuiteRunnerWorker.java:95)
	at org.testng.TestNG.runSuitesSequentially(TestNG.java:1274)
	at org.testng.TestNG.runSuitesLocally(TestNG.java:1208)
	at org.testng.TestNG.runSuites(TestNG.java:1112)
	at org.testng.TestNG.run(TestNG.java:1079)
	at org.testng.remote.AbstractRemoteTestNG.run(AbstractRemoteTestNG.java:115)
	at org.testng.remote.RemoteTestNG.initAndRun(RemoteTestNG.java:293)
	at org.testng.remote.RemoteTestNG.main(RemoteTestNG.java:91)
2026-08-18 17:08:07 [main] INFO  utils.LoggerUtil - Starting test case execution: Log_002
2026-08-18 17:08:21 [main] INFO  utils.LoggerUtil - Starting test case execution: Log_003
2026-08-18 17:08:32 [main] INFO  utils.LoggerUtil - Starting test case execution: Log_004
2026-08-18 17:08:44 [main] INFO  utils.LoggerUtil - Starting test case execution: Log_005
2026-08-18 17:13:09 [main] INFO  utils.LoggerUtil - Starting test case execution: Log_001
2026-08-18 17:13:15 [main] ERROR utils.LoggerUtil - expected [Invalid email address1] but found [Invalid email address]
java.lang.AssertionError: expected [Invalid email address1] but found [Invalid email address]
	at org.testng.Assert.fail(Assert.java:111)
	at org.testng.Assert.failNotEquals(Assert.java:1590)
	at org.testng.Assert.assertEqualsImpl(Assert.java:150)
	at org.testng.Assert.assertEquals(Assert.java:132)
	at org.testng.Assert.assertEquals(Assert.java:656)
	at org.testng.Assert.assertEquals(Assert.java:666)
	at tests.LoginTest.Log_001_VerifyInvalidUsername(LoginTest.java:46)
	at java.base/jdk.internal.reflect.DirectMethodHandleAccessor.invoke(DirectMethodHandleAccessor.java:103)
	at java.base/java.lang.reflect.Method.invoke(Method.java:580)
	at org.testng.internal.invokers.MethodInvocationHelper.invokeMethod(MethodInvocationHelper.java:141)
	at org.testng.internal.invokers.TestInvoker.invokeMethod(TestInvoker.java:687)
	at org.testng.internal.invokers.TestInvoker.invokeTestMethod(TestInvoker.java:230)
	at org.testng.internal.invokers.MethodRunner.runInSequence(MethodRunner.java:63)
	at org.testng.internal.invokers.TestInvoker$MethodInvocationAgent.invoke(TestInvoker.java:995)
	at org.testng.internal.invokers.TestInvoker.invokeTestMethods(TestInvoker.java:203)
	at org.testng.internal.invokers.TestMethodWorker.invokeTestMethods(TestMethodWorker.java:154)
	at org.testng.internal.invokers.TestMethodWorker.run(TestMethodWorker.java:134)
	at java.base/java.util.ArrayList.forEach(ArrayList.java:1596)
	at org.testng.TestRunner.privateRun(TestRunner.java:741)
	at org.testng.TestRunner.run(TestRunner.java:616)
	at org.testng.SuiteRunner.runTest(SuiteRunner.java:421)
	at org.testng.SuiteRunner.runSequentially(SuiteRunner.java:413)
	at org.testng.SuiteRunner.privateRun(SuiteRunner.java:373)
	at org.testng.SuiteRunner.run(SuiteRunner.java:312)
	at org.testng.SuiteRunnerWorker.runSuite(SuiteRunnerWorker.java:52)
	at org.testng.SuiteRunnerWorker.run(SuiteRunnerWorker.java:95)
	at org.testng.TestNG.runSuitesSequentially(TestNG.java:1274)
	at org.testng.TestNG.runSuitesLocally(TestNG.java:1208)
	at org.testng.TestNG.runSuites(TestNG.java:1112)
	at org.testng.TestNG.run(TestNG.java:1079)
	at org.testng.remote.AbstractRemoteTestNG.run(AbstractRemoteTestNG.java:115)
	at org.testng.remote.RemoteTestNG.initAndRun(RemoteTestNG.java:293)
	at org.testng.remote.RemoteTestNG.main(RemoteTestNG.java:91)
2026-08-18 17:13:19 [main] INFO  utils.LoggerUtil - Starting test case execution: Log_002
2026-08-18 17:13:30 [main] ERROR utils.LoggerUtil - expected [Your password is incorrect1] but found [Your password is incorrect]
java.lang.AssertionError: expected [Your password is incorrect1] but found [Your password is incorrect]
	at org.testng.Assert.fail(Assert.java:111)
	at org.testng.Assert.failNotEquals(Assert.java:1590)
	at org.testng.Assert.assertEqualsImpl(Assert.java:150)
	at org.testng.Assert.assertEquals(Assert.java:132)
	at org.testng.Assert.assertEquals(Assert.java:656)
	at org.testng.Assert.assertEquals(Assert.java:666)
	at tests.LoginTest.Log_002_VerifyInvalidPassword(LoginTest.java:70)
	at java.base/jdk.internal.reflect.DirectMethodHandleAccessor.invoke(DirectMethodHandleAccessor.java:103)
	at java.base/java.lang.reflect.Method.invoke(Method.java:580)
	at org.testng.internal.invokers.MethodInvocationHelper.invokeMethod(MethodInvocationHelper.java:141)
	at org.testng.internal.invokers.TestInvoker.invokeMethod(TestInvoker.java:687)
	at org.testng.internal.invokers.TestInvoker.invokeTestMethod(TestInvoker.java:230)
	at org.testng.internal.invokers.MethodRunner.runInSequence(MethodRunner.java:63)
	at org.testng.internal.invokers.TestInvoker$MethodInvocationAgent.invoke(TestInvoker.java:995)
	at org.testng.internal.invokers.TestInvoker.invokeTestMethods(TestInvoker.java:203)
	at org.testng.internal.invokers.TestMethodWorker.invokeTestMethods(TestMethodWorker.java:154)
	at org.testng.internal.invokers.TestMethodWorker.run(TestMethodWorker.java:134)
	at java.base/java.util.ArrayList.forEach(ArrayList.java:1596)
	at org.testng.TestRunner.privateRun(TestRunner.java:741)
	at org.testng.TestRunner.run(TestRunner.java:616)
	at org.testng.SuiteRunner.runTest(SuiteRunner.java:421)
	at org.testng.SuiteRunner.runSequentially(SuiteRunner.java:413)
	at org.testng.SuiteRunner.privateRun(SuiteRunner.java:373)
	at org.testng.SuiteRunner.run(SuiteRunner.java:312)
	at org.testng.SuiteRunnerWorker.runSuite(SuiteRunnerWorker.java:52)
	at org.testng.SuiteRunnerWorker.run(SuiteRunnerWorker.java:95)
	at org.testng.TestNG.runSuitesSequentially(TestNG.java:1274)
	at org.testng.TestNG.runSuitesLocally(TestNG.java:1208)
	at org.testng.TestNG.runSuites(TestNG.java:1112)
	at org.testng.TestNG.run(TestNG.java:1079)
	at org.testng.remote.AbstractRemoteTestNG.run(AbstractRemoteTestNG.java:115)
	at org.testng.remote.RemoteTestNG.initAndRun(RemoteTestNG.java:293)
	at org.testng.remote.RemoteTestNG.main(RemoteTestNG.java:91)
2026-08-18 17:13:34 [main] INFO  utils.LoggerUtil - Starting test case execution: Log_003
2026-08-18 17:13:41 [main] ERROR utils.LoggerUtil - expected [Enter your mobile number or email1] but found [Enter your mobile number or email]
java.lang.AssertionError: expected [Enter your mobile number or email1] but found [Enter your mobile number or email]
	at org.testng.Assert.fail(Assert.java:111)
	at org.testng.Assert.failNotEquals(Assert.java:1590)
	at org.testng.Assert.assertEqualsImpl(Assert.java:150)
	at org.testng.Assert.assertEquals(Assert.java:132)
	at org.testng.Assert.assertEquals(Assert.java:656)
	at org.testng.Assert.assertEquals(Assert.java:666)
	at tests.LoginTest.Log_003_VerifyInvalidPassword(LoginTest.java:91)
	at java.base/jdk.internal.reflect.DirectMethodHandleAccessor.invoke(DirectMethodHandleAccessor.java:103)
	at java.base/java.lang.reflect.Method.invoke(Method.java:580)
	at org.testng.internal.invokers.MethodInvocationHelper.invokeMethod(MethodInvocationHelper.java:141)
	at org.testng.internal.invokers.TestInvoker.invokeMethod(TestInvoker.java:687)
	at org.testng.internal.invokers.TestInvoker.invokeTestMethod(TestInvoker.java:230)
	at org.testng.internal.invokers.MethodRunner.runInSequence(MethodRunner.java:63)
	at org.testng.internal.invokers.TestInvoker$MethodInvocationAgent.invoke(TestInvoker.java:995)
	at org.testng.internal.invokers.TestInvoker.invokeTestMethods(TestInvoker.java:203)
	at org.testng.internal.invokers.TestMethodWorker.invokeTestMethods(TestMethodWorker.java:154)
	at org.testng.internal.invokers.TestMethodWorker.run(TestMethodWorker.java:134)
	at java.base/java.util.ArrayList.forEach(ArrayList.java:1596)
	at org.testng.TestRunner.privateRun(TestRunner.java:741)
	at org.testng.TestRunner.run(TestRunner.java:616)
	at org.testng.SuiteRunner.runTest(SuiteRunner.java:421)
	at org.testng.SuiteRunner.runSequentially(SuiteRunner.java:413)
	at org.testng.SuiteRunner.privateRun(SuiteRunner.java:373)
	at org.testng.SuiteRunner.run(SuiteRunner.java:312)
	at org.testng.SuiteRunnerWorker.runSuite(SuiteRunnerWorker.java:52)
	at org.testng.SuiteRunnerWorker.run(SuiteRunnerWorker.java:95)
	at org.testng.TestNG.runSuitesSequentially(TestNG.java:1274)
	at org.testng.TestNG.runSuitesLocally(TestNG.java:1208)
	at org.testng.TestNG.runSuites(TestNG.java:1112)
	at org.testng.TestNG.run(TestNG.java:1079)
	at org.testng.remote.AbstractRemoteTestNG.run(AbstractRemoteTestNG.java:115)
	at org.testng.remote.RemoteTestNG.initAndRun(RemoteTestNG.java:293)
	at org.testng.remote.RemoteTestNG.main(RemoteTestNG.java:91)
2026-08-18 17:13:45 [main] INFO  utils.LoggerUtil - Starting test case execution: Log_004
2026-08-18 17:13:55 [main] ERROR utils.LoggerUtil - expected [Enter your password1] but found [Enter your password]
java.lang.AssertionError: expected [Enter your password1] but found [Enter your password]
	at org.testng.Assert.fail(Assert.java:111)
	at org.testng.Assert.failNotEquals(Assert.java:1590)
	at org.testng.Assert.assertEqualsImpl(Assert.java:150)
	at org.testng.Assert.assertEquals(Assert.java:132)
	at org.testng.Assert.assertEquals(Assert.java:656)
	at org.testng.Assert.assertEquals(Assert.java:666)
	at tests.LoginTest.Log_004_VerifyInvalidPassword(LoginTest.java:116)
	at java.base/jdk.internal.reflect.DirectMethodHandleAccessor.invoke(DirectMethodHandleAccessor.java:103)
	at java.base/java.lang.reflect.Method.invoke(Method.java:580)
	at org.testng.internal.invokers.MethodInvocationHelper.invokeMethod(MethodInvocationHelper.java:141)
	at org.testng.internal.invokers.TestInvoker.invokeMethod(TestInvoker.java:687)
	at org.testng.internal.invokers.TestInvoker.invokeTestMethod(TestInvoker.java:230)
	at org.testng.internal.invokers.MethodRunner.runInSequence(MethodRunner.java:63)
	at org.testng.internal.invokers.TestInvoker$MethodInvocationAgent.invoke(TestInvoker.java:995)
	at org.testng.internal.invokers.TestInvoker.invokeTestMethods(TestInvoker.java:203)
	at org.testng.internal.invokers.TestMethodWorker.invokeTestMethods(TestMethodWorker.java:154)
	at org.testng.internal.invokers.TestMethodWorker.run(TestMethodWorker.java:134)
	at java.base/java.util.ArrayList.forEach(ArrayList.java:1596)
	at org.testng.TestRunner.privateRun(TestRunner.java:741)
	at org.testng.TestRunner.run(TestRunner.java:616)
	at org.testng.SuiteRunner.runTest(SuiteRunner.java:421)
	at org.testng.SuiteRunner.runSequentially(SuiteRunner.java:413)
	at org.testng.SuiteRunner.privateRun(SuiteRunner.java:373)
	at org.testng.SuiteRunner.run(SuiteRunner.java:312)
	at org.testng.SuiteRunnerWorker.runSuite(SuiteRunnerWorker.java:52)
	at org.testng.SuiteRunnerWorker.run(SuiteRunnerWorker.java:95)
	at org.testng.TestNG.runSuitesSequentially(TestNG.java:1274)
	at org.testng.TestNG.runSuitesLocally(TestNG.java:1208)
	at org.testng.TestNG.runSuites(TestNG.java:1112)
	at org.testng.TestNG.run(TestNG.java:1079)
	at org.testng.remote.AbstractRemoteTestNG.run(AbstractRemoteTestNG.java:115)
	at org.testng.remote.RemoteTestNG.initAndRun(RemoteTestNG.java:293)
	at org.testng.remote.RemoteTestNG.main(RemoteTestNG.java:91)
2026-08-18 17:13:58 [main] INFO  utils.LoggerUtil - Starting test case execution: Log_005
2026-08-18 17:14:11 [main] ERROR utils.LoggerUtil - expected [Online Shopping site in India: Shop Online for Mobiles, Books, Watches, Shoes and More - Amazon.in1] but found [Online Shopping site in India: Shop Online for Mobiles, Books, Watches, Shoes and More - Amazon.in]
java.lang.AssertionError: expected [Online Shopping site in India: Shop Online for Mobiles, Books, Watches, Shoes and More - Amazon.in1] but found [Online Shopping site in India: Shop Online for Mobiles, Books, Watches, Shoes and More - Amazon.in]
	at org.testng.Assert.fail(Assert.java:111)
	at org.testng.Assert.failNotEquals(Assert.java:1590)
	at org.testng.Assert.assertEqualsImpl(Assert.java:150)
	at org.testng.Assert.assertEquals(Assert.java:132)
	at org.testng.Assert.assertEquals(Assert.java:656)
	at org.testng.Assert.assertEquals(Assert.java:666)
	at tests.LoginTest.Log_005_VerifyValidLogin(LoginTest.java:141)
	at java.base/jdk.internal.reflect.DirectMethodHandleAccessor.invoke(DirectMethodHandleAccessor.java:103)
	at java.base/java.lang.reflect.Method.invoke(Method.java:580)
	at org.testng.internal.invokers.MethodInvocationHelper.invokeMethod(MethodInvocationHelper.java:141)
	at org.testng.internal.invokers.TestInvoker.invokeMethod(TestInvoker.java:687)
	at org.testng.internal.invokers.TestInvoker.invokeTestMethod(TestInvoker.java:230)
	at org.testng.internal.invokers.MethodRunner.runInSequence(MethodRunner.java:63)
	at org.testng.internal.invokers.TestInvoker$MethodInvocationAgent.invoke(TestInvoker.java:995)
	at org.testng.internal.invokers.TestInvoker.invokeTestMethods(TestInvoker.java:203)
	at org.testng.internal.invokers.TestMethodWorker.invokeTestMethods(TestMethodWorker.java:154)
	at org.testng.internal.invokers.TestMethodWorker.run(TestMethodWorker.java:134)
	at java.base/java.util.ArrayList.forEach(ArrayList.java:1596)
	at org.testng.TestRunner.privateRun(TestRunner.java:741)
	at org.testng.TestRunner.run(TestRunner.java:616)
	at org.testng.SuiteRunner.runTest(SuiteRunner.java:421)
	at org.testng.SuiteRunner.runSequentially(SuiteRunner.java:413)
	at org.testng.SuiteRunner.privateRun(SuiteRunner.java:373)
	at org.testng.SuiteRunner.run(SuiteRunner.java:312)
	at org.testng.SuiteRunnerWorker.runSuite(SuiteRunnerWorker.java:52)
	at org.testng.SuiteRunnerWorker.run(SuiteRunnerWorker.java:95)
	at org.testng.TestNG.runSuitesSequentially(TestNG.java:1274)
	at org.testng.TestNG.runSuitesLocally(TestNG.java:1208)
	at org.testng.TestNG.runSuites(TestNG.java:1112)
	at org.testng.TestNG.run(TestNG.java:1079)
	at org.testng.remote.AbstractRemoteTestNG.run(AbstractRemoteTestNG.java:115)
	at org.testng.remote.RemoteTestNG.initAndRun(RemoteTestNG.java:293)
	at org.testng.remote.RemoteTestNG.main(RemoteTestNG.java:91)
2026-08-18 17:15:52 [main] INFO  utils.LoggerUtil - Starting test case execution: Log_001
2026-08-18 17:16:16 [main] INFO  utils.LoggerUtil - Starting test case execution: Log_002
2026-08-18 17:16:26 [main] INFO  utils.LoggerUtil - [PASS] Test Case Log_002 completed successfully.
2026-08-18 17:16:29 [main] INFO  utils.LoggerUtil - Starting test case execution: Log_003
2026-08-18 17:16:52 [main] INFO  utils.LoggerUtil - Starting test case execution: Log_004
2026-08-18 17:17:01 [main] INFO  utils.LoggerUtil - [PASS] Test Case Log_004 completed successfully.
2026-08-18 17:20:49 [main] INFO  utils.LoggerUtil - Starting test case execution: Log_001
2026-08-18 17:20:54 [main] INFO  utils.LoggerUtil - [PASS] Test Case Log_001 completed successfully.
2026-08-18 17:20:57 [main] INFO  utils.LoggerUtil - Starting test case execution: Log_002
2026-08-18 17:21:12 [main] INFO  utils.LoggerUtil - [PASS] Test Case Log_002 completed successfully.
2026-08-18 17:21:16 [main] INFO  utils.LoggerUtil - Starting test case execution: Log_003
2026-08-18 17:21:29 [main] INFO  utils.LoggerUtil - [PASS] Test Case Log_003 completed successfully.
2026-08-18 17:21:34 [main] INFO  utils.LoggerUtil - Starting test case execution: Log_004
2026-08-18 17:26:50 [main] INFO  utils.LoggerUtil - Starting test case execution: Log_001
2026-08-18 17:26:57 [main] INFO  utils.LoggerUtil - [PASS] Test Case Log_001 completed successfully.
2026-08-18 17:27:01 [main] INFO  utils.LoggerUtil - Starting test case execution: Log_002
2026-08-18 17:27:10 [main] INFO  utils.LoggerUtil - [PASS] Test Case Log_002 completed successfully.
2026-08-18 17:27:14 [main] INFO  utils.LoggerUtil - Starting test case execution: Log_003
2026-08-18 17:27:21 [main] INFO  utils.LoggerUtil - [PASS] Test Case Log_003 completed successfully.
2026-08-18 17:27:24 [main] INFO  utils.LoggerUtil - Starting test case execution: Log_004
2026-08-18 17:27:35 [main] INFO  utils.LoggerUtil - [PASS] Test Case Log_004 completed successfully.
2026-08-18 17:27:40 [main] INFO  utils.LoggerUtil - Starting test case execution: Log_005
2026-08-18 17:27:57 [main] INFO  utils.LoggerUtil - [PASS] Test Case Log_005 completed successfully.
2026-08-18 17:33:09 [main] INFO  utils.LoggerUtil - Starting test case execution: Log_005
2026-08-18 17:33:12 [main] INFO  utils.LoggerUtil - [PASS] AccountListArrow Icon Clicked.
2026-08-18 17:33:13 [main] INFO  utils.LoggerUtil - [PASS] SignIn Button Clicked.
2026-08-18 17:33:14 [main] INFO  utils.LoggerUtil - [PASS] Username entered: vinnarasiv17@gmail.com
2026-08-18 17:33:16 [main] INFO  utils.LoggerUtil - [PASS] Password entered: Joevin
2026-08-18 17:33:23 [main] INFO  utils.LoggerUtil - [PASS] SignInSubmit Button Clicked.
2026-08-18 17:33:24 [main] INFO  utils.LoggerUtil - [PASS] Test Case Log_005 completed successfully.
2026-08-19 17:12:31 [main] INFO  utils.LoggerUtil - Starting test case execution: Log_001
2026-08-19 17:12:55 [main] INFO  utils.LoggerUtil - Starting test case execution: Log_002
2026-08-19 17:13:02 [main] INFO  utils.LoggerUtil - [PASS] AccountListArrow Icon Clicked.
2026-08-19 17:13:02 [main] INFO  utils.LoggerUtil - [PASS] SignIn Button Clicked.
2026-08-19 17:13:06 [main] INFO  utils.LoggerUtil - [PASS] Username entered: vinnarasiv17@gmail.com
2026-08-19 17:13:08 [main] INFO  utils.LoggerUtil - [PASS] The Password entered.
2026-08-19 17:13:09 [main] INFO  utils.LoggerUtil - [PASS] SignInSubmit Button Clicked.
2026-08-19 17:13:10 [main] INFO  utils.LoggerUtil - [PASS] Test Case Log_002 completed successfully.
2026-08-19 17:13:13 [main] INFO  utils.LoggerUtil - Starting test case execution: Log_003
2026-08-19 17:13:18 [main] INFO  utils.LoggerUtil - [PASS] AccountListArrow Icon Clicked.
2026-08-19 17:13:19 [main] INFO  utils.LoggerUtil - [PASS] SignIn Button Clicked.
2026-08-19 17:13:19 [main] INFO  utils.LoggerUtil - [PASS] Username entered: 
2026-08-19 17:13:20 [main] INFO  utils.LoggerUtil - [PASS] Test Case Log_003 completed successfully.
2026-08-19 17:13:23 [main] INFO  utils.LoggerUtil - Starting test case execution: Log_004
2026-08-19 17:13:47 [main] INFO  utils.LoggerUtil - Starting test case execution: Log_005
2026-08-19 17:13:52 [main] INFO  utils.LoggerUtil - [PASS] AccountListArrow Icon Clicked.
2026-08-19 17:13:53 [main] INFO  utils.LoggerUtil - [PASS] SignIn Button Clicked.
2026-08-19 17:13:55 [main] INFO  utils.LoggerUtil - [PASS] Username entered: vinnarasiv17@gmail.com
2026-08-19 17:13:56 [main] INFO  utils.LoggerUtil - [PASS] The Password entered.
2026-08-19 17:14:01 [main] INFO  utils.LoggerUtil - [PASS] SignInSubmit Button Clicked.
2026-08-19 17:14:02 [main] INFO  utils.LoggerUtil - [PASS] Test Case Log_005 completed successfully.
2026-08-19 17:22:49 [main] INFO  utils.LoggerUtil - Starting test case execution: Log_001
2026-08-19 17:22:50 [main] INFO  utils.LoggerUtil - [PASS] AccountListArrow Icon Clicked.
2026-08-19 17:22:52 [main] INFO  utils.LoggerUtil - [PASS] SignIn Button Clicked.
2026-08-19 17:22:54 [main] INFO  utils.LoggerUtil - [PASS] Username entered: invaliduser
2026-08-19 17:22:54 [main] INFO  utils.LoggerUtil - [PASS] Test Case Log_001 completed successfully.
2026-08-19 17:22:59 [main] INFO  utils.LoggerUtil - Starting test case execution: Log_002
2026-08-19 17:23:03 [main] INFO  utils.LoggerUtil - [PASS] AccountListArrow Icon Clicked.
2026-08-19 17:23:04 [main] INFO  utils.LoggerUtil - [PASS] SignIn Button Clicked.
2026-08-19 17:23:06 [main] INFO  utils.LoggerUtil - [PASS] Username entered: vinnarasiv17@gmail.com
2026-08-19 17:23:08 [main] INFO  utils.LoggerUtil - [PASS] The Password entered.
2026-08-19 17:23:09 [main] INFO  utils.LoggerUtil - [PASS] SignInSubmit Button Clicked.
2026-08-19 17:23:09 [main] INFO  utils.LoggerUtil - [PASS] Test Case Log_002 completed successfully.
2026-08-19 17:23:14 [main] INFO  utils.LoggerUtil - Starting test case execution: Log_003
2026-08-19 17:23:17 [main] INFO  utils.LoggerUtil - [PASS] AccountListArrow Icon Clicked.
2026-08-19 17:23:18 [main] INFO  utils.LoggerUtil - [PASS] SignIn Button Clicked.
2026-08-19 17:23:20 [main] INFO  utils.LoggerUtil - [PASS] Username entered: 
2026-08-19 17:23:21 [main] INFO  utils.LoggerUtil - [PASS] Test Case Log_003 completed successfully.
2026-08-19 17:23:24 [main] INFO  utils.LoggerUtil - Starting test case execution: Log_004
2026-08-19 17:23:33 [main] INFO  utils.LoggerUtil - [PASS] AccountListArrow Icon Clicked.
2026-08-19 17:23:33 [main] INFO  utils.LoggerUtil - [PASS] SignIn Button Clicked.
2026-08-19 17:23:35 [main] INFO  utils.LoggerUtil - [PASS] Username entered: vinnarasiv17@gmail.com
2026-08-19 17:23:37 [main] INFO  utils.LoggerUtil - [PASS] The Password entered.
2026-08-19 17:23:37 [main] INFO  utils.LoggerUtil - [PASS] SignInSubmit Button Clicked.
2026-08-19 17:23:37 [main] INFO  utils.LoggerUtil - [PASS] Test Case Log_004 completed successfully.
2026-08-19 17:23:57 [main] INFO  utils.LoggerUtil - Starting test case execution: Log_005
2026-08-19 17:23:58 [main] INFO  utils.LoggerUtil - [PASS] AccountListArrow Icon Clicked.
2026-08-19 17:23:58 [main] INFO  utils.LoggerUtil - [PASS] SignIn Button Clicked.
2026-08-19 17:24:00 [main] INFO  utils.LoggerUtil - [PASS] Username entered: vinnarasiv17@gmail.com
2026-08-19 17:24:04 [main] INFO  utils.LoggerUtil - [PASS] The Password entered.
2026-08-19 17:24:13 [main] INFO  utils.LoggerUtil - [PASS] SignInSubmit Button Clicked.
2026-08-19 17:24:14 [main] INFO  utils.LoggerUtil - [PASS] Test Case Log_005 completed successfully.
2026-08-19 17:30:18 [main] INFO  utils.LoggerUtil - Starting test case execution: Log_001
2026-08-19 17:30:20 [main] INFO  utils.LoggerUtil - [PASS] AccountListArrow Icon Clicked.
2026-08-19 17:30:20 [main] INFO  utils.LoggerUtil - [PASS] SignIn Button Clicked.
2026-08-19 17:30:22 [main] INFO  utils.LoggerUtil - [PASS] Username entered: invaliduser
2026-08-19 17:30:23 [main] INFO  utils.LoggerUtil - [PASS] Test Case Log_001 Invalid username error message displayed successfully.
2026-08-19 17:30:27 [main] INFO  utils.LoggerUtil - Starting test case execution: Log_002
2026-08-19 17:30:52 [main] INFO  utils.LoggerUtil - Starting test case execution: Log_003
2026-08-19 17:30:57 [main] INFO  utils.LoggerUtil - [PASS] AccountListArrow Icon Clicked.
2026-08-19 17:30:57 [main] INFO  utils.LoggerUtil - [PASS] SignIn Button Clicked.
2026-08-19 17:30:59 [main] INFO  utils.LoggerUtil - [PASS] Username entered: 
2026-08-19 17:30:59 [main] INFO  utils.LoggerUtil - [PASS] Test Case Log_003 Enter your mobile number or email Error message displayed successfully.
2026-08-19 17:31:03 [main] INFO  utils.LoggerUtil - Starting test case execution: Log_004
2026-08-19 17:31:09 [main] INFO  utils.LoggerUtil - [PASS] AccountListArrow Icon Clicked.
2026-08-19 17:31:09 [main] INFO  utils.LoggerUtil - [PASS] SignIn Button Clicked.
2026-08-19 17:31:11 [main] INFO  utils.LoggerUtil - [PASS] Username entered: vinnarasiv17@gmail.com
2026-08-19 17:31:14 [main] INFO  utils.LoggerUtil - [PASS] The Password entered.
2026-08-19 17:31:14 [main] INFO  utils.LoggerUtil - [PASS] SignInSubmit Button Clicked.
2026-08-19 17:31:14 [main] INFO  utils.LoggerUtil - [PASS] Test Case Log_004 Enter your password Error message displayed successfully.
2026-08-19 17:31:18 [main] INFO  utils.LoggerUtil - Starting test case execution: Log_005
2026-08-19 17:31:23 [main] INFO  utils.LoggerUtil - [PASS] AccountListArrow Icon Clicked.
2026-08-19 17:31:24 [main] INFO  utils.LoggerUtil - [PASS] SignIn Button Clicked.
2026-08-19 17:31:26 [main] INFO  utils.LoggerUtil - [PASS] Username entered: vinnarasiv17@gmail.com
2026-08-19 17:31:28 [main] INFO  utils.LoggerUtil - [PASS] The Password entered.
2026-08-19 17:31:33 [main] INFO  utils.LoggerUtil - [PASS] SignInSubmit Button Clicked.
2026-08-19 17:31:33 [main] INFO  utils.LoggerUtil - [PASS] Test Case Log_005 User is able to login successfully. Dashboard Title: Online Shopping site in India: Shop Online for Mobiles, Books, Watches, Shoes and More - Amazon.in
2026-08-19 17:32:22 [main] INFO  utils.LoggerUtil - Starting test case execution: Log_001
2026-08-19 17:32:24 [main] INFO  utils.LoggerUtil - [PASS] AccountListArrow Icon Clicked.
2026-08-19 17:32:31 [main] INFO  utils.LoggerUtil - Starting test case execution: Log_002
2026-08-19 17:32:39 [main] INFO  utils.LoggerUtil - [PASS] AccountListArrow Icon Clicked.
2026-08-19 17:32:39 [main] INFO  utils.LoggerUtil - [PASS] SignIn Button Clicked.
2026-08-19 17:32:41 [main] INFO  utils.LoggerUtil - [PASS] Username entered: vinnarasiv17@gmail.com
2026-08-19 17:32:44 [main] INFO  utils.LoggerUtil - [PASS] The Password entered.
2026-08-19 17:32:46 [main] INFO  utils.LoggerUtil - [PASS] SignInSubmit Button Clicked.
2026-08-19 17:32:46 [main] INFO  utils.LoggerUtil - [PASS] Test Case Log_002 Invalid username error message displayed successfully.
2026-08-19 17:32:50 [main] INFO  utils.LoggerUtil - Starting test case execution: Log_003
2026-08-19 17:39:11 [main] INFO  utils.LoggerUtil - Starting test case execution: Log_001
2026-08-19 17:39:15 [main] INFO  utils.LoggerUtil - [PASS] AccountListArrow Icon Clicked.
2026-08-19 17:39:15 [main] INFO  utils.LoggerUtil - [PASS] SignIn Button Clicked.
2026-08-19 17:39:17 [main] INFO  utils.LoggerUtil - [PASS] Username entered: invaliduser
2026-08-19 17:39:17 [main] INFO  utils.LoggerUtil - [PASS] Test Case Log_001 Invalid username error message displayed successfully.
2026-08-19 17:39:26 [main] INFO  utils.LoggerUtil - Starting test case execution: Log_002
2026-08-19 17:39:32 [main] INFO  utils.LoggerUtil - [PASS] AccountListArrow Icon Clicked.
2026-08-19 17:39:32 [main] INFO  utils.LoggerUtil - [PASS] SignIn Button Clicked.
2026-08-19 17:39:34 [main] INFO  utils.LoggerUtil - [PASS] Username entered: vinnarasiv17@gmail.com
2026-08-19 17:39:37 [main] INFO  utils.LoggerUtil - [PASS] The Password entered.
2026-08-19 17:39:38 [main] INFO  utils.LoggerUtil - [PASS] SignInSubmit Button Clicked.
2026-08-19 17:39:38 [main] INFO  utils.LoggerUtil - [PASS] Test Case Log_002 Invalid username error message displayed successfully.
2026-08-19 17:39:42 [main] INFO  utils.LoggerUtil - Starting test case execution: Log_003
2026-08-19 17:39:48 [main] INFO  utils.LoggerUtil - [PASS] AccountListArrow Icon Clicked.
2026-08-19 17:39:48 [main] INFO  utils.LoggerUtil - [PASS] SignIn Button Clicked.
2026-08-19 17:39:52 [main] INFO  utils.LoggerUtil - [PASS] Username entered: 
2026-08-19 17:39:52 [main] INFO  utils.LoggerUtil - [PASS] Test Case Log_003 Enter your mobile number or email Error message displayed successfully.
2026-08-19 17:39:57 [main] INFO  utils.LoggerUtil - Starting test case execution: Log_004
2026-08-19 17:40:03 [main] INFO  utils.LoggerUtil - [PASS] AccountListArrow Icon Clicked.
2026-08-19 17:40:04 [main] INFO  utils.LoggerUtil - [PASS] SignIn Button Clicked.
2026-08-19 17:40:06 [main] INFO  utils.LoggerUtil - [PASS] Username entered: vinnarasiv17@gmail.com
2026-08-19 17:40:08 [main] INFO  utils.LoggerUtil - [PASS] The Password entered.
2026-08-19 17:40:08 [main] INFO  utils.LoggerUtil - [PASS] SignInSubmit Button Clicked.
2026-08-19 17:40:08 [main] INFO  utils.LoggerUtil - [PASS] Test Case Log_004 Enter your password Error message displayed successfully.
2026-08-19 17:40:13 [main] INFO  utils.LoggerUtil - Starting test case execution: Log_005
2026-08-19 17:40:23 [main] INFO  utils.LoggerUtil - [PASS] AccountListArrow Icon Clicked.
2026-08-19 17:40:23 [main] INFO  utils.LoggerUtil - [PASS] SignIn Button Clicked.
2026-08-19 17:40:26 [main] INFO  utils.LoggerUtil - [PASS] Username entered: vinnarasiv17@gmail.com
2026-08-19 17:40:29 [main] INFO  utils.LoggerUtil - [PASS] The Password entered.
2026-08-19 17:40:38 [main] INFO  utils.LoggerUtil - [PASS] SignInSubmit Button Clicked.
2026-08-19 17:40:38 [main] INFO  utils.LoggerUtil - [PASS] Test Case Log_005 User is able to login successfully. Dashboard Title: Online Shopping site in India: Shop Online for Mobiles, Books, Watches, Shoes and More - Amazon.in
2026-08-19 17:44:41 [main] INFO  utils.LoggerUtil - Starting test case execution: Log_001
2026-08-19 17:44:50 [main] INFO  utils.LoggerUtil - [PASS] AccountListArrow Icon Clicked.
2026-08-19 17:44:50 [main] INFO  utils.LoggerUtil - [PASS] SignIn Button Clicked.
2026-08-19 17:44:52 [main] INFO  utils.LoggerUtil - [PASS] Username entered: invaliduser
2026-08-19 17:44:53 [main] INFO  utils.LoggerUtil - [PASS] Test Case Log_001 Invalid username error message displayed successfully.
2026-08-19 17:44:57 [main] INFO  utils.LoggerUtil - Starting test case execution: Log_002
2026-08-19 17:45:02 [main] INFO  utils.LoggerUtil - [PASS] AccountListArrow Icon Clicked.
2026-08-19 17:45:04 [main] INFO  utils.LoggerUtil - [PASS] SignIn Button Clicked.
2026-08-19 17:45:04 [main] INFO  utils.LoggerUtil - [PASS] Username entered: vinnarasiv17@gmail.com
2026-08-19 17:45:06 [main] INFO  utils.LoggerUtil - [PASS] The Password entered.
2026-08-19 17:45:07 [main] INFO  utils.LoggerUtil - [PASS] SignInSubmit Button Clicked.
2026-08-19 17:45:07 [main] INFO  utils.LoggerUtil - [PASS] Test Case Log_002 Invalid username error message displayed successfully.
2026-08-19 17:45:12 [main] INFO  utils.LoggerUtil - Starting test case execution: Log_003
2026-08-19 17:45:16 [main] INFO  utils.LoggerUtil - [PASS] AccountListArrow Icon Clicked.
2026-08-19 17:45:17 [main] INFO  utils.LoggerUtil - [PASS] SignIn Button Clicked.
2026-08-19 17:45:19 [main] INFO  utils.LoggerUtil - [PASS] Username entered: 
2026-08-19 17:45:20 [main] INFO  utils.LoggerUtil - [PASS] Test Case Log_003 Enter your mobile number or email Error message displayed successfully.
2026-08-19 17:45:31 [main] INFO  utils.LoggerUtil - Starting test case execution: Log_004
2026-08-19 17:45:32 [main] INFO  utils.LoggerUtil - [PASS] AccountListArrow Icon Clicked.
2026-08-19 17:45:32 [main] INFO  utils.LoggerUtil - [PASS] SignIn Button Clicked.
2026-08-19 17:45:34 [main] INFO  utils.LoggerUtil - [PASS] Username entered: vinnarasiv17@gmail.com
2026-08-19 17:45:37 [main] INFO  utils.LoggerUtil - [PASS] The Password entered.
2026-08-19 17:45:37 [main] INFO  utils.LoggerUtil - [PASS] SignInSubmit Button Clicked.
2026-08-19 17:45:37 [main] INFO  utils.LoggerUtil - [PASS] Test Case Log_004 Enter your password Error message displayed successfully.
2026-08-19 17:45:45 [main] INFO  utils.LoggerUtil - Starting test case execution: Log_005
2026-08-19 17:45:55 [main] INFO  utils.LoggerUtil - [PASS] AccountListArrow Icon Clicked.
2026-08-19 17:45:56 [main] INFO  utils.LoggerUtil - [PASS] SignIn Button Clicked.
2026-08-19 17:45:59 [main] INFO  utils.LoggerUtil - [PASS] Username entered: vinnarasiv17@gmail.com
2026-08-19 17:46:01 [main] INFO  utils.LoggerUtil - [PASS] The Password entered.
2026-08-19 17:46:08 [main] INFO  utils.LoggerUtil - [PASS] SignInSubmit Button Clicked.
2026-08-19 17:46:09 [main] INFO  utils.LoggerUtil - [PASS] Test Case Log_005 User is able to login successfully. Dashboard Title: Online Shopping site in India: Shop Online for Mobiles, Books, Watches, Shoes and More - Amazon.in
2026-08-19 17:47:42 [main] INFO  utils.LoggerUtil - Starting test case execution: Log_001
2026-08-19 17:47:43 [main] INFO  utils.LoggerUtil - [PASS] AccountListArrow Icon Clicked.
2026-08-19 17:47:43 [main] INFO  utils.LoggerUtil - [PASS] SignIn Button Clicked.
2026-08-19 17:47:45 [main] INFO  utils.LoggerUtil - [PASS] Username entered: invaliduser
2026-08-19 17:47:46 [main] INFO  utils.LoggerUtil - [PASS] Test Case Log_001 Invalid username error message displayed successfully.
2026-08-19 17:47:49 [main] INFO  utils.LoggerUtil - Starting test case execution: Log_002
2026-08-19 17:48:36 [main] INFO  utils.LoggerUtil - Starting test case execution: Log_001
2026-08-19 17:48:39 [main] INFO  utils.LoggerUtil - [PASS] AccountListArrow Icon Clicked.
2026-08-19 17:48:39 [main] INFO  utils.LoggerUtil - [PASS] SignIn Button Clicked.
2026-08-19 17:48:41 [main] INFO  utils.LoggerUtil - [PASS] Username entered: invaliduser
2026-08-19 17:48:41 [main] INFO  utils.LoggerUtil - [PASS] Test Case Log_001 Invalid username error message displayed successfully.
2026-08-19 17:48:45 [main] INFO  utils.LoggerUtil - Starting test case execution: Log_002
2026-08-19 17:48:49 [main] INFO  utils.LoggerUtil - [PASS] AccountListArrow Icon Clicked.
2026-08-19 17:48:50 [main] INFO  utils.LoggerUtil - [PASS] SignIn Button Clicked.
2026-08-19 17:48:52 [main] INFO  utils.LoggerUtil - [PASS] Username entered: vinnarasiv17@gmail.com
2026-08-19 17:48:54 [main] INFO  utils.LoggerUtil - [PASS] The Password entered.
2026-08-19 17:48:56 [main] INFO  utils.LoggerUtil - [PASS] SignInSubmit Button Clicked.
2026-08-19 17:48:56 [main] INFO  utils.LoggerUtil - [PASS] Test Case Log_002 Invalid username error message displayed successfully.
2026-08-19 17:49:03 [main] INFO  utils.LoggerUtil - Starting test case execution: Log_003
2026-08-19 17:49:04 [main] INFO  utils.LoggerUtil - [PASS] AccountListArrow Icon Clicked.
2026-08-19 17:49:04 [main] INFO  utils.LoggerUtil - [PASS] SignIn Button Clicked.
2026-08-19 17:49:06 [main] INFO  utils.LoggerUtil - [PASS] Username entered: 
2026-08-19 17:49:07 [main] INFO  utils.LoggerUtil - [PASS] Test Case Log_003 Enter your mobile number or email Error message displayed successfully.
2026-08-19 17:49:15 [main] INFO  utils.LoggerUtil - Starting test case execution: Log_004
2026-08-19 17:49:21 [main] INFO  utils.LoggerUtil - [PASS] AccountListArrow Icon Clicked.
2026-08-19 17:49:22 [main] INFO  utils.LoggerUtil - [PASS] SignIn Button Clicked.
2026-08-19 17:49:24 [main] INFO  utils.LoggerUtil - [PASS] Username entered: vinnarasiv17@gmail.com
2026-08-19 17:49:26 [main] INFO  utils.LoggerUtil - [PASS] The Password entered.
2026-08-19 17:49:26 [main] INFO  utils.LoggerUtil - [PASS] SignInSubmit Button Clicked.
2026-08-19 17:49:26 [main] INFO  utils.LoggerUtil - [PASS] Test Case Log_004 Enter your password Error message displayed successfully.
2026-08-19 17:49:30 [main] INFO  utils.LoggerUtil - Starting test case execution: Log_005
2026-08-19 17:49:34 [main] INFO  utils.LoggerUtil - [PASS] AccountListArrow Icon Clicked.
2026-08-19 17:49:35 [main] INFO  utils.LoggerUtil - [PASS] SignIn Button Clicked.
2026-08-19 17:49:37 [main] INFO  utils.LoggerUtil - [PASS] Username entered: vinnarasiv17@gmail.com
2026-08-19 17:49:39 [main] INFO  utils.LoggerUtil - [PASS] The Password entered.
2026-08-19 17:49:43 [main] INFO  utils.LoggerUtil - [PASS] SignInSubmit Button Clicked.
2026-08-19 17:49:43 [main] INFO  utils.LoggerUtil - [PASS] Test Case Log_005 User is able to login successfully. Dashboard Title: Online Shopping site in India: Shop Online for Mobiles, Books, Watches, Shoes and More - Amazon.in
2026-08-19 17:50:16 [main] INFO  utils.LoggerUtil - Starting test case execution: Log_001
2026-08-19 17:50:18 [main] INFO  utils.LoggerUtil - [PASS] AccountListArrow Icon Clicked.
2026-08-19 17:50:19 [main] INFO  utils.LoggerUtil - [PASS] SignIn Button Clicked.
2026-08-19 17:50:20 [main] INFO  utils.LoggerUtil - [PASS] Username entered: invaliduser
2026-08-19 17:50:20 [main] INFO  utils.LoggerUtil - [PASS] Test Case Log_001 Invalid username error message displayed successfully.
2026-08-19 17:50:24 [main] INFO  utils.LoggerUtil - Starting test case execution: Log_002
2026-08-19 17:50:29 [main] INFO  utils.LoggerUtil - [PASS] AccountListArrow Icon Clicked.
2026-08-19 17:50:30 [main] INFO  utils.LoggerUtil - [PASS] SignIn Button Clicked.
2026-08-19 17:50:32 [main] INFO  utils.LoggerUtil - [PASS] Username entered: vinnarasiv17@gmail.com
2026-08-19 17:50:34 [main] INFO  utils.LoggerUtil - [PASS] The Password entered.
2026-08-19 17:50:35 [main] INFO  utils.LoggerUtil - [PASS] SignInSubmit Button Clicked.
2026-08-19 17:50:35 [main] INFO  utils.LoggerUtil - [PASS] Test Case Log_002 Invalid username error message displayed successfully.
2026-08-19 17:50:39 [main] INFO  utils.LoggerUtil - Starting test case execution: Log_003
2026-08-19 17:50:49 [main] INFO  utils.LoggerUtil - [PASS] AccountListArrow Icon Clicked.
2026-08-19 17:50:49 [main] INFO  utils.LoggerUtil - [PASS] SignIn Button Clicked.
2026-08-19 17:50:51 [main] INFO  utils.LoggerUtil - [PASS] Username entered: 
2026-08-19 17:50:51 [main] INFO  utils.LoggerUtil - [PASS] Test Case Log_003 Enter your mobile number or email Error message displayed successfully.
2026-08-19 17:50:59 [main] INFO  utils.LoggerUtil - Starting test case execution: Log_004
2026-08-19 17:50:59 [main] INFO  utils.LoggerUtil - [PASS] AccountListArrow Icon Clicked.
2026-08-19 17:50:59 [main] INFO  utils.LoggerUtil - [PASS] SignIn Button Clicked.
2026-08-19 17:51:02 [main] INFO  utils.LoggerUtil - [PASS] Username entered: vinnarasiv17@gmail.com
2026-08-19 17:51:03 [main] INFO  utils.LoggerUtil - [PASS] The Password entered.
2026-08-19 17:51:04 [main] INFO  utils.LoggerUtil - [PASS] SignInSubmit Button Clicked.
2026-08-19 17:51:04 [main] INFO  utils.LoggerUtil - [PASS] Test Case Log_004 Enter your password Error message displayed successfully.
2026-08-19 17:51:08 [main] INFO  utils.LoggerUtil - Starting test case execution: Log_005
2026-08-19 17:51:15 [main] INFO  utils.LoggerUtil - [PASS] AccountListArrow Icon Clicked.
2026-08-19 17:51:16 [main] INFO  utils.LoggerUtil - [PASS] SignIn Button Clicked.
2026-08-19 17:51:18 [main] INFO  utils.LoggerUtil - [PASS] Username entered: vinnarasiv17@gmail.com
2026-08-19 17:51:22 [main] INFO  utils.LoggerUtil - [PASS] The Password entered.
2026-08-19 17:51:29 [main] INFO  utils.LoggerUtil - [PASS] SignInSubmit Button Clicked.
2026-08-19 17:51:29 [main] INFO  utils.LoggerUtil - [PASS] Test Case Log_005 User is able to login successfully. Dashboard Title: Online Shopping site in India: Shop Online for Mobiles, Books, Watches, Shoes and More - Amazon.in
2026-08-19 17:54:35 [main] INFO  utils.LoggerUtil - Starting test case execution: Log_001
2026-08-19 17:54:37 [main] INFO  utils.LoggerUtil - [PASS] AccountListArrow Icon Clicked.
2026-08-19 17:54:38 [main] INFO  utils.LoggerUtil - [PASS] SignIn Button Clicked.
2026-08-19 17:54:39 [main] INFO  utils.LoggerUtil - [PASS] Username entered: invaliduser
2026-08-19 17:54:40 [main] INFO  utils.LoggerUtil - [PASS] Test Case Log_001 Invalid username error message displayed successfully.
2026-08-19 17:54:43 [main] INFO  utils.LoggerUtil - Starting test case execution: Log_002
2026-08-19 17:54:49 [main] INFO  utils.LoggerUtil - [PASS] AccountListArrow Icon Clicked.
2026-08-19 17:54:49 [main] INFO  utils.LoggerUtil - [PASS] SignIn Button Clicked.
2026-08-19 17:54:52 [main] INFO  utils.LoggerUtil - [PASS] Username entered: vinnarasiv17@gmail.com
2026-08-19 17:54:54 [main] INFO  utils.LoggerUtil - [PASS] The Password entered.
2026-08-19 17:54:55 [main] INFO  utils.LoggerUtil - [PASS] SignInSubmit Button Clicked.
2026-08-19 17:54:55 [main] INFO  utils.LoggerUtil - [PASS] Test Case Log_002 Invalid username error message displayed successfully.
2026-08-19 17:54:59 [main] INFO  utils.LoggerUtil - Starting test case execution: Log_003
2026-08-19 17:55:04 [main] INFO  utils.LoggerUtil - [PASS] AccountListArrow Icon Clicked.
2026-08-19 17:55:04 [main] INFO  utils.LoggerUtil - [PASS] SignIn Button Clicked.
2026-08-19 17:55:06 [main] INFO  utils.LoggerUtil - [PASS] Username entered: 
2026-08-19 17:55:07 [main] INFO  utils.LoggerUtil - [PASS] Test Case Log_003 Enter your mobile number or email Error message displayed successfully.
2026-08-19 17:55:10 [main] INFO  utils.LoggerUtil - Starting test case execution: Log_004
2026-08-19 17:55:15 [main] INFO  utils.LoggerUtil - [PASS] AccountListArrow Icon Clicked.
2026-08-19 17:55:15 [main] INFO  utils.LoggerUtil - [PASS] SignIn Button Clicked.
2026-08-19 17:55:17 [main] INFO  utils.LoggerUtil - [PASS] Username entered: vinnarasiv17@gmail.com
2026-08-19 17:55:19 [main] INFO  utils.LoggerUtil - [PASS] The Password entered.
2026-08-19 17:55:19 [main] INFO  utils.LoggerUtil - [PASS] SignInSubmit Button Clicked.
2026-08-19 17:55:19 [main] INFO  utils.LoggerUtil - [PASS] Test Case Log_004 Enter your password Error message displayed successfully.
2026-08-19 17:55:23 [main] INFO  utils.LoggerUtil - Starting test case execution: Log_005
2026-08-19 17:55:27 [main] INFO  utils.LoggerUtil - [PASS] AccountListArrow Icon Clicked.
2026-08-19 17:55:27 [main] INFO  utils.LoggerUtil - [PASS] SignIn Button Clicked.
2026-08-19 17:55:29 [main] INFO  utils.LoggerUtil - [PASS] Username entered: vinnarasiv17@gmail.com
2026-08-19 17:55:31 [main] INFO  utils.LoggerUtil - [PASS] The Password entered.
2026-08-19 17:55:36 [main] INFO  utils.LoggerUtil - [PASS] SignInSubmit Button Clicked.
2026-08-19 17:55:36 [main] INFO  utils.LoggerUtil - [PASS] Test Case Log_005 User is able to login successfully. Dashboard Title: Online Shopping site in India: Shop Online for Mobiles, Books, Watches, Shoes and More - Amazon.in
2026-08-20 10:53:16 [main] INFO  utils.LoggerUtil - Starting test case execution: Log_001
2026-08-20 10:53:17 [main] INFO  utils.LoggerUtil - [PASS] AccountListArrow Icon Clicked.
2026-08-20 10:53:18 [main] INFO  utils.LoggerUtil - [PASS] SignIn Button Clicked.
2026-08-20 10:53:20 [main] INFO  utils.LoggerUtil - [PASS] Username entered: invaliduser
2026-08-20 10:53:20 [main] INFO  utils.LoggerUtil - [PASS] Test Case Log_001 Invalid username error message displayed successfully.
2026-08-20 10:53:24 [main] INFO  utils.LoggerUtil - Starting test case execution: Log_002
2026-08-20 10:53:28 [main] INFO  utils.LoggerUtil - [PASS] AccountListArrow Icon Clicked.
2026-08-20 10:53:28 [main] INFO  utils.LoggerUtil - [PASS] SignIn Button Clicked.
2026-08-20 10:53:30 [main] INFO  utils.LoggerUtil - [PASS] Username entered: vinnarasiv17@gmail.com
2026-08-20 10:53:32 [main] INFO  utils.LoggerUtil - [PASS] The Password entered.
2026-08-20 10:53:34 [main] INFO  utils.LoggerUtil - [PASS] SignInSubmit Button Clicked.
2026-08-20 10:53:34 [main] INFO  utils.LoggerUtil - [PASS] Test Case Log_002 Invalid username error message displayed successfully.
2026-08-20 10:53:38 [main] INFO  utils.LoggerUtil - Starting test case execution: Log_003
2026-08-20 10:53:46 [main] INFO  utils.LoggerUtil - [PASS] AccountListArrow Icon Clicked.
2026-08-20 10:53:46 [main] INFO  utils.LoggerUtil - [PASS] SignIn Button Clicked.
2026-08-20 10:53:48 [main] INFO  utils.LoggerUtil - [PASS] Username entered: 
2026-08-20 10:53:48 [main] INFO  utils.LoggerUtil - [PASS] Test Case Log_003 Enter your mobile number or email Error message displayed successfully.
2026-08-20 10:53:57 [main] INFO  utils.LoggerUtil - Starting test case execution: Log_004
2026-08-20 10:53:58 [main] INFO  utils.LoggerUtil - [PASS] AccountListArrow Icon Clicked.
2026-08-20 10:53:58 [main] INFO  utils.LoggerUtil - [PASS] SignIn Button Clicked.
2026-08-20 10:54:00 [main] INFO  utils.LoggerUtil - [PASS] Username entered: vinnarasiv17@gmail.com
2026-08-20 10:54:03 [main] INFO  utils.LoggerUtil - [PASS] The Password entered.
2026-08-20 10:54:03 [main] INFO  utils.LoggerUtil - [PASS] SignInSubmit Button Clicked.
2026-08-20 10:54:03 [main] INFO  utils.LoggerUtil - [PASS] Test Case Log_004 Enter your password Error message displayed successfully.
2026-08-20 10:54:07 [main] INFO  utils.LoggerUtil - Starting test case execution: Log_005
2026-08-20 10:54:11 [main] INFO  utils.LoggerUtil - [PASS] AccountListArrow Icon Clicked.
2026-08-20 10:54:11 [main] INFO  utils.LoggerUtil - [PASS] SignIn Button Clicked.
2026-08-20 10:54:13 [main] INFO  utils.LoggerUtil - [PASS] Username entered: vinnarasiv17@gmail.com
2026-08-20 10:54:15 [main] INFO  utils.LoggerUtil - [PASS] The Password entered.
2026-08-20 10:54:20 [main] INFO  utils.LoggerUtil - [PASS] SignInSubmit Button Clicked.
2026-08-20 10:54:20 [main] INFO  utils.LoggerUtil - [PASS] Test Case Log_005 User is able to login successfully. Dashboard Title: Online Shopping site in India: Shop Online for Mobiles, Books, Watches, Shoes and More - Amazon.in
2026-08-20 11:06:08 [main] INFO  utils.LoggerUtil - Starting test case execution: Log_001
2026-08-20 11:06:09 [main] INFO  utils.LoggerUtil - [PASS] AccountListArrow Icon Clicked.
2026-08-20 11:06:10 [main] INFO  utils.LoggerUtil - [PASS] SignIn Button Clicked.
2026-08-20 11:06:10 [main] INFO  utils.LoggerUtil - [PASS] Username entered: invaliduser
2026-08-20 11:06:11 [main] INFO  utils.LoggerUtil - [PASS] Test Case Log_001 Invalid username error message displayed successfully.
2026-08-20 11:06:19 [main] INFO  utils.LoggerUtil - Starting test case execution: Log_002
2026-08-20 11:06:48 [main] INFO  utils.LoggerUtil - Starting test case execution: Log_003
2026-08-20 11:07:21 [main] INFO  utils.LoggerUtil - Starting test case execution: Log_004
2026-08-20 11:07:21 [main] INFO  utils.LoggerUtil - [PASS] AccountListArrow Icon Clicked.
2026-08-20 11:07:23 [main] INFO  utils.LoggerUtil - [PASS] SignIn Button Clicked.
2026-08-20 11:07:23 [main] INFO  utils.LoggerUtil - [PASS] Username entered: vinnarasiv17@gmail.com
2026-08-20 11:07:25 [main] INFO  utils.LoggerUtil - [PASS] The Password entered.
2026-08-20 11:07:26 [main] INFO  utils.LoggerUtil - [PASS] SignInSubmit Button Clicked.
2026-08-20 11:07:26 [main] INFO  utils.LoggerUtil - [PASS] Test Case Log_004 Enter your password Error message displayed successfully.
2026-08-20 11:07:33 [main] INFO  utils.LoggerUtil - Starting test case execution: Log_005
2026-08-20 11:09:56 [main] INFO  utils.LoggerUtil - Starting test case execution: Log_001
2026-08-20 11:10:24 [main] INFO  utils.LoggerUtil - Starting test case execution: Log_002
2026-08-20 11:10:53 [main] INFO  utils.LoggerUtil - Starting test case execution: Log_003
2026-08-20 11:10:59 [main] INFO  utils.LoggerUtil - [PASS] AccountListArrow Icon Clicked.
2026-08-20 11:11:00 [main] INFO  utils.LoggerUtil - [PASS] SignIn Button Clicked.
2026-08-20 11:11:00 [main] INFO  utils.LoggerUtil - [PASS] Username entered: 
2026-08-20 11:11:01 [main] INFO  utils.LoggerUtil - [PASS] Test Case Log_003 Enter your mobile number or email Error message displayed successfully.
2026-08-20 11:11:08 [main] INFO  utils.LoggerUtil - Starting test case execution: Log_004
2026-08-20 11:11:36 [main] INFO  utils.LoggerUtil - Starting test case execution: Log_005
2026-08-20 11:13:13 [main] INFO  utils.LoggerUtil - Starting test case execution: Log_001
2026-08-20 11:13:41 [main] INFO  utils.LoggerUtil - Starting test case execution: Log_002
2026-08-20 11:13:44 [main] INFO  utils.LoggerUtil - [PASS] AccountListArrow Icon Clicked.
2026-08-20 11:13:46 [main] INFO  utils.LoggerUtil - [PASS] SignIn Button Clicked.
2026-08-20 11:13:46 [main] INFO  utils.LoggerUtil - [PASS] Username entered: vinnarasiv17@gmail.com
2026-08-20 11:13:48 [main] INFO  utils.LoggerUtil - [PASS] The Password entered.
2026-08-20 11:13:49 [main] INFO  utils.LoggerUtil - [PASS] SignInSubmit Button Clicked.
2026-08-20 11:13:49 [main] INFO  utils.LoggerUtil - [PASS] Test Case Log_002 Invalid username error message displayed successfully.
2026-08-20 11:13:57 [main] INFO  utils.LoggerUtil - Starting test case execution: Log_003
2026-08-20 11:14:26 [main] INFO  utils.LoggerUtil - Starting test case execution: Log_004
2026-08-20 11:14:35 [main] INFO  utils.LoggerUtil - [PASS] AccountListArrow Icon Clicked.
2026-08-20 11:14:37 [main] INFO  utils.LoggerUtil - [PASS] SignIn Button Clicked.
2026-08-20 11:14:37 [main] INFO  utils.LoggerUtil - [PASS] Username entered: vinnarasiv17@gmail.com
2026-08-20 11:14:39 [main] INFO  utils.LoggerUtil - [PASS] The Password entered.
2026-08-20 11:14:39 [main] INFO  utils.LoggerUtil - [PASS] SignInSubmit Button Clicked.
2026-08-20 11:14:40 [main] INFO  utils.LoggerUtil - [PASS] Test Case Log_004 Enter your password Error message displayed successfully.
2026-08-20 11:14:48 [main] INFO  utils.LoggerUtil - Starting test case execution: Log_005
2026-08-20 11:15:57 [main] INFO  utils.LoggerUtil - Starting test case execution: Log_001
2026-08-20 11:16:26 [main] INFO  utils.LoggerUtil - Starting test case execution: Log_002
2026-08-20 11:16:55 [main] INFO  utils.LoggerUtil - Starting test case execution: Log_003
2026-08-20 11:17:26 [main] INFO  utils.LoggerUtil - Starting test case execution: Log_004
2026-08-20 11:24:50 [main] INFO  utils.LoggerUtil - Starting test case execution: Log_001
2026-08-20 11:24:53 [main] INFO  utils.LoggerUtil - [PASS] AccountListArrow Icon Clicked.
2026-08-20 11:24:53 [main] INFO  utils.LoggerUtil - [PASS] SignIn Button Clicked.
2026-08-20 11:24:55 [main] INFO  utils.LoggerUtil - [PASS] Username entered: invaliduser
2026-08-20 11:24:55 [main] INFO  utils.LoggerUtil - [PASS] Test Case Log_001 Invalid username error message displayed successfully.
2026-08-20 11:25:01 [main] INFO  utils.LoggerUtil - Starting test case execution: Log_002
2026-08-20 11:25:08 [main] INFO  utils.LoggerUtil - [PASS] AccountListArrow Icon Clicked.
2026-08-20 11:25:09 [main] INFO  utils.LoggerUtil - [PASS] SignIn Button Clicked.
2026-08-20 11:25:11 [main] INFO  utils.LoggerUtil - [PASS] Username entered: vinnarasiv17@gmail.com
2026-08-20 11:25:13 [main] INFO  utils.LoggerUtil - [PASS] The Password entered.
2026-08-20 11:25:15 [main] INFO  utils.LoggerUtil - [PASS] SignInSubmit Button Clicked.
2026-08-20 11:25:15 [main] INFO  utils.LoggerUtil - [PASS] Test Case Log_002 Invalid username error message displayed successfully.
2026-08-20 11:25:21 [main] INFO  utils.LoggerUtil - Starting test case execution: Log_003
2026-08-20 11:33:20 [main] INFO  utils.LoggerUtil - Starting test case execution: Log_001
2026-08-20 11:33:21 [main] INFO  utils.LoggerUtil - [PASS] AccountListArrow Icon Clicked.
2026-08-20 11:33:22 [main] INFO  utils.LoggerUtil - [PASS] SignIn Button Clicked.
2026-08-20 11:33:24 [main] INFO  utils.LoggerUtil - [PASS] Username entered: invaliduser
2026-08-20 11:33:24 [main] INFO  utils.LoggerUtil - [PASS] Test Case Log_001 Invalid username error message displayed successfully.
2026-08-20 11:33:29 [main] INFO  utils.LoggerUtil - Starting test case execution: Log_002
2026-08-20 11:36:30 [main] INFO  utils.LoggerUtil - Starting test case execution: Log_001
2026-08-20 11:39:56 [main] INFO  utils.LoggerUtil - Starting test case execution: Log_001
2026-08-20 11:39:58 [main] INFO  utils.LoggerUtil - [PASS] AccountListArrow Icon Clicked.
2026-08-20 11:39:58 [main] INFO  utils.LoggerUtil - [PASS] SignIn Button Clicked.
2026-08-20 11:40:00 [main] INFO  utils.LoggerUtil - [PASS] Username entered: invaliduser
2026-08-20 11:40:01 [main] INFO  utils.LoggerUtil - [PASS] Test Case Log_001 Invalid username error message displayed successfully.
2026-08-20 11:40:12 [main] INFO  utils.LoggerUtil - Starting test case execution: Log_002
2026-08-20 11:44:46 [main] INFO  utils.LoggerUtil - Starting test case execution: Log_001
2026-08-20 11:44:48 [main] INFO  utils.LoggerUtil - [PASS] AccountListArrow Icon Clicked.
2026-08-20 11:44:50 [main] INFO  utils.LoggerUtil - [PASS] SignIn Button Clicked.
2026-08-20 11:44:50 [main] INFO  utils.LoggerUtil - [PASS] Username entered: invaliduser
2026-08-20 11:44:51 [main] INFO  utils.LoggerUtil - [PASS] Test Case Log_001 Invalid username error message displayed successfully.
2026-08-20 11:44:54 [main] INFO  utils.LoggerUtil - Starting test case execution: Log_002
2026-08-20 11:45:00 [main] INFO  utils.LoggerUtil - [PASS] AccountListArrow Icon Clicked.
2026-08-20 11:45:01 [main] INFO  utils.LoggerUtil - [PASS] SignIn Button Clicked.
2026-08-20 11:45:01 [main] INFO  utils.LoggerUtil - [PASS] Username entered: vinnarasiv17@gmail.com
2026-08-20 11:45:03 [main] INFO  utils.LoggerUtil - [PASS] The Password entered.
2026-08-20 11:45:04 [main] INFO  utils.LoggerUtil - [PASS] SignInSubmit Button Clicked.
2026-08-20 11:45:05 [main] INFO  utils.LoggerUtil - [PASS] Test Case Log_002 Invalid username error message displayed successfully.
2026-08-20 11:45:10 [main] INFO  utils.LoggerUtil - Starting test case execution: Log_003
2026-08-20 11:45:15 [main] INFO  utils.LoggerUtil - [PASS] AccountListArrow Icon Clicked.
2026-08-20 11:45:16 [main] INFO  utils.LoggerUtil - [PASS] SignIn Button Clicked.
2026-08-20 11:45:16 [main] INFO  utils.LoggerUtil - [PASS] Username entered: 
2026-08-20 11:45:17 [main] INFO  utils.LoggerUtil - [PASS] Test Case Log_003 Enter your mobile number or email Error message displayed successfully.
2026-08-20 11:45:20 [main] INFO  utils.LoggerUtil - Starting test case execution: Log_004
2026-08-20 11:45:25 [main] INFO  utils.LoggerUtil - [PASS] AccountListArrow Icon Clicked.
2026-08-20 11:45:26 [main] INFO  utils.LoggerUtil - [PASS] SignIn Button Clicked.
2026-08-20 11:45:26 [main] INFO  utils.LoggerUtil - [PASS] Username entered: vinnarasiv17@gmail.com
2026-08-20 11:45:28 [main] INFO  utils.LoggerUtil - [PASS] The Password entered.
2026-08-20 11:45:29 [main] INFO  utils.LoggerUtil - [PASS] SignInSubmit Button Clicked.
2026-08-20 11:45:29 [main] INFO  utils.LoggerUtil - [PASS] Test Case Log_004 Enter your password Error message displayed successfully.
2026-08-20 11:45:32 [main] INFO  utils.LoggerUtil - Starting test case execution: Log_005
2026-08-20 11:45:36 [main] INFO  utils.LoggerUtil - [PASS] AccountListArrow Icon Clicked.
2026-08-20 11:45:38 [main] INFO  utils.LoggerUtil - [PASS] SignIn Button Clicked.
2026-08-20 11:45:38 [main] INFO  utils.LoggerUtil - [PASS] Username entered: vinnarasiv17@gmail.com
2026-08-20 11:45:40 [main] INFO  utils.LoggerUtil - [PASS] The Password entered.
2026-08-20 11:45:44 [main] INFO  utils.LoggerUtil - [PASS] SignInSubmit Button Clicked.
2026-08-20 11:45:44 [main] INFO  utils.LoggerUtil - [PASS] Test Case Log_005 User is able to login successfully. Dashboard Title: Online Shopping site in India: Shop Online for Mobiles, Books, Watches, Shoes and More - Amazon.in
2026-08-20 11:48:01 [main] INFO  utils.LoggerUtil - Starting test case execution: Log_001
2026-08-20 11:48:08 [main] INFO  utils.LoggerUtil - [PASS] AccountListArrow Icon Clicked.
2026-08-20 11:48:10 [main] INFO  utils.LoggerUtil - [PASS] SignIn Button Clicked.
2026-08-20 11:48:10 [main] INFO  utils.LoggerUtil - [PASS] Username entered: invaliduser
2026-08-20 11:48:10 [main] INFO  utils.LoggerUtil - [PASS] Test Case Log_001 Invalid username error message displayed successfully.
2026-08-20 11:48:18 [main] INFO  utils.LoggerUtil - Starting test case execution: Log_002
2026-08-20 11:48:27 [main] INFO  utils.LoggerUtil - [PASS] AccountListArrow Icon Clicked.
2026-08-20 11:48:30 [main] INFO  utils.LoggerUtil - [PASS] SignIn Button Clicked.
2026-08-20 11:48:30 [main] INFO  utils.LoggerUtil - [PASS] Username entered: vinnarasiv17@gmail.com
2026-08-20 11:48:32 [main] INFO  utils.LoggerUtil - [PASS] The Password entered.
2026-08-20 11:48:33 [main] INFO  utils.LoggerUtil - [PASS] SignInSubmit Button Clicked.
2026-08-20 11:48:33 [main] INFO  utils.LoggerUtil - [PASS] Test Case Log_002 Invalid username error message displayed successfully.
2026-08-20 11:48:41 [main] INFO  utils.LoggerUtil - Starting test case execution: Log_003
2026-08-20 11:48:48 [main] INFO  utils.LoggerUtil - [PASS] AccountListArrow Icon Clicked.
2026-08-20 11:48:50 [main] INFO  utils.LoggerUtil - [PASS] SignIn Button Clicked.
2026-08-20 11:48:50 [main] INFO  utils.LoggerUtil - [PASS] Username entered: 
2026-08-20 11:48:50 [main] INFO  utils.LoggerUtil - [PASS] Test Case Log_003 Enter your mobile number or email Error message displayed successfully.
2026-08-20 11:48:59 [main] INFO  utils.LoggerUtil - Starting test case execution: Log_004
2026-08-20 11:49:06 [main] INFO  utils.LoggerUtil - [PASS] AccountListArrow Icon Clicked.
2026-08-20 11:49:08 [main] INFO  utils.LoggerUtil - [PASS] SignIn Button Clicked.
2026-08-20 11:49:08 [main] INFO  utils.LoggerUtil - [PASS] Username entered: vinnarasiv17@gmail.com
2026-08-20 11:49:10 [main] INFO  utils.LoggerUtil - [PASS] The Password entered.
2026-08-20 11:49:10 [main] INFO  utils.LoggerUtil - [PASS] SignInSubmit Button Clicked.
2026-08-20 11:49:11 [main] INFO  utils.LoggerUtil - [PASS] Test Case Log_004 Enter your password Error message displayed successfully.
2026-08-20 11:49:19 [main] INFO  utils.LoggerUtil - Starting test case execution: Log_005
2026-08-20 11:49:26 [main] INFO  utils.LoggerUtil - [PASS] AccountListArrow Icon Clicked.
2026-08-20 11:49:27 [main] INFO  utils.LoggerUtil - [PASS] SignIn Button Clicked.
2026-08-20 11:49:28 [main] INFO  utils.LoggerUtil - [PASS] Username entered: vinnarasiv17@gmail.com
2026-08-20 11:49:30 [main] INFO  utils.LoggerUtil - [PASS] The Password entered.
2026-08-20 11:49:35 [main] INFO  utils.LoggerUtil - [PASS] SignInSubmit Button Clicked.
2026-08-20 11:49:35 [main] INFO  utils.LoggerUtil - [PASS] Test Case Log_005 User is able to login successfully. Dashboard Title: Online Shopping site in India: Shop Online for Mobiles, Books, Watches, Shoes and More - Amazon.in
2026-08-20 11:52:22 [main] INFO  utils.LoggerUtil - Starting test case execution: Log_001
2026-08-20 11:52:50 [main] INFO  utils.LoggerUtil - Starting test case execution: Log_002
2026-08-20 11:53:18 [main] INFO  utils.LoggerUtil - Starting test case execution: Log_003
2026-08-20 11:55:12 [main] INFO  utils.LoggerUtil - Starting test case execution: Log_001
2026-08-20 11:55:19 [main] INFO  utils.LoggerUtil - [PASS] AccountListArrow Icon Clicked.
2026-08-20 11:55:20 [main] INFO  utils.LoggerUtil - [PASS] SignIn Button Clicked.
2026-08-20 11:55:20 [main] INFO  utils.LoggerUtil - [PASS] Username entered: invaliduser
2026-08-20 11:55:20 [main] INFO  utils.LoggerUtil - [PASS] Test Case Log_001 Invalid username error message displayed successfully.
2026-08-20 11:55:28 [main] INFO  utils.LoggerUtil - Starting test case execution: Log_002
2026-08-20 12:00:47 [main] INFO  utils.LoggerUtil - Starting test case execution: Log_001
2026-08-20 12:01:15 [main] INFO  utils.LoggerUtil - Starting test case execution: Log_002
2026-08-20 12:01:44 [main] INFO  utils.LoggerUtil - Starting test case execution: Log_003
2026-08-20 12:02:15 [main] INFO  utils.LoggerUtil - Starting test case execution: Log_004
2026-08-20 12:02:48 [main] INFO  utils.LoggerUtil - Starting test case execution: Log_005
2026-08-20 12:02:49 [main] INFO  utils.LoggerUtil - [PASS] AccountListArrow Icon Clicked.
2026-08-20 12:02:51 [main] INFO  utils.LoggerUtil - [PASS] SignIn Button Clicked.
2026-08-20 12:02:51 [main] INFO  utils.LoggerUtil - [PASS] Username entered: vinnarasiv17@gmail.com
2026-08-20 12:02:53 [main] INFO  utils.LoggerUtil - [PASS] The Password entered.
2026-08-20 12:02:57 [main] INFO  utils.LoggerUtil - [PASS] SignInSubmit Button Clicked.
2026-08-20 12:02:57 [main] INFO  utils.LoggerUtil - [PASS] Test Case Log_005 User is able to login successfully. Dashboard Title: Online Shopping site in India: Shop Online for Mobiles, Books, Watches, Shoes and More - Amazon.in
2026-08-20 12:07:08 [main] INFO  utils.LoggerUtil - Starting test case execution: Log_001
2026-08-20 12:07:39 [main] INFO  utils.LoggerUtil - Starting test case execution: Log_002
2026-08-20 12:07:42 [main] INFO  utils.LoggerUtil - [PASS] AccountListArrow Icon Clicked.
2026-08-20 12:07:44 [main] INFO  utils.LoggerUtil - [PASS] SignIn Button Clicked.
2026-08-20 12:07:44 [main] INFO  utils.LoggerUtil - [PASS] Username entered: vinnarasiv17@gmail.com
2026-08-20 12:07:46 [main] INFO  utils.LoggerUtil - [PASS] The Password entered.
2026-08-20 12:07:48 [main] INFO  utils.LoggerUtil - [PASS] SignInSubmit Button Clicked.
2026-08-20 12:07:48 [main] INFO  utils.LoggerUtil - [PASS] Test Case Log_002 Invalid username error message displayed successfully.
2026-08-20 12:08:00 [main] INFO  utils.LoggerUtil - Starting test case execution: Log_003
2026-08-20 12:08:02 [main] INFO  utils.LoggerUtil - [PASS] AccountListArrow Icon Clicked.
2026-08-20 12:08:03 [main] INFO  utils.LoggerUtil - [PASS] SignIn Button Clicked.
2026-08-20 12:08:03 [main] INFO  utils.LoggerUtil - [PASS] Username entered: 
2026-08-20 12:08:04 [main] INFO  utils.LoggerUtil - [PASS] Test Case Log_003 Enter your mobile number or email Error message displayed successfully.
2026-08-20 12:08:17 [main] INFO  utils.LoggerUtil - Starting test case execution: Log_004
2026-08-20 12:08:18 [main] INFO  utils.LoggerUtil - [PASS] AccountListArrow Icon Clicked.
2026-08-20 12:08:20 [main] INFO  utils.LoggerUtil - [PASS] SignIn Button Clicked.
2026-08-20 12:08:20 [main] INFO  utils.LoggerUtil - [PASS] Username entered: vinnarasiv17@gmail.com
2026-08-20 12:08:22 [main] INFO  utils.LoggerUtil - [PASS] The Password entered.
2026-08-20 12:08:23 [main] INFO  utils.LoggerUtil - [PASS] SignInSubmit Button Clicked.
2026-08-20 12:08:23 [main] INFO  utils.LoggerUtil - [PASS] Test Case Log_004 Enter your password Error message displayed successfully.
2026-08-20 12:08:32 [main] INFO  utils.LoggerUtil - Starting test case execution: Log_005
2026-08-20 12:10:13 [main] INFO  utils.LoggerUtil - Starting test case execution: Log_001
2026-08-20 12:10:20 [main] INFO  utils.LoggerUtil - [PASS] AccountListArrow Icon Clicked.
2026-08-20 12:10:22 [main] INFO  utils.LoggerUtil - [PASS] SignIn Button Clicked.
2026-08-20 12:10:22 [main] INFO  utils.LoggerUtil - [PASS] Username entered: invaliduser
2026-08-20 12:10:22 [main] INFO  utils.LoggerUtil - [PASS] Test Case Log_001 Invalid username error message displayed successfully.
2026-08-20 12:10:31 [main] INFO  utils.LoggerUtil - Starting test case execution: Log_002
2026-08-20 12:10:41 [main] INFO  utils.LoggerUtil - [PASS] AccountListArrow Icon Clicked.
2026-08-20 12:10:44 [main] INFO  utils.LoggerUtil - [PASS] SignIn Button Clicked.
2026-08-20 12:10:44 [main] INFO  utils.LoggerUtil - [PASS] Username entered: vinnarasiv17@gmail.com
2026-08-20 12:10:46 [main] INFO  utils.LoggerUtil - [PASS] The Password entered.
2026-08-20 12:10:48 [main] INFO  utils.LoggerUtil - [PASS] SignInSubmit Button Clicked.
2026-08-20 12:10:48 [main] INFO  utils.LoggerUtil - [PASS] Test Case Log_002 Invalid username error message displayed successfully.
2026-08-20 12:10:56 [main] INFO  utils.LoggerUtil - Starting test case execution: Log_003
2026-08-20 12:11:25 [main] INFO  utils.LoggerUtil - Starting test case execution: Log_004
2026-08-20 12:11:54 [main] INFO  utils.LoggerUtil - Starting test case execution: Log_005
2026-08-20 14:03:47 [main] INFO  utils.LoggerUtil - Starting test case execution: Log_001
2026-08-20 14:14:48 [main] INFO  utils.LoggerUtil - Starting test case execution: Log_001
2026-08-20 14:14:49 [main] INFO  utils.LoggerUtil - [PASS] AccountListArrow Icon Clicked.
2026-08-20 14:14:51 [main] INFO  utils.LoggerUtil - [PASS] SignIn Button Clicked.
2026-08-20 14:14:51 [main] INFO  utils.LoggerUtil - [PASS] Username entered: invaliduser
2026-08-20 14:14:51 [main] INFO  utils.LoggerUtil - [PASS] Test Case Log_001 Invalid username error message displayed successfully.
2026-08-20 14:15:00 [main] INFO  utils.LoggerUtil - Starting test case execution: Log_002
2026-08-20 14:15:04 [main] INFO  utils.LoggerUtil - [PASS] AccountListArrow Icon Clicked.
2026-08-20 14:15:05 [main] INFO  utils.LoggerUtil - [PASS] SignIn Button Clicked.
2026-08-20 14:15:05 [main] INFO  utils.LoggerUtil - [PASS] Username entered: vinnarasiv17@gmail.com
2026-08-20 14:15:07 [main] INFO  utils.LoggerUtil - [PASS] The Password entered.
2026-08-20 14:15:09 [main] INFO  utils.LoggerUtil - [PASS] SignInSubmit Button Clicked.
2026-08-20 14:15:09 [main] INFO  utils.LoggerUtil - [PASS] Test Case Log_002 Invalid username error message displayed successfully.
2026-08-20 14:15:17 [main] INFO  utils.LoggerUtil - Starting test case execution: Log_003
2026-08-20 14:15:21 [main] INFO  utils.LoggerUtil - [PASS] AccountListArrow Icon Clicked.
2026-08-20 14:15:23 [main] INFO  utils.LoggerUtil - [PASS] SignIn Button Clicked.
2026-08-20 14:15:23 [main] INFO  utils.LoggerUtil - [PASS] Username entered: 
2026-08-20 14:15:23 [main] INFO  utils.LoggerUtil - [PASS] Test Case Log_003 Enter your mobile number or email Error message displayed successfully.
2026-08-20 14:15:34 [main] INFO  utils.LoggerUtil - Starting test case execution: Log_004
2026-08-20 14:15:38 [main] INFO  utils.LoggerUtil - [PASS] AccountListArrow Icon Clicked.
2026-08-20 14:15:39 [main] INFO  utils.LoggerUtil - [PASS] SignIn Button Clicked.
2026-08-20 14:15:39 [main] INFO  utils.LoggerUtil - [PASS] Username entered: vinnarasiv17@gmail.com
2026-08-20 14:15:42 [main] INFO  utils.LoggerUtil - [PASS] The Password entered.
2026-08-20 14:15:42 [main] INFO  utils.LoggerUtil - [PASS] SignInSubmit Button Clicked.
2026-08-20 14:15:42 [main] INFO  utils.LoggerUtil - [PASS] Test Case Log_004 Enter your password Error message displayed successfully.
2026-08-20 14:15:50 [main] INFO  utils.LoggerUtil - Starting test case execution: Log_005
2026-08-20 14:15:54 [main] INFO  utils.LoggerUtil - [PASS] AccountListArrow Icon Clicked.
2026-08-20 14:15:56 [main] INFO  utils.LoggerUtil - [PASS] SignIn Button Clicked.
2026-08-20 14:15:56 [main] INFO  utils.LoggerUtil - [PASS] Username entered: vinnarasiv17@gmail.com
2026-08-20 14:15:59 [main] INFO  utils.LoggerUtil - [PASS] The Password entered.
2026-08-20 14:16:05 [main] INFO  utils.LoggerUtil - [PASS] SignInSubmit Button Clicked.
2026-08-20 14:16:05 [main] INFO  utils.LoggerUtil - [PASS] Test Case Log_005 User is able to login successfully. Dashboard Title: Online Shopping site in India: Shop Online for Mobiles, Books, Watches, Shoes and More - Amazon.in
2026-08-20 14:16:31 [main] INFO  utils.LoggerUtil - Starting test case execution: Log_001
2026-08-20 14:16:31 [main] INFO  utils.LoggerUtil - [PASS] AccountListArrow Icon Clicked.
2026-08-20 14:16:33 [main] INFO  utils.LoggerUtil - [PASS] SignIn Button Clicked.
2026-08-20 14:16:33 [main] INFO  utils.LoggerUtil - [PASS] Username entered: invaliduser
2026-08-20 14:16:34 [main] INFO  utils.LoggerUtil - [PASS] Test Case Log_001 Invalid username error message displayed successfully.
2026-08-20 14:16:44 [main] INFO  utils.LoggerUtil - Starting test case execution: Log_002
2026-08-20 14:16:48 [main] INFO  utils.LoggerUtil - [PASS] AccountListArrow Icon Clicked.
2026-08-20 14:16:50 [main] INFO  utils.LoggerUtil - [PASS] SignIn Button Clicked.
2026-08-20 14:16:50 [main] INFO  utils.LoggerUtil - [PASS] Username entered: vinnarasiv17@gmail.com
2026-08-20 14:16:52 [main] INFO  utils.LoggerUtil - [PASS] The Password entered.
2026-08-20 14:16:53 [main] INFO  utils.LoggerUtil - [PASS] SignInSubmit Button Clicked.
2026-08-20 14:16:53 [main] INFO  utils.LoggerUtil - [PASS] Test Case Log_002 Invalid username error message displayed successfully.
2026-08-20 14:17:02 [main] INFO  utils.LoggerUtil - Starting test case execution: Log_003
2026-08-20 14:17:05 [main] INFO  utils.LoggerUtil - [PASS] AccountListArrow Icon Clicked.
2026-08-20 14:17:06 [main] INFO  utils.LoggerUtil - [PASS] SignIn Button Clicked.
2026-08-20 14:17:06 [main] INFO  utils.LoggerUtil - [PASS] Username entered: 
2026-08-20 14:17:07 [main] INFO  utils.LoggerUtil - [PASS] Test Case Log_003 Enter your mobile number or email Error message displayed successfully.
2026-08-20 14:17:15 [main] INFO  utils.LoggerUtil - Starting test case execution: Log_004
2026-08-20 14:17:19 [main] INFO  utils.LoggerUtil - [PASS] AccountListArrow Icon Clicked.
2026-08-20 14:17:20 [main] INFO  utils.LoggerUtil - [PASS] SignIn Button Clicked.
2026-08-20 14:17:20 [main] INFO  utils.LoggerUtil - [PASS] Username entered: vinnarasiv17@gmail.com
2026-08-20 14:17:22 [main] INFO  utils.LoggerUtil - [PASS] The Password entered.
2026-08-20 14:17:22 [main] INFO  utils.LoggerUtil - [PASS] SignInSubmit Button Clicked.
2026-08-20 14:17:22 [main] INFO  utils.LoggerUtil - [PASS] Test Case Log_004 Enter your password Error message displayed successfully.
2026-08-20 14:17:31 [main] INFO  utils.LoggerUtil - Starting test case execution: Log_005
2026-08-20 14:17:34 [main] INFO  utils.LoggerUtil - [PASS] AccountListArrow Icon Clicked.
2026-08-20 14:17:35 [main] INFO  utils.LoggerUtil - [PASS] SignIn Button Clicked.
2026-08-20 14:17:36 [main] INFO  utils.LoggerUtil - [PASS] Username entered: vinnarasiv17@gmail.com
2026-08-20 14:17:37 [main] INFO  utils.LoggerUtil - [PASS] The Password entered.
2026-08-20 14:17:41 [main] INFO  utils.LoggerUtil - [PASS] SignInSubmit Button Clicked.
2026-08-20 14:17:41 [main] INFO  utils.LoggerUtil - [PASS] Test Case Log_005 User is able to login successfully. Dashboard Title: Online Shopping site in India: Shop Online for Mobiles, Books, Watches, Shoes and More - Amazon.in
2026-08-20 16:02:24 [main] INFO  utils.LoggerUtil - Starting test case execution: Log_001
2026-08-20 16:02:27 [main] INFO  utils.LoggerUtil - [PASS] AccountListArrow Icon Clicked.
2026-08-20 16:02:28 [main] INFO  utils.LoggerUtil - [PASS] SignIn Button Clicked.
2026-08-20 16:02:29 [main] INFO  utils.LoggerUtil - [PASS] Username entered: invaliduser
2026-08-20 16:02:29 [main] INFO  utils.LoggerUtil - [PASS] Test Case Log_001 Invalid username error message displayed successfully.
2026-08-20 16:02:37 [main] INFO  utils.LoggerUtil - Starting test case execution: Log_002
2026-08-20 16:02:42 [main] INFO  utils.LoggerUtil - [PASS] AccountListArrow Icon Clicked.
2026-08-20 16:02:43 [main] INFO  utils.LoggerUtil - [PASS] SignIn Button Clicked.
2026-08-20 16:02:44 [main] INFO  utils.LoggerUtil - [PASS] Username entered: vinnarasiv17@gmail.com
2026-08-20 16:02:45 [main] INFO  utils.LoggerUtil - [PASS] The Password entered.
2026-08-20 16:02:46 [main] INFO  utils.LoggerUtil - [PASS] SignInSubmit Button Clicked.
2026-08-20 16:02:46 [main] INFO  utils.LoggerUtil - [PASS] Test Case Log_002 Invalid username error message displayed successfully.
2026-08-20 16:02:55 [main] INFO  utils.LoggerUtil - Starting test case execution: Log_003
2026-08-20 16:03:00 [main] INFO  utils.LoggerUtil - [PASS] AccountListArrow Icon Clicked.
2026-08-20 16:03:01 [main] INFO  utils.LoggerUtil - [PASS] SignIn Button Clicked.
2026-08-20 16:03:01 [main] INFO  utils.LoggerUtil - [PASS] Username entered: 
2026-08-20 16:03:02 [main] INFO  utils.LoggerUtil - [PASS] Test Case Log_003 Enter your mobile number or email Error message displayed successfully.
2026-08-20 16:03:10 [main] INFO  utils.LoggerUtil - Starting test case execution: Log_004
2026-08-20 16:03:15 [main] INFO  utils.LoggerUtil - [PASS] AccountListArrow Icon Clicked.
2026-08-20 16:03:17 [main] INFO  utils.LoggerUtil - [PASS] SignIn Button Clicked.
2026-08-20 16:03:17 [main] INFO  utils.LoggerUtil - [PASS] Username entered: vinnarasiv17@gmail.com
2026-08-20 16:03:19 [main] INFO  utils.LoggerUtil - [PASS] The Password entered.
2026-08-20 16:03:19 [main] INFO  utils.LoggerUtil - [PASS] SignInSubmit Button Clicked.
2026-08-20 16:03:19 [main] INFO  utils.LoggerUtil - [PASS] Test Case Log_004 Enter your password Error message displayed successfully.
2026-08-20 16:03:33 [main] INFO  utils.LoggerUtil - Starting test case execution: Log_005
2026-08-20 16:03:39 [main] INFO  utils.LoggerUtil - [PASS] AccountListArrow Icon Clicked.
2026-08-20 16:03:41 [main] INFO  utils.LoggerUtil - [PASS] SignIn Button Clicked.
2026-08-20 16:03:41 [main] INFO  utils.LoggerUtil - [PASS] Username entered: vinnarasiv17@gmail.com
2026-08-20 16:03:43 [main] INFO  utils.LoggerUtil - [PASS] The Password entered.
2026-08-20 16:03:48 [main] INFO  utils.LoggerUtil - [PASS] SignInSubmit Button Clicked.
2026-08-20 16:03:49 [main] INFO  utils.LoggerUtil - [PASS] Test Case Log_005 User is able to login successfully. Dashboard Title: Online Shopping site in India: Shop Online for Mobiles, Books, Watches, Shoes and More - Amazon.in
2026-08-20 16:08:05 [main] INFO  utils.LoggerUtil - Starting test case execution: Log_001
2026-08-20 16:08:07 [main] INFO  utils.LoggerUtil - [PASS] AccountListArrow Icon Clicked.
2026-08-20 16:08:10 [main] INFO  utils.LoggerUtil - [PASS] SignIn Button Clicked.
2026-08-20 16:08:18 [main] INFO  utils.LoggerUtil - [PASS] Username entered: invaliduser
2026-08-20 16:08:18 [main] INFO  utils.LoggerUtil - [PASS] Test Case Log_001 Invalid username error message displayed successfully.
2026-08-20 16:08:30 [main] INFO  utils.LoggerUtil - Starting test case execution: Log_002
2026-08-20 16:08:34 [main] INFO  utils.LoggerUtil - [PASS] AccountListArrow Icon Clicked.
2026-08-20 16:08:36 [main] INFO  utils.LoggerUtil - [PASS] SignIn Button Clicked.
2026-08-20 16:08:36 [main] INFO  utils.LoggerUtil - [PASS] Username entered: vinnarasiv17@gmail.com
2026-08-20 16:08:38 [main] INFO  utils.LoggerUtil - [PASS] The Password entered.
2026-08-20 16:08:40 [main] INFO  utils.LoggerUtil - [PASS] SignInSubmit Button Clicked.
2026-08-20 16:08:40 [main] INFO  utils.LoggerUtil - [PASS] Test Case Log_002 Invalid username error message displayed successfully.
2026-08-20 16:08:57 [main] INFO  utils.LoggerUtil - Starting test case execution: Log_003
2026-08-20 16:09:02 [main] INFO  utils.LoggerUtil - [PASS] AccountListArrow Icon Clicked.
2026-08-20 16:09:04 [main] INFO  utils.LoggerUtil - [PASS] SignIn Button Clicked.
2026-08-20 16:09:04 [main] INFO  utils.LoggerUtil - [PASS] Username entered: 
2026-08-20 16:09:05 [main] INFO  utils.LoggerUtil - [PASS] Test Case Log_003 Enter your mobile number or email Error message displayed successfully.
2026-08-20 16:09:30 [main] INFO  utils.LoggerUtil - Starting test case execution: Log_004
2026-08-20 16:09:31 [main] INFO  utils.LoggerUtil - [PASS] AccountListArrow Icon Clicked.
2026-08-20 16:09:33 [main] INFO  utils.LoggerUtil - [PASS] SignIn Button Clicked.
2026-08-20 16:09:33 [main] INFO  utils.LoggerUtil - [PASS] Username entered: vinnarasiv17@gmail.com
2026-08-20 16:09:35 [main] INFO  utils.LoggerUtil - [PASS] The Password entered.
2026-08-20 16:09:36 [main] INFO  utils.LoggerUtil - [PASS] SignInSubmit Button Clicked.
2026-08-20 16:09:39 [main] INFO  utils.LoggerUtil - [PASS] Test Case Log_004 Enter your password Error message displayed successfully.
2026-08-20 16:09:59 [main] INFO  utils.LoggerUtil - Starting test case execution: Log_005
2026-08-20 16:10:04 [main] INFO  utils.LoggerUtil - [PASS] AccountListArrow Icon Clicked.
2026-08-20 16:10:06 [main] INFO  utils.LoggerUtil - [PASS] SignIn Button Clicked.
2026-08-20 16:10:06 [main] INFO  utils.LoggerUtil - [PASS] Username entered: vinnarasiv17@gmail.com
2026-08-20 16:10:08 [main] INFO  utils.LoggerUtil - [PASS] The Password entered.
2026-08-20 16:10:11 [main] INFO  utils.LoggerUtil - [PASS] SignInSubmit Button Clicked.
2026-08-20 16:10:12 [main] INFO  utils.LoggerUtil - [PASS] Test Case Log_005 User is able to login successfully. Dashboard Title: Online Shopping site in India: Shop Online for Mobiles, Books, Watches, Shoes and More - Amazon.in
2026-08-20 16:11:42 [main] INFO  utils.LoggerUtil - Starting test case execution: Log_001
2026-08-20 16:11:43 [main] INFO  utils.LoggerUtil - [PASS] AccountListArrow Icon Clicked.
2026-08-20 16:11:44 [main] INFO  utils.LoggerUtil - [PASS] SignIn Button Clicked.
2026-08-20 16:11:45 [main] INFO  utils.LoggerUtil - [PASS] Username entered: invaliduser
2026-08-20 16:11:45 [main] INFO  utils.LoggerUtil - [PASS] Test Case Log_001 Invalid username error message displayed successfully.
2026-08-20 16:11:54 [main] INFO  utils.LoggerUtil - Starting test case execution: Log_002
2026-08-20 16:11:58 [main] INFO  utils.LoggerUtil - [PASS] AccountListArrow Icon Clicked.
2026-08-20 16:12:00 [main] INFO  utils.LoggerUtil - [PASS] SignIn Button Clicked.
2026-08-20 16:12:00 [main] INFO  utils.LoggerUtil - [PASS] Username entered: vinnarasiv17@gmail.com
2026-08-20 16:12:02 [main] INFO  utils.LoggerUtil - [PASS] The Password entered.
2026-08-20 16:12:10 [main] INFO  utils.LoggerUtil - [PASS] SignInSubmit Button Clicked.
2026-08-20 16:12:10 [main] INFO  utils.LoggerUtil - [PASS] Test Case Log_002 Invalid username error message displayed successfully.
2026-08-20 16:12:18 [main] INFO  utils.LoggerUtil - Starting test case execution: Log_003
2026-08-20 16:12:21 [main] INFO  utils.LoggerUtil - [PASS] AccountListArrow Icon Clicked.
2026-08-20 16:12:23 [main] INFO  utils.LoggerUtil - [PASS] SignIn Button Clicked.
2026-08-20 16:12:24 [main] INFO  utils.LoggerUtil - [PASS] Username entered: 
2026-08-20 16:12:24 [main] INFO  utils.LoggerUtil - [PASS] Test Case Log_003 Enter your mobile number or email Error message displayed successfully.
2026-08-20 16:12:34 [main] INFO  utils.LoggerUtil - Starting test case execution: Log_004
2026-08-20 16:12:38 [main] INFO  utils.LoggerUtil - [PASS] AccountListArrow Icon Clicked.
2026-08-20 16:12:40 [main] INFO  utils.LoggerUtil - [PASS] SignIn Button Clicked.
2026-08-20 16:12:41 [main] INFO  utils.LoggerUtil - [PASS] Username entered: vinnarasiv17@gmail.com
2026-08-20 16:12:42 [main] INFO  utils.LoggerUtil - [PASS] The Password entered.
2026-08-20 16:12:42 [main] INFO  utils.LoggerUtil - [PASS] SignInSubmit Button Clicked.
2026-08-20 16:12:42 [main] INFO  utils.LoggerUtil - [PASS] Test Case Log_004 Enter your password Error message displayed successfully.
2026-08-20 16:12:51 [main] INFO  utils.LoggerUtil - Starting test case execution: Log_005
2026-08-20 16:12:55 [main] INFO  utils.LoggerUtil - [PASS] AccountListArrow Icon Clicked.
2026-08-20 16:12:57 [main] INFO  utils.LoggerUtil - [PASS] SignIn Button Clicked.
2026-08-20 16:12:57 [main] INFO  utils.LoggerUtil - [PASS] Username entered: vinnarasiv17@gmail.com
2026-08-20 16:12:59 [main] INFO  utils.LoggerUtil - [PASS] The Password entered.
2026-08-20 16:13:03 [main] INFO  utils.LoggerUtil - [PASS] SignInSubmit Button Clicked.
2026-08-20 16:13:03 [main] INFO  utils.LoggerUtil - [PASS] Test Case Log_005 User is able to login successfully. Dashboard Title: Online Shopping site in India: Shop Online for Mobiles, Books, Watches, Shoes and More - Amazon.in
2026-08-20 16:14:02 [main] INFO  utils.LoggerUtil - Starting test case execution: Log_001
2026-08-20 16:14:05 [main] INFO  utils.LoggerUtil - [PASS] AccountListArrow Icon Clicked.
2026-08-20 16:14:07 [main] INFO  utils.LoggerUtil - [PASS] SignIn Button Clicked.
2026-08-20 16:14:07 [main] INFO  utils.LoggerUtil - [PASS] Username entered: invaliduser
2026-08-20 16:14:07 [main] INFO  utils.LoggerUtil - [PASS] Test Case Log_001 Invalid username error message displayed successfully.
2026-08-20 16:14:10 [main] INFO  utils.LoggerUtil - Starting test case execution: Log_002
2026-08-20 16:14:14 [main] INFO  utils.LoggerUtil - [PASS] AccountListArrow Icon Clicked.
2026-08-20 16:14:16 [main] INFO  utils.LoggerUtil - [PASS] SignIn Button Clicked.
2026-08-20 16:14:16 [main] INFO  utils.LoggerUtil - [PASS] Username entered: vinnarasiv17@gmail.com
2026-08-20 16:14:19 [main] INFO  utils.LoggerUtil - [PASS] The Password entered.
2026-08-20 16:14:20 [main] INFO  utils.LoggerUtil - [PASS] SignInSubmit Button Clicked.
2026-08-20 16:14:20 [main] INFO  utils.LoggerUtil - [PASS] Test Case Log_002 Invalid username error message displayed successfully.
2026-08-20 16:14:23 [main] INFO  utils.LoggerUtil - Starting test case execution: Log_003
2026-08-20 16:14:28 [main] INFO  utils.LoggerUtil - [PASS] AccountListArrow Icon Clicked.
2026-08-20 16:14:29 [main] INFO  utils.LoggerUtil - [PASS] SignIn Button Clicked.
2026-08-20 16:14:29 [main] INFO  utils.LoggerUtil - [PASS] Username entered: 
2026-08-20 16:14:30 [main] INFO  utils.LoggerUtil - [PASS] Test Case Log_003 Enter your mobile number or email Error message displayed successfully.
2026-08-20 16:14:32 [main] INFO  utils.LoggerUtil - Starting test case execution: Log_004
2026-08-20 16:14:36 [main] INFO  utils.LoggerUtil - [PASS] AccountListArrow Icon Clicked.
2026-08-20 16:14:38 [main] INFO  utils.LoggerUtil - [PASS] SignIn Button Clicked.
2026-08-20 16:14:38 [main] INFO  utils.LoggerUtil - [PASS] Username entered: vinnarasiv17@gmail.com
2026-08-20 16:14:39 [main] INFO  utils.LoggerUtil - [PASS] The Password entered.
2026-08-20 16:14:39 [main] INFO  utils.LoggerUtil - [PASS] SignInSubmit Button Clicked.
2026-08-20 16:14:39 [main] INFO  utils.LoggerUtil - [PASS] Test Case Log_004 Enter your password Error message displayed successfully.
2026-08-20 16:14:42 [main] INFO  utils.LoggerUtil - Starting test case execution: Log_005
2026-08-20 16:14:46 [main] INFO  utils.LoggerUtil - [PASS] AccountListArrow Icon Clicked.
2026-08-20 16:14:48 [main] INFO  utils.LoggerUtil - [PASS] SignIn Button Clicked.
2026-08-20 16:14:48 [main] INFO  utils.LoggerUtil - [PASS] Username entered: vinnarasiv17@gmail.com
2026-08-20 16:14:49 [main] INFO  utils.LoggerUtil - [PASS] The Password entered.
2026-08-20 16:14:52 [main] INFO  utils.LoggerUtil - [PASS] SignInSubmit Button Clicked.
2026-08-20 16:14:53 [main] INFO  utils.LoggerUtil - [PASS] Test Case Log_005 User is able to login successfully. Dashboard Title: Online Shopping site in India: Shop Online for Mobiles, Books, Watches, Shoes and More - Amazon.in
2026-08-20 16:17:08 [main] INFO  utils.LoggerUtil - Starting test case execution: Log_001
2026-08-20 16:17:10 [main] INFO  utils.LoggerUtil - [PASS] AccountListArrow Icon Clicked.
2026-08-20 16:17:10 [main] INFO  utils.LoggerUtil - [PASS] SignIn Button Clicked.
2026-08-20 16:17:12 [main] INFO  utils.LoggerUtil - [PASS] Username entered: invaliduser
2026-08-20 16:17:12 [main] INFO  utils.LoggerUtil - [PASS] Test Case Log_001 Invalid username error message displayed successfully.
2026-08-20 16:17:15 [main] INFO  utils.LoggerUtil - Starting test case execution: Log_002
2026-08-20 16:17:20 [main] INFO  utils.LoggerUtil - [PASS] AccountListArrow Icon Clicked.
2026-08-20 16:17:20 [main] INFO  utils.LoggerUtil - [PASS] SignIn Button Clicked.
2026-08-20 16:17:22 [main] INFO  utils.LoggerUtil - [PASS] Username entered: vinnarasiv17@gmail.com
2026-08-20 16:17:23 [main] INFO  utils.LoggerUtil - [PASS] The Password entered.
2026-08-20 16:17:24 [main] INFO  utils.LoggerUtil - [PASS] SignInSubmit Button Clicked.
2026-08-20 16:17:24 [main] INFO  utils.LoggerUtil - [PASS] Test Case Log_002 Invalid username error message displayed successfully.
2026-08-20 16:17:27 [main] INFO  utils.LoggerUtil - Starting test case execution: Log_003
2026-08-20 16:17:33 [main] INFO  utils.LoggerUtil - [PASS] AccountListArrow Icon Clicked.
2026-08-20 16:17:34 [main] INFO  utils.LoggerUtil - [PASS] SignIn Button Clicked.
2026-08-20 16:17:35 [main] INFO  utils.LoggerUtil - [PASS] Username entered: 
2026-08-20 16:17:35 [main] INFO  utils.LoggerUtil - [PASS] Test Case Log_003 Enter your mobile number or email Error message displayed successfully.
2026-08-20 16:17:38 [main] INFO  utils.LoggerUtil - Starting test case execution: Log_004
2026-08-20 16:17:42 [main] INFO  utils.LoggerUtil - [PASS] AccountListArrow Icon Clicked.
2026-08-20 16:17:43 [main] INFO  utils.LoggerUtil - [PASS] SignIn Button Clicked.
2026-08-20 16:17:44 [main] INFO  utils.LoggerUtil - [PASS] Username entered: vinnarasiv17@gmail.com
2026-08-20 16:17:45 [main] INFO  utils.LoggerUtil - [PASS] The Password entered.
2026-08-20 16:17:45 [main] INFO  utils.LoggerUtil - [PASS] SignInSubmit Button Clicked.
2026-08-20 16:17:45 [main] INFO  utils.LoggerUtil - [PASS] Test Case Log_004 Enter your password Error message displayed successfully.
2026-08-20 16:17:48 [main] INFO  utils.LoggerUtil - Starting test case execution: Log_005
2026-08-20 16:17:52 [main] INFO  utils.LoggerUtil - [PASS] AccountListArrow Icon Clicked.
2026-08-20 16:17:52 [main] INFO  utils.LoggerUtil - [PASS] SignIn Button Clicked.
2026-08-20 16:17:54 [main] INFO  utils.LoggerUtil - [PASS] Username entered: vinnarasiv17@gmail.com
2026-08-20 16:17:55 [main] INFO  utils.LoggerUtil - [PASS] The Password entered.
2026-08-20 16:17:58 [main] INFO  utils.LoggerUtil - [PASS] SignInSubmit Button Clicked.
2026-08-20 16:17:58 [main] INFO  utils.LoggerUtil - [PASS] Test Case Log_005 User is able to login successfully. Dashboard Title: Online Shopping site in India: Shop Online for Mobiles, Books, Watches, Shoes and More - Amazon.in
2026-08-21 16:42:15 [main] INFO  utils.LoggerUtil - [PASS] AccountListArrow Icon Clicked.
2026-08-21 16:42:35 [main] ERROR utils.LoggerUtil - Expected condition failed: waiting for element to be clickable: By.xpath: //div[@id="nav-al-your-account"]//a[@id="nav-item-signout"] (tried for 10 second(s) with 500 milliseconds interval)
Build info: version: '4.35.0', revision: '1c58e5028b'
System info: os.name: 'Windows 11', os.arch: 'amd64', os.version: '10.0', java.version: '21.0.12'
Driver info: org.openqa.selenium.chrome.ChromeDriver
Capabilities {acceptInsecureCerts: false, browserName: chrome, browserVersion: 151.0.7922.138, chrome: {chromedriverVersion: 151.0.7922.138 (41fa8244239..., userDataDir: C:\Users\DROOFF~1\AppData\L...}, fedcm:accounts: true, goog:chromeOptions: {debuggerAddress: localhost:64074}, goog:processID: 16592, networkConnectionEnabled: false, pageLoadStrategy: normal, platformName: windows, proxy: Proxy(), se:cdp: ws://localhost:64074/devtoo..., se:cdpVersion: 151.0.7922.138, setWindowRect: true, strictFileInteractability: false, timeouts: {implicit: 0, pageLoad: 300000, script: 30000}, unhandledPromptBehavior: dismiss and notify, webauthn:extension:credBlob: true, webauthn:extension:largeBlob: true, webauthn:extension:minPinLength: true, webauthn:extension:prf: true, webauthn:virtualAuthenticators: true}
Session ID: 0777524424965e97ebe8e752cdfdd402
org.openqa.selenium.TimeoutException: Expected condition failed: waiting for element to be clickable: By.xpath: //div[@id="nav-al-your-account"]//a[@id="nav-item-signout"] (tried for 10 second(s) with 500 milliseconds interval)
Build info: version: '4.35.0', revision: '1c58e5028b'
System info: os.name: 'Windows 11', os.arch: 'amd64', os.version: '10.0', java.version: '21.0.12'
Driver info: org.openqa.selenium.chrome.ChromeDriver
Capabilities {acceptInsecureCerts: false, browserName: chrome, browserVersion: 151.0.7922.138, chrome: {chromedriverVersion: 151.0.7922.138 (41fa8244239..., userDataDir: C:\Users\DROOFF~1\AppData\L...}, fedcm:accounts: true, goog:chromeOptions: {debuggerAddress: localhost:64074}, goog:processID: 16592, networkConnectionEnabled: false, pageLoadStrategy: normal, platformName: windows, proxy: Proxy(), se:cdp: ws://localhost:64074/devtoo..., se:cdpVersion: 151.0.7922.138, setWindowRect: true, strictFileInteractability: false, timeouts: {implicit: 0, pageLoad: 300000, script: 30000}, unhandledPromptBehavior: dismiss and notify, webauthn:extension:credBlob: true, webauthn:extension:largeBlob: true, webauthn:extension:minPinLength: true, webauthn:extension:prf: true, webauthn:virtualAuthenticators: true}
Session ID: 0777524424965e97ebe8e752cdfdd402
	at org.openqa.selenium.support.ui.WebDriverWait.timeoutException(WebDriverWait.java:84)
	at org.openqa.selenium.support.ui.FluentWait.until(FluentWait.java:228)
	at pages.BasePage.click(BasePage.java:21)
	at pages.LoginPage.clickBtnSignout(LoginPage.java:77)
	at pages.LoginPage.logoutApplication(LoginPage.java:101)
	at tests.LoginTest.Log_006_Logout(LoginTest.java:149)
	at java.base/jdk.internal.reflect.DirectMethodHandleAccessor.invoke(DirectMethodHandleAccessor.java:103)
	at java.base/java.lang.reflect.Method.invoke(Method.java:580)
	at org.testng.internal.invokers.MethodInvocationHelper.invokeMethod(MethodInvocationHelper.java:141)
	at org.testng.internal.invokers.TestInvoker.invokeMethod(TestInvoker.java:687)
	at org.testng.internal.invokers.TestInvoker.invokeTestMethod(TestInvoker.java:230)
	at org.testng.internal.invokers.MethodRunner.runInSequence(MethodRunner.java:63)
	at org.testng.internal.invokers.TestInvoker$MethodInvocationAgent.invoke(TestInvoker.java:995)
	at org.testng.internal.invokers.TestInvoker.invokeTestMethods(TestInvoker.java:203)
	at org.testng.internal.invokers.TestMethodWorker.invokeTestMethods(TestMethodWorker.java:154)
	at org.testng.internal.invokers.TestMethodWorker.run(TestMethodWorker.java:134)
	at java.base/java.util.ArrayList.forEach(ArrayList.java:1596)
	at org.testng.TestRunner.privateRun(TestRunner.java:741)
	at org.testng.TestRunner.run(TestRunner.java:616)
	at org.testng.SuiteRunner.runTest(SuiteRunner.java:421)
	at org.testng.SuiteRunner.runSequentially(SuiteRunner.java:413)
	at org.testng.SuiteRunner.privateRun(SuiteRunner.java:373)
	at org.testng.SuiteRunner.run(SuiteRunner.java:312)
	at org.testng.SuiteRunnerWorker.runSuite(SuiteRunnerWorker.java:52)
	at org.testng.SuiteRunnerWorker.run(SuiteRunnerWorker.java:95)
	at org.testng.TestNG.runSuitesSequentially(TestNG.java:1274)
	at org.testng.TestNG.runSuitesLocally(TestNG.java:1208)
	at org.testng.TestNG.runSuites(TestNG.java:1112)
	at org.testng.TestNG.run(TestNG.java:1079)
	at org.testng.remote.AbstractRemoteTestNG.run(AbstractRemoteTestNG.java:115)
	at org.testng.remote.RemoteTestNG.initAndRun(RemoteTestNG.java:293)
	at org.testng.remote.RemoteTestNG.main(RemoteTestNG.java:91)
2026-08-21 16:42:42 [main] INFO  utils.LoggerUtil - Starting test case execution: Log_001
2026-08-21 16:42:44 [main] INFO  utils.LoggerUtil - [PASS] AccountListArrow Icon Clicked.
2026-08-21 16:42:44 [main] INFO  utils.LoggerUtil - [PASS] SignIn Button Clicked.
2026-08-21 16:42:49 [main] INFO  utils.LoggerUtil - [PASS] Username entered: invaliduser
2026-08-21 16:42:50 [main] INFO  utils.LoggerUtil - [PASS] Test Case Log_001 Invalid username error message displayed successfully.
2026-08-21 16:42:55 [main] INFO  utils.LoggerUtil - Starting test case execution: Log_002
2026-08-21 16:43:00 [main] INFO  utils.LoggerUtil - [PASS] AccountListArrow Icon Clicked.
2026-08-21 16:43:00 [main] INFO  utils.LoggerUtil - [PASS] SignIn Button Clicked.
2026-08-21 16:43:02 [main] INFO  utils.LoggerUtil - [PASS] Username entered: vinnarasiv17@gmail.com
2026-08-21 16:43:04 [main] INFO  utils.LoggerUtil - [PASS] The Password entered.
2026-08-21 16:43:05 [main] INFO  utils.LoggerUtil - [PASS] SignInSubmit Button Clicked.
2026-08-21 16:43:05 [main] INFO  utils.LoggerUtil - [PASS] Test Case Log_002 Invalid username error message displayed successfully.
2026-08-21 16:43:12 [main] INFO  utils.LoggerUtil - Starting test case execution: Log_003
2026-08-21 16:51:28 [main] INFO  utils.LoggerUtil - [PASS] AccountListArrow Icon Clicked.
2026-08-21 16:51:28 [main] INFO  utils.LoggerUtil - [PASS] SignIn Button Clicked.
2026-08-21 16:51:31 [main] INFO  utils.LoggerUtil - [PASS] Username entered: vinnarasiv17@gmail.com
2026-08-21 16:51:32 [main] INFO  utils.LoggerUtil - [PASS] The Password entered.
2026-08-21 16:51:36 [main] INFO  utils.LoggerUtil - [PASS] SignInSubmit Button Clicked.
2026-08-21 16:51:38 [main] INFO  utils.LoggerUtil - [PASS] AccountListArrow Icon Clicked.
2026-08-21 16:51:42 [main] INFO  utils.LoggerUtil - [PASS] Signout Button Clicked.
2026-08-21 16:51:42 [main] ERROR utils.LoggerUtil - Unable to Logout.
2026-08-21 17:16:48 [main] ERROR utils.LoggerUtil - unknown error: net::ERR_INTERNET_DISCONNECTED
  (Session info: chrome=151.0.7922.138)
Build info: version: '4.35.0', revision: '1c58e5028b'
System info: os.name: 'Windows 11', os.arch: 'amd64', os.version: '10.0', java.version: '21.0.12'
Driver info: org.openqa.selenium.chrome.ChromeDriver
Command: [bcebc8ab366fe7e2ce7ca1876dcc34e8, get {url=https://www.amazon.in}]
Capabilities {acceptInsecureCerts: false, browserName: chrome, browserVersion: 151.0.7922.138, chrome: {chromedriverVersion: 151.0.7922.138 (41fa8244239..., userDataDir: C:\Users\DROOFF~1\AppData\L...}, fedcm:accounts: true, goog:chromeOptions: {debuggerAddress: localhost:53978}, goog:processID: 13480, networkConnectionEnabled: false, pageLoadStrategy: normal, platformName: windows, proxy: Proxy(), se:cdp: ws://localhost:53978/devtoo..., se:cdpVersion: 151.0.7922.138, setWindowRect: true, strictFileInteractability: false, timeouts: {implicit: 0, pageLoad: 300000, script: 30000}, unhandledPromptBehavior: dismiss and notify, webauthn:extension:credBlob: true, webauthn:extension:largeBlob: true, webauthn:extension:minPinLength: true, webauthn:extension:prf: true, webauthn:virtualAuthenticators: true}
Session ID: bcebc8ab366fe7e2ce7ca1876dcc34e8
org.openqa.selenium.WebDriverException: unknown error: net::ERR_INTERNET_DISCONNECTED
  (Session info: chrome=151.0.7922.138)
Build info: version: '4.35.0', revision: '1c58e5028b'
System info: os.name: 'Windows 11', os.arch: 'amd64', os.version: '10.0', java.version: '21.0.12'
Driver info: org.openqa.selenium.chrome.ChromeDriver
Command: [bcebc8ab366fe7e2ce7ca1876dcc34e8, get {url=https://www.amazon.in}]
Capabilities {acceptInsecureCerts: false, browserName: chrome, browserVersion: 151.0.7922.138, chrome: {chromedriverVersion: 151.0.7922.138 (41fa8244239..., userDataDir: C:\Users\DROOFF~1\AppData\L...}, fedcm:accounts: true, goog:chromeOptions: {debuggerAddress: localhost:53978}, goog:processID: 13480, networkConnectionEnabled: false, pageLoadStrategy: normal, platformName: windows, proxy: Proxy(), se:cdp: ws://localhost:53978/devtoo..., se:cdpVersion: 151.0.7922.138, setWindowRect: true, strictFileInteractability: false, timeouts: {implicit: 0, pageLoad: 300000, script: 30000}, unhandledPromptBehavior: dismiss and notify, webauthn:extension:credBlob: true, webauthn:extension:largeBlob: true, webauthn:extension:minPinLength: true, webauthn:extension:prf: true, webauthn:virtualAuthenticators: true}
Session ID: bcebc8ab366fe7e2ce7ca1876dcc34e8
	at java.base/jdk.internal.reflect.DirectConstructorHandleAccessor.newInstance(DirectConstructorHandleAccessor.java:62)
	at java.base/java.lang.reflect.Constructor.newInstanceWithCaller(Constructor.java:502)
	at java.base/java.lang.reflect.Constructor.newInstance(Constructor.java:486)
	at org.openqa.selenium.remote.ErrorCodec.decode(ErrorCodec.java:167)
	at org.openqa.selenium.remote.codec.w3c.W3CHttpResponseCodec.decode(W3CHttpResponseCodec.java:138)
	at org.openqa.selenium.remote.codec.w3c.W3CHttpResponseCodec.decode(W3CHttpResponseCodec.java:50)
	at org.openqa.selenium.remote.HttpCommandExecutor.execute(HttpCommandExecutor.java:215)
	at org.openqa.selenium.remote.service.DriverCommandExecutor.invokeExecute(DriverCommandExecutor.java:216)
	at org.openqa.selenium.remote.service.DriverCommandExecutor.execute(DriverCommandExecutor.java:174)
	at org.openqa.selenium.remote.RemoteWebDriver.execute(RemoteWebDriver.java:557)
	at org.openqa.selenium.remote.RemoteWebDriver.get(RemoteWebDriver.java:325)
	at pages.BasePage.<init>(BasePage.java:21)
	at pages.LoginPage.<init>(LoginPage.java:36)
	at tests.LoginTest.Log_006_Logout(LoginTest.java:148)
	at java.base/jdk.internal.reflect.DirectMethodHandleAccessor.invoke(DirectMethodHandleAccessor.java:103)
	at java.base/java.lang.reflect.Method.invoke(Method.java:580)
	at org.testng.internal.invokers.MethodInvocationHelper.invokeMethod(MethodInvocationHelper.java:141)
	at org.testng.internal.invokers.TestInvoker.invokeMethod(TestInvoker.java:687)
	at org.testng.internal.invokers.TestInvoker.invokeTestMethod(TestInvoker.java:230)
	at org.testng.internal.invokers.MethodRunner.runInSequence(MethodRunner.java:63)
	at org.testng.internal.invokers.TestInvoker$MethodInvocationAgent.invoke(TestInvoker.java:995)
	at org.testng.internal.invokers.TestInvoker.invokeTestMethods(TestInvoker.java:203)
	at org.testng.internal.invokers.TestMethodWorker.invokeTestMethods(TestMethodWorker.java:154)
	at org.testng.internal.invokers.TestMethodWorker.run(TestMethodWorker.java:134)
	at java.base/java.util.ArrayList.forEach(ArrayList.java:1596)
	at org.testng.TestRunner.privateRun(TestRunner.java:741)
	at org.testng.TestRunner.run(TestRunner.java:616)
	at org.testng.SuiteRunner.runTest(SuiteRunner.java:421)
	at org.testng.SuiteRunner.runSequentially(SuiteRunner.java:413)
	at org.testng.SuiteRunner.privateRun(SuiteRunner.java:373)
	at org.testng.SuiteRunner.run(SuiteRunner.java:312)
	at org.testng.SuiteRunnerWorker.runSuite(SuiteRunnerWorker.java:52)
	at org.testng.SuiteRunnerWorker.run(SuiteRunnerWorker.java:95)
	at org.testng.TestNG.runSuitesSequentially(TestNG.java:1274)
	at org.testng.TestNG.runSuitesLocally(TestNG.java:1208)
	at org.testng.TestNG.runSuites(TestNG.java:1112)
	at org.testng.TestNG.run(TestNG.java:1079)
	at org.testng.remote.AbstractRemoteTestNG.run(AbstractRemoteTestNG.java:115)
	at org.testng.remote.RemoteTestNG.initAndRun(RemoteTestNG.java:293)
	at org.testng.remote.RemoteTestNG.main(RemoteTestNG.java:91)
2026-08-21 17:26:36 [main] INFO  utils.LoggerUtil - [PASS] AccountListArrow Icon Clicked.
2026-08-21 17:26:36 [main] INFO  utils.LoggerUtil - [PASS] SignIn Button Clicked.
2026-08-21 17:26:38 [main] INFO  utils.LoggerUtil - [PASS] Username entered: vinnarasiv17@gmail.com
2026-08-21 17:26:40 [main] INFO  utils.LoggerUtil - [PASS] The Password entered.
2026-08-21 17:26:44 [main] INFO  utils.LoggerUtil - [PASS] SignInSubmit Button Clicked.
2026-08-21 17:26:46 [main] INFO  utils.LoggerUtil - [PASS] AccountListArrow Icon Clicked.
2026-08-21 17:26:49 [main] INFO  utils.LoggerUtil - [PASS] Signout Button Clicked.
2026-08-21 17:27:09 [main] ERROR utils.LoggerUtil - Expected condition failed: waiting for visibility of element located by By.xpath: //div[@id="nav-link-accountList"]//span[text()='Hello, sign in'] (tried for 10 second(s) with 500 milliseconds interval)
Build info: version: '4.35.0', revision: '1c58e5028b'
System info: os.name: 'Windows 11', os.arch: 'amd64', os.version: '10.0', java.version: '21.0.12'
Driver info: org.openqa.selenium.chrome.ChromeDriver
Capabilities {acceptInsecureCerts: false, browserName: chrome, browserVersion: 151.0.7922.170, chrome: {chromedriverVersion: 151.0.7922.138 (41fa8244239..., userDataDir: C:\Users\DROOFF~1\AppData\L...}, fedcm:accounts: true, goog:chromeOptions: {debuggerAddress: localhost:53433}, goog:processID: 15056, networkConnectionEnabled: false, pageLoadStrategy: normal, platformName: windows, proxy: Proxy(), se:cdp: ws://localhost:53433/devtoo..., se:cdpVersion: 151.0.7922.170, setWindowRect: true, strictFileInteractability: false, timeouts: {implicit: 0, pageLoad: 300000, script: 30000}, unhandledPromptBehavior: dismiss and notify, webauthn:extension:credBlob: true, webauthn:extension:largeBlob: true, webauthn:extension:minPinLength: true, webauthn:extension:prf: true, webauthn:virtualAuthenticators: true}
Session ID: 4a55edc29b5ac5269317efb06d6dbec1
org.openqa.selenium.TimeoutException: Expected condition failed: waiting for visibility of element located by By.xpath: //div[@id="nav-link-accountList"]//span[text()='Hello, sign in'] (tried for 10 second(s) with 500 milliseconds interval)
Build info: version: '4.35.0', revision: '1c58e5028b'
System info: os.name: 'Windows 11', os.arch: 'amd64', os.version: '10.0', java.version: '21.0.12'
Driver info: org.openqa.selenium.chrome.ChromeDriver
Capabilities {acceptInsecureCerts: false, browserName: chrome, browserVersion: 151.0.7922.170, chrome: {chromedriverVersion: 151.0.7922.138 (41fa8244239..., userDataDir: C:\Users\DROOFF~1\AppData\L...}, fedcm:accounts: true, goog:chromeOptions: {debuggerAddress: localhost:53433}, goog:processID: 15056, networkConnectionEnabled: false, pageLoadStrategy: normal, platformName: windows, proxy: Proxy(), se:cdp: ws://localhost:53433/devtoo..., se:cdpVersion: 151.0.7922.170, setWindowRect: true, strictFileInteractability: false, timeouts: {implicit: 0, pageLoad: 300000, script: 30000}, unhandledPromptBehavior: dismiss and notify, webauthn:extension:credBlob: true, webauthn:extension:largeBlob: true, webauthn:extension:minPinLength: true, webauthn:extension:prf: true, webauthn:virtualAuthenticators: true}
Session ID: 4a55edc29b5ac5269317efb06d6dbec1
	at org.openqa.selenium.support.ui.WebDriverWait.timeoutException(WebDriverWait.java:84)
	at org.openqa.selenium.support.ui.FluentWait.until(FluentWait.java:228)
	at pages.BasePage.getText(BasePage.java:35)
	at pages.LoginPage.logoutApplication(LoginPage.java:103)
	at tests.LoginTest.Log_006_Logout(LoginTest.java:151)
	at java.base/jdk.internal.reflect.DirectMethodHandleAccessor.invoke(DirectMethodHandleAccessor.java:103)
	at java.base/java.lang.reflect.Method.invoke(Method.java:580)
	at org.testng.internal.invokers.MethodInvocationHelper.invokeMethod(MethodInvocationHelper.java:141)
	at org.testng.internal.invokers.TestInvoker.invokeMethod(TestInvoker.java:687)
	at org.testng.internal.invokers.TestInvoker.invokeTestMethod(TestInvoker.java:230)
	at org.testng.internal.invokers.MethodRunner.runInSequence(MethodRunner.java:63)
	at org.testng.internal.invokers.TestInvoker$MethodInvocationAgent.invoke(TestInvoker.java:995)
	at org.testng.internal.invokers.TestInvoker.invokeTestMethods(TestInvoker.java:203)
	at org.testng.internal.invokers.TestMethodWorker.invokeTestMethods(TestMethodWorker.java:154)
	at org.testng.internal.invokers.TestMethodWorker.run(TestMethodWorker.java:134)
	at java.base/java.util.ArrayList.forEach(ArrayList.java:1596)
	at org.testng.TestRunner.privateRun(TestRunner.java:741)
	at org.testng.TestRunner.run(TestRunner.java:616)
	at org.testng.SuiteRunner.runTest(SuiteRunner.java:421)
	at org.testng.SuiteRunner.runSequentially(SuiteRunner.java:413)
	at org.testng.SuiteRunner.privateRun(SuiteRunner.java:373)
	at org.testng.SuiteRunner.run(SuiteRunner.java:312)
	at org.testng.SuiteRunnerWorker.runSuite(SuiteRunnerWorker.java:52)
	at org.testng.SuiteRunnerWorker.run(SuiteRunnerWorker.java:95)
	at org.testng.TestNG.runSuitesSequentially(TestNG.java:1274)
	at org.testng.TestNG.runSuitesLocally(TestNG.java:1208)
	at org.testng.TestNG.runSuites(TestNG.java:1112)
	at org.testng.TestNG.run(TestNG.java:1079)
	at org.testng.remote.AbstractRemoteTestNG.run(AbstractRemoteTestNG.java:115)
	at org.testng.remote.RemoteTestNG.initAndRun(RemoteTestNG.java:293)
	at org.testng.remote.RemoteTestNG.main(RemoteTestNG.java:91)
2026-08-21 17:33:46 [main] INFO  utils.LoggerUtil - [PASS] AccountListArrow Icon Clicked.
2026-08-21 17:33:46 [main] INFO  utils.LoggerUtil - [PASS] SignIn Button Clicked.
2026-08-21 17:33:48 [main] INFO  utils.LoggerUtil - [PASS] Username entered: vinnarasiv17@gmail.com
2026-08-21 17:33:50 [main] INFO  utils.LoggerUtil - [PASS] The Password entered.
2026-08-21 17:33:56 [main] INFO  utils.LoggerUtil - [PASS] SignInSubmit Button Clicked.
2026-08-21 17:33:57 [main] INFO  utils.LoggerUtil - [PASS] AccountListArrow Icon Clicked.
2026-08-21 17:33:59 [main] INFO  utils.LoggerUtil - [PASS] Signout Button Clicked.
2026-08-21 17:34:20 [main] ERROR utils.LoggerUtil - Expected condition failed: waiting for visibility of element located by By.xpath: //div[@id="nav-link-accountList"]//span[text()='Hello, sign in'] (tried for 10 second(s) with 500 milliseconds interval)
Build info: version: '4.35.0', revision: '1c58e5028b'
System info: os.name: 'Windows 11', os.arch: 'amd64', os.version: '10.0', java.version: '21.0.12'
Driver info: org.openqa.selenium.chrome.ChromeDriver
Capabilities {acceptInsecureCerts: false, browserName: chrome, browserVersion: 151.0.7922.170, chrome: {chromedriverVersion: 151.0.7922.138 (41fa8244239..., userDataDir: C:\Users\DROOFF~1\AppData\L...}, fedcm:accounts: true, goog:chromeOptions: {debuggerAddress: localhost:49366}, goog:processID: 3036, networkConnectionEnabled: false, pageLoadStrategy: normal, platformName: windows, proxy: Proxy(), se:cdp: ws://localhost:49366/devtoo..., se:cdpVersion: 151.0.7922.170, setWindowRect: true, strictFileInteractability: false, timeouts: {implicit: 0, pageLoad: 300000, script: 30000}, unhandledPromptBehavior: dismiss and notify, webauthn:extension:credBlob: true, webauthn:extension:largeBlob: true, webauthn:extension:minPinLength: true, webauthn:extension:prf: true, webauthn:virtualAuthenticators: true}
Session ID: 9b2efb8dd046fb97486302e1da9152af
org.openqa.selenium.TimeoutException: Expected condition failed: waiting for visibility of element located by By.xpath: //div[@id="nav-link-accountList"]//span[text()='Hello, sign in'] (tried for 10 second(s) with 500 milliseconds interval)
Build info: version: '4.35.0', revision: '1c58e5028b'
System info: os.name: 'Windows 11', os.arch: 'amd64', os.version: '10.0', java.version: '21.0.12'
Driver info: org.openqa.selenium.chrome.ChromeDriver
Capabilities {acceptInsecureCerts: false, browserName: chrome, browserVersion: 151.0.7922.170, chrome: {chromedriverVersion: 151.0.7922.138 (41fa8244239..., userDataDir: C:\Users\DROOFF~1\AppData\L...}, fedcm:accounts: true, goog:chromeOptions: {debuggerAddress: localhost:49366}, goog:processID: 3036, networkConnectionEnabled: false, pageLoadStrategy: normal, platformName: windows, proxy: Proxy(), se:cdp: ws://localhost:49366/devtoo..., se:cdpVersion: 151.0.7922.170, setWindowRect: true, strictFileInteractability: false, timeouts: {implicit: 0, pageLoad: 300000, script: 30000}, unhandledPromptBehavior: dismiss and notify, webauthn:extension:credBlob: true, webauthn:extension:largeBlob: true, webauthn:extension:minPinLength: true, webauthn:extension:prf: true, webauthn:virtualAuthenticators: true}
Session ID: 9b2efb8dd046fb97486302e1da9152af
	at org.openqa.selenium.support.ui.WebDriverWait.timeoutException(WebDriverWait.java:84)
	at org.openqa.selenium.support.ui.FluentWait.until(FluentWait.java:228)
	at pages.BasePage.getText(BasePage.java:35)
	at pages.LoginPage.logoutApplication(LoginPage.java:103)
	at tests.LoginTest.Log_006_Logout(LoginTest.java:151)
	at java.base/jdk.internal.reflect.DirectMethodHandleAccessor.invoke(DirectMethodHandleAccessor.java:103)
	at java.base/java.lang.reflect.Method.invoke(Method.java:580)
	at org.testng.internal.invokers.MethodInvocationHelper.invokeMethod(MethodInvocationHelper.java:141)
	at org.testng.internal.invokers.TestInvoker.invokeMethod(TestInvoker.java:687)
	at org.testng.internal.invokers.TestInvoker.invokeTestMethod(TestInvoker.java:230)
	at org.testng.internal.invokers.MethodRunner.runInSequence(MethodRunner.java:63)
	at org.testng.internal.invokers.TestInvoker$MethodInvocationAgent.invoke(TestInvoker.java:995)
	at org.testng.internal.invokers.TestInvoker.invokeTestMethods(TestInvoker.java:203)
	at org.testng.internal.invokers.TestMethodWorker.invokeTestMethods(TestMethodWorker.java:154)
	at org.testng.internal.invokers.TestMethodWorker.run(TestMethodWorker.java:134)
	at java.base/java.util.ArrayList.forEach(ArrayList.java:1596)
	at org.testng.TestRunner.privateRun(TestRunner.java:741)
	at org.testng.TestRunner.run(TestRunner.java:616)
	at org.testng.SuiteRunner.runTest(SuiteRunner.java:421)
	at org.testng.SuiteRunner.runSequentially(SuiteRunner.java:413)
	at org.testng.SuiteRunner.privateRun(SuiteRunner.java:373)
	at org.testng.SuiteRunner.run(SuiteRunner.java:312)
	at org.testng.SuiteRunnerWorker.runSuite(SuiteRunnerWorker.java:52)
	at org.testng.SuiteRunnerWorker.run(SuiteRunnerWorker.java:95)
	at org.testng.TestNG.runSuitesSequentially(TestNG.java:1274)
	at org.testng.TestNG.runSuitesLocally(TestNG.java:1208)
	at org.testng.TestNG.runSuites(TestNG.java:1112)
	at org.testng.TestNG.run(TestNG.java:1079)
	at org.testng.remote.AbstractRemoteTestNG.run(AbstractRemoteTestNG.java:115)
	at org.testng.remote.RemoteTestNG.initAndRun(RemoteTestNG.java:293)
	at org.testng.remote.RemoteTestNG.main(RemoteTestNG.java:91)
2026-08-21 17:43:25 [main] INFO  utils.LoggerUtil - [PASS] AccountListArrow Icon Clicked.
2026-08-21 17:43:25 [main] INFO  utils.LoggerUtil - [PASS] SignIn Button Clicked.
2026-08-21 17:43:28 [main] INFO  utils.LoggerUtil - [PASS] Username entered: vinnarasiv17@gmail.com
2026-08-21 17:43:30 [main] INFO  utils.LoggerUtil - [PASS] The Password entered.
2026-08-21 17:43:37 [main] INFO  utils.LoggerUtil - [PASS] SignInSubmit Button Clicked.
2026-08-21 17:43:39 [main] INFO  utils.LoggerUtil - [PASS] AccountListArrow Icon Clicked.
2026-08-21 17:43:43 [main] INFO  utils.LoggerUtil - [PASS] Signout Button Clicked.
2026-08-21 17:43:44 [main] INFO  utils.LoggerUtil - [PASS] Test Case Log_006 User is able to logout successfully. Dashboard Title: Amazon Sign-In
2026-08-21 17:50:05 [main] INFO  utils.LoggerUtil - Starting test case execution: Log_005
2026-08-21 17:50:07 [main] INFO  utils.LoggerUtil - [PASS] AccountListArrow Icon Clicked.
2026-08-21 17:50:09 [main] INFO  utils.LoggerUtil - [PASS] SignIn Button Clicked.
2026-08-21 17:50:10 [main] INFO  utils.LoggerUtil - [PASS] Username entered: vinnarasiv17@gmail.com
2026-08-21 17:50:14 [main] INFO  utils.LoggerUtil - [PASS] The Password entered.
2026-08-21 17:50:23 [main] INFO  utils.LoggerUtil - [PASS] SignInSubmit Button Clicked.
2026-08-21 17:50:23 [main] ERROR utils.LoggerUtil - expected [Your Amazon.in] but found [Online Shopping site in India: Shop Online for Mobiles, Books, Watches, Shoes and More - Amazon.in]
java.lang.AssertionError: expected [Your Amazon.in] but found [Online Shopping site in India: Shop Online for Mobiles, Books, Watches, Shoes and More - Amazon.in]
	at org.testng.Assert.fail(Assert.java:111)
	at org.testng.Assert.failNotEquals(Assert.java:1590)
	at org.testng.Assert.assertEqualsImpl(Assert.java:150)
	at org.testng.Assert.assertEquals(Assert.java:132)
	at org.testng.Assert.assertEquals(Assert.java:656)
	at org.testng.Assert.assertEquals(Assert.java:666)
	at tests.LoginTest.Log_005_VerifyValidLogin(LoginTest.java:137)
	at java.base/jdk.internal.reflect.DirectMethodHandleAccessor.invoke(DirectMethodHandleAccessor.java:103)
	at java.base/java.lang.reflect.Method.invoke(Method.java:580)
	at org.testng.internal.invokers.MethodInvocationHelper.invokeMethod(MethodInvocationHelper.java:141)
	at org.testng.internal.invokers.TestInvoker.invokeMethod(TestInvoker.java:687)
	at org.testng.internal.invokers.TestInvoker.invokeTestMethod(TestInvoker.java:230)
	at org.testng.internal.invokers.MethodRunner.runInSequence(MethodRunner.java:63)
	at org.testng.internal.invokers.TestInvoker$MethodInvocationAgent.invoke(TestInvoker.java:995)
	at org.testng.internal.invokers.TestInvoker.invokeTestMethods(TestInvoker.java:203)
	at org.testng.internal.invokers.TestMethodWorker.invokeTestMethods(TestMethodWorker.java:154)
	at org.testng.internal.invokers.TestMethodWorker.run(TestMethodWorker.java:134)
	at java.base/java.util.ArrayList.forEach(ArrayList.java:1596)
	at org.testng.TestRunner.privateRun(TestRunner.java:741)
	at org.testng.TestRunner.run(TestRunner.java:616)
	at org.testng.SuiteRunner.runTest(SuiteRunner.java:421)
	at org.testng.SuiteRunner.runSequentially(SuiteRunner.java:413)
	at org.testng.SuiteRunner.privateRun(SuiteRunner.java:373)
	at org.testng.SuiteRunner.run(SuiteRunner.java:312)
	at org.testng.SuiteRunnerWorker.runSuite(SuiteRunnerWorker.java:52)
	at org.testng.SuiteRunnerWorker.run(SuiteRunnerWorker.java:95)
	at org.testng.TestNG.runSuitesSequentially(TestNG.java:1274)
	at org.testng.TestNG.runSuitesLocally(TestNG.java:1208)
	at org.testng.TestNG.runSuites(TestNG.java:1112)
	at org.testng.TestNG.run(TestNG.java:1079)
	at org.testng.remote.AbstractRemoteTestNG.run(AbstractRemoteTestNG.java:115)
	at org.testng.remote.RemoteTestNG.initAndRun(RemoteTestNG.java:293)
	at org.testng.remote.RemoteTestNG.main(RemoteTestNG.java:91)
2026-08-21 17:50:25 [main] INFO  utils.LoggerUtil - [PASS] AccountListArrow Icon Clicked.
2026-08-21 17:50:35 [main] ERROR utils.LoggerUtil - Expected condition failed: waiting for element to be clickable: By.xpath: //div[@class="nav-template nav-flyout-content"]//span[@class="nav-action-inner"] (tried for 10 second(s) with 500 milliseconds interval)
Build info: version: '4.35.0', revision: '1c58e5028b'
System info: os.name: 'Windows 11', os.arch: 'amd64', os.version: '10.0', java.version: '21.0.12'
Driver info: org.openqa.selenium.chrome.ChromeDriver
Capabilities {acceptInsecureCerts: false, browserName: chrome, browserVersion: 151.0.7922.170, chrome: {chromedriverVersion: 151.0.7922.138 (41fa8244239..., userDataDir: C:\Users\DROOFF~1\AppData\L...}, fedcm:accounts: true, goog:chromeOptions: {debuggerAddress: localhost:56941}, goog:processID: 16524, networkConnectionEnabled: false, pageLoadStrategy: normal, platformName: windows, proxy: Proxy(), se:cdp: ws://localhost:56941/devtoo..., se:cdpVersion: 151.0.7922.170, setWindowRect: true, strictFileInteractability: false, timeouts: {implicit: 0, pageLoad: 300000, script: 30000}, unhandledPromptBehavior: dismiss and notify, webauthn:extension:credBlob: true, webauthn:extension:largeBlob: true, webauthn:extension:minPinLength: true, webauthn:extension:prf: true, webauthn:virtualAuthenticators: true}
Session ID: 50dde3fcf9db6d2ee0d5d300c837a7a0
org.openqa.selenium.TimeoutException: Expected condition failed: waiting for element to be clickable: By.xpath: //div[@class="nav-template nav-flyout-content"]//span[@class="nav-action-inner"] (tried for 10 second(s) with 500 milliseconds interval)
Build info: version: '4.35.0', revision: '1c58e5028b'
System info: os.name: 'Windows 11', os.arch: 'amd64', os.version: '10.0', java.version: '21.0.12'
Driver info: org.openqa.selenium.chrome.ChromeDriver
Capabilities {acceptInsecureCerts: false, browserName: chrome, browserVersion: 151.0.7922.170, chrome: {chromedriverVersion: 151.0.7922.138 (41fa8244239..., userDataDir: C:\Users\DROOFF~1\AppData\L...}, fedcm:accounts: true, goog:chromeOptions: {debuggerAddress: localhost:56941}, goog:processID: 16524, networkConnectionEnabled: false, pageLoadStrategy: normal, platformName: windows, proxy: Proxy(), se:cdp: ws://localhost:56941/devtoo..., se:cdpVersion: 151.0.7922.170, setWindowRect: true, strictFileInteractability: false, timeouts: {implicit: 0, pageLoad: 300000, script: 30000}, unhandledPromptBehavior: dismiss and notify, webauthn:extension:credBlob: true, webauthn:extension:largeBlob: true, webauthn:extension:minPinLength: true, webauthn:extension:prf: true, webauthn:virtualAuthenticators: true}
Session ID: 50dde3fcf9db6d2ee0d5d300c837a7a0
	at org.openqa.selenium.support.ui.WebDriverWait.timeoutException(WebDriverWait.java:84)
	at org.openqa.selenium.support.ui.FluentWait.until(FluentWait.java:228)
	at pages.BasePage.click(BasePage.java:25)
	at pages.LoginPage.clickBtnSignIn(LoginPage.java:45)
	at pages.LoginPage.loginToApplication(LoginPage.java:86)
	at tests.LoginTest.Log_006_Logout(LoginTest.java:149)
	at java.base/jdk.internal.reflect.DirectMethodHandleAccessor.invoke(DirectMethodHandleAccessor.java:103)
	at java.base/java.lang.reflect.Method.invoke(Method.java:580)
	at org.testng.internal.invokers.MethodInvocationHelper.invokeMethod(MethodInvocationHelper.java:141)
	at org.testng.internal.invokers.TestInvoker.invokeMethod(TestInvoker.java:687)
	at org.testng.internal.invokers.TestInvoker.invokeTestMethod(TestInvoker.java:230)
	at org.testng.internal.invokers.MethodRunner.runInSequence(MethodRunner.java:63)
	at org.testng.internal.invokers.TestInvoker$MethodInvocationAgent.invoke(TestInvoker.java:995)
	at org.testng.internal.invokers.TestInvoker.invokeTestMethods(TestInvoker.java:203)
	at org.testng.internal.invokers.TestMethodWorker.invokeTestMethods(TestMethodWorker.java:154)
	at org.testng.internal.invokers.TestMethodWorker.run(TestMethodWorker.java:134)
	at java.base/java.util.ArrayList.forEach(ArrayList.java:1596)
	at org.testng.TestRunner.privateRun(TestRunner.java:741)
	at org.testng.TestRunner.run(TestRunner.java:616)
	at org.testng.SuiteRunner.runTest(SuiteRunner.java:421)
	at org.testng.SuiteRunner.runSequentially(SuiteRunner.java:413)
	at org.testng.SuiteRunner.privateRun(SuiteRunner.java:373)
	at org.testng.SuiteRunner.run(SuiteRunner.java:312)
	at org.testng.SuiteRunnerWorker.runSuite(SuiteRunnerWorker.java:52)
	at org.testng.SuiteRunnerWorker.run(SuiteRunnerWorker.java:95)
	at org.testng.TestNG.runSuitesSequentially(TestNG.java:1274)
	at org.testng.TestNG.runSuitesLocally(TestNG.java:1208)
	at org.testng.TestNG.runSuites(TestNG.java:1112)
	at org.testng.TestNG.run(TestNG.java:1079)
	at org.testng.remote.AbstractRemoteTestNG.run(AbstractRemoteTestNG.java:115)
	at org.testng.remote.RemoteTestNG.initAndRun(RemoteTestNG.java:293)
	at org.testng.remote.RemoteTestNG.main(RemoteTestNG.java:91)
2026-08-21 17:56:24 [main] INFO  utils.LoggerUtil - Starting test case execution: Log_005
2026-08-21 17:56:57 [main] INFO  utils.LoggerUtil - [PASS] AccountListArrow Icon Clicked.
2026-08-21 17:56:57 [main] INFO  utils.LoggerUtil - [PASS] SignIn Button Clicked.
2026-08-21 17:57:06 [main] INFO  utils.LoggerUtil - [PASS] Username entered: vinnarasiv17@gmail.com
2026-08-21 17:57:10 [main] INFO  utils.LoggerUtil - [PASS] The Password entered.
2026-08-21 17:57:18 [main] INFO  utils.LoggerUtil - [PASS] SignInSubmit Button Clicked.
2026-08-21 17:57:20 [main] INFO  utils.LoggerUtil - [PASS] AccountListArrow Icon Clicked.
2026-08-21 17:57:25 [main] INFO  utils.LoggerUtil - [PASS] Signout Button Clicked.
2026-08-21 17:57:25 [main] INFO  utils.LoggerUtil - [PASS] Test Case Log_006 User is able to logout successfully. Dashboard Title: Amazon Sign-In
2026-08-21 17:59:43 [main] INFO  utils.LoggerUtil - Starting test case execution: Log_005
2026-08-21 17:59:45 [main] INFO  utils.LoggerUtil - [PASS] AccountListArrow Icon Clicked.
2026-08-21 17:59:45 [main] INFO  utils.LoggerUtil - [PASS] SignIn Button Clicked.
2026-08-21 17:59:48 [main] INFO  utils.LoggerUtil - [PASS] Username entered: vinnarasiv17@gmail.com
2026-08-21 17:59:51 [main] INFO  utils.LoggerUtil - [PASS] The Password entered.
2026-08-21 17:59:58 [main] INFO  utils.LoggerUtil - [PASS] SignInSubmit Button Clicked.
2026-08-21 17:59:59 [main] INFO  utils.LoggerUtil - [PASS] Test Case Log_005 User is able to login successfully. Dashboard Title: Online Shopping site in India: Shop Online for Mobiles, Books, Watches, Shoes and More - Amazon.in
2026-08-21 18:00:00 [main] INFO  utils.LoggerUtil - [PASS] AccountListArrow Icon Clicked.
2026-08-21 18:00:10 [main] ERROR utils.LoggerUtil - Expected condition failed: waiting for element to be clickable: By.xpath: //div[@class="nav-template nav-flyout-content"]//span[@class="nav-action-inner"] (tried for 10 second(s) with 500 milliseconds interval)
Build info: version: '4.35.0', revision: '1c58e5028b'
System info: os.name: 'Windows 11', os.arch: 'amd64', os.version: '10.0', java.version: '21.0.12'
Driver info: org.openqa.selenium.chrome.ChromeDriver
Capabilities {acceptInsecureCerts: false, browserName: chrome, browserVersion: 151.0.7922.170, chrome: {chromedriverVersion: 151.0.7922.138 (41fa8244239..., userDataDir: C:\Users\DROOFF~1\AppData\L...}, fedcm:accounts: true, goog:chromeOptions: {debuggerAddress: localhost:65237}, goog:processID: 11368, networkConnectionEnabled: false, pageLoadStrategy: normal, platformName: windows, proxy: Proxy(), se:cdp: ws://localhost:65237/devtoo..., se:cdpVersion: 151.0.7922.170, setWindowRect: true, strictFileInteractability: false, timeouts: {implicit: 0, pageLoad: 300000, script: 30000}, unhandledPromptBehavior: dismiss and notify, webauthn:extension:credBlob: true, webauthn:extension:largeBlob: true, webauthn:extension:minPinLength: true, webauthn:extension:prf: true, webauthn:virtualAuthenticators: true}
Session ID: 0df94f3952afbefbe013b393b7c04541
org.openqa.selenium.TimeoutException: Expected condition failed: waiting for element to be clickable: By.xpath: //div[@class="nav-template nav-flyout-content"]//span[@class="nav-action-inner"] (tried for 10 second(s) with 500 milliseconds interval)
Build info: version: '4.35.0', revision: '1c58e5028b'
System info: os.name: 'Windows 11', os.arch: 'amd64', os.version: '10.0', java.version: '21.0.12'
Driver info: org.openqa.selenium.chrome.ChromeDriver
Capabilities {acceptInsecureCerts: false, browserName: chrome, browserVersion: 151.0.7922.170, chrome: {chromedriverVersion: 151.0.7922.138 (41fa8244239..., userDataDir: C:\Users\DROOFF~1\AppData\L...}, fedcm:accounts: true, goog:chromeOptions: {debuggerAddress: localhost:65237}, goog:processID: 11368, networkConnectionEnabled: false, pageLoadStrategy: normal, platformName: windows, proxy: Proxy(), se:cdp: ws://localhost:65237/devtoo..., se:cdpVersion: 151.0.7922.170, setWindowRect: true, strictFileInteractability: false, timeouts: {implicit: 0, pageLoad: 300000, script: 30000}, unhandledPromptBehavior: dismiss and notify, webauthn:extension:credBlob: true, webauthn:extension:largeBlob: true, webauthn:extension:minPinLength: true, webauthn:extension:prf: true, webauthn:virtualAuthenticators: true}
Session ID: 0df94f3952afbefbe013b393b7c04541
	at org.openqa.selenium.support.ui.WebDriverWait.timeoutException(WebDriverWait.java:84)
	at org.openqa.selenium.support.ui.FluentWait.until(FluentWait.java:228)
	at pages.BasePage.click(BasePage.java:25)
	at pages.LoginPage.clickBtnSignIn(LoginPage.java:45)
	at pages.LoginPage.loginToApplication(LoginPage.java:86)
	at tests.LoginTest.Log_006_Logout(LoginTest.java:149)
	at java.base/jdk.internal.reflect.DirectMethodHandleAccessor.invoke(DirectMethodHandleAccessor.java:103)
	at java.base/java.lang.reflect.Method.invoke(Method.java:580)
	at org.testng.internal.invokers.MethodInvocationHelper.invokeMethod(MethodInvocationHelper.java:141)
	at org.testng.internal.invokers.TestInvoker.invokeMethod(TestInvoker.java:687)
	at org.testng.internal.invokers.TestInvoker.invokeTestMethod(TestInvoker.java:230)
	at org.testng.internal.invokers.MethodRunner.runInSequence(MethodRunner.java:63)
	at org.testng.internal.invokers.TestInvoker$MethodInvocationAgent.invoke(TestInvoker.java:995)
	at org.testng.internal.invokers.TestInvoker.invokeTestMethods(TestInvoker.java:203)
	at org.testng.internal.invokers.TestMethodWorker.invokeTestMethods(TestMethodWorker.java:154)
	at org.testng.internal.invokers.TestMethodWorker.run(TestMethodWorker.java:134)
	at java.base/java.util.ArrayList.forEach(ArrayList.java:1596)
	at org.testng.TestRunner.privateRun(TestRunner.java:741)
	at org.testng.TestRunner.run(TestRunner.java:616)
	at org.testng.SuiteRunner.runTest(SuiteRunner.java:421)
	at org.testng.SuiteRunner.runSequentially(SuiteRunner.java:413)
	at org.testng.SuiteRunner.privateRun(SuiteRunner.java:373)
	at org.testng.SuiteRunner.run(SuiteRunner.java:312)
	at org.testng.SuiteRunnerWorker.runSuite(SuiteRunnerWorker.java:52)
	at org.testng.SuiteRunnerWorker.run(SuiteRunnerWorker.java:95)
	at org.testng.TestNG.runSuitesSequentially(TestNG.java:1274)
	at org.testng.TestNG.runSuitesLocally(TestNG.java:1208)
	at org.testng.TestNG.runSuites(TestNG.java:1112)
	at org.testng.TestNG.run(TestNG.java:1079)
	at org.testng.remote.AbstractRemoteTestNG.run(AbstractRemoteTestNG.java:115)
	at org.testng.remote.RemoteTestNG.initAndRun(RemoteTestNG.java:293)
	at org.testng.remote.RemoteTestNG.main(RemoteTestNG.java:91)
2026-08-21 18:02:44 [main] INFO  utils.LoggerUtil - Starting test case execution: Log_005
2026-08-21 18:02:45 [main] INFO  utils.LoggerUtil - [PASS] AccountListArrow Icon Clicked.
2026-08-21 18:02:46 [main] INFO  utils.LoggerUtil - [PASS] SignIn Button Clicked.
2026-08-21 18:02:49 [main] INFO  utils.LoggerUtil - [PASS] Username entered: vinnarasiv17@gmail.com
2026-08-21 18:02:52 [main] INFO  utils.LoggerUtil - [PASS] The Password entered.
2026-08-21 18:02:57 [main] INFO  utils.LoggerUtil - [PASS] SignInSubmit Button Clicked.
2026-08-21 18:02:58 [main] INFO  utils.LoggerUtil - [PASS] Test Case Log_005 User is able to login successfully. Dashboard Title: Online Shopping site in India: Shop Online for Mobiles, Books, Watches, Shoes and More - Amazon.in
2026-08-21 18:02:58 [main] INFO  utils.LoggerUtil - [PASS] AccountListArrow Icon Clicked.
2026-08-21 18:03:09 [main] ERROR utils.LoggerUtil - Expected condition failed: waiting for element to be clickable: By.xpath: //div[@class="nav-template nav-flyout-content"]//span[@class="nav-action-inner"] (tried for 10 second(s) with 500 milliseconds interval)
Build info: version: '4.35.0', revision: '1c58e5028b'
System info: os.name: 'Windows 11', os.arch: 'amd64', os.version: '10.0', java.version: '21.0.12'
Driver info: org.openqa.selenium.chrome.ChromeDriver
Capabilities {acceptInsecureCerts: false, browserName: chrome, browserVersion: 151.0.7922.170, chrome: {chromedriverVersion: 151.0.7922.138 (41fa8244239..., userDataDir: C:\Users\DROOFF~1\AppData\L...}, fedcm:accounts: true, goog:chromeOptions: {debuggerAddress: localhost:49591}, goog:processID: 18328, networkConnectionEnabled: false, pageLoadStrategy: normal, platformName: windows, proxy: Proxy(), se:cdp: ws://localhost:49591/devtoo..., se:cdpVersion: 151.0.7922.170, setWindowRect: true, strictFileInteractability: false, timeouts: {implicit: 0, pageLoad: 300000, script: 30000}, unhandledPromptBehavior: dismiss and notify, webauthn:extension:credBlob: true, webauthn:extension:largeBlob: true, webauthn:extension:minPinLength: true, webauthn:extension:prf: true, webauthn:virtualAuthenticators: true}
Session ID: be61daed09fe718808e749ef382fd8e5
org.openqa.selenium.TimeoutException: Expected condition failed: waiting for element to be clickable: By.xpath: //div[@class="nav-template nav-flyout-content"]//span[@class="nav-action-inner"] (tried for 10 second(s) with 500 milliseconds interval)
Build info: version: '4.35.0', revision: '1c58e5028b'
System info: os.name: 'Windows 11', os.arch: 'amd64', os.version: '10.0', java.version: '21.0.12'
Driver info: org.openqa.selenium.chrome.ChromeDriver
Capabilities {acceptInsecureCerts: false, browserName: chrome, browserVersion: 151.0.7922.170, chrome: {chromedriverVersion: 151.0.7922.138 (41fa8244239..., userDataDir: C:\Users\DROOFF~1\AppData\L...}, fedcm:accounts: true, goog:chromeOptions: {debuggerAddress: localhost:49591}, goog:processID: 18328, networkConnectionEnabled: false, pageLoadStrategy: normal, platformName: windows, proxy: Proxy(), se:cdp: ws://localhost:49591/devtoo..., se:cdpVersion: 151.0.7922.170, setWindowRect: true, strictFileInteractability: false, timeouts: {implicit: 0, pageLoad: 300000, script: 30000}, unhandledPromptBehavior: dismiss and notify, webauthn:extension:credBlob: true, webauthn:extension:largeBlob: true, webauthn:extension:minPinLength: true, webauthn:extension:prf: true, webauthn:virtualAuthenticators: true}
Session ID: be61daed09fe718808e749ef382fd8e5
	at org.openqa.selenium.support.ui.WebDriverWait.timeoutException(WebDriverWait.java:84)
	at org.openqa.selenium.support.ui.FluentWait.until(FluentWait.java:228)
	at pages.BasePage.click(BasePage.java:25)
	at pages.LoginPage.clickBtnSignIn(LoginPage.java:45)
	at pages.LoginPage.loginToApplication(LoginPage.java:86)
	at tests.LoginTest.Log_006_Logout(LoginTest.java:149)
	at java.base/jdk.internal.reflect.DirectMethodHandleAccessor.invoke(DirectMethodHandleAccessor.java:103)
	at java.base/java.lang.reflect.Method.invoke(Method.java:580)
	at org.testng.internal.invokers.MethodInvocationHelper.invokeMethod(MethodInvocationHelper.java:141)
	at org.testng.internal.invokers.TestInvoker.invokeMethod(TestInvoker.java:687)
	at org.testng.internal.invokers.TestInvoker.invokeTestMethod(TestInvoker.java:230)
	at org.testng.internal.invokers.MethodRunner.runInSequence(MethodRunner.java:63)
	at org.testng.internal.invokers.TestInvoker$MethodInvocationAgent.invoke(TestInvoker.java:995)
	at org.testng.internal.invokers.TestInvoker.invokeTestMethods(TestInvoker.java:203)
	at org.testng.internal.invokers.TestMethodWorker.invokeTestMethods(TestMethodWorker.java:154)
	at org.testng.internal.invokers.TestMethodWorker.run(TestMethodWorker.java:134)
	at java.base/java.util.ArrayList.forEach(ArrayList.java:1596)
	at org.testng.TestRunner.privateRun(TestRunner.java:741)
	at org.testng.TestRunner.run(TestRunner.java:616)
	at org.testng.SuiteRunner.runTest(SuiteRunner.java:421)
	at org.testng.SuiteRunner.runSequentially(SuiteRunner.java:413)
	at org.testng.SuiteRunner.privateRun(SuiteRunner.java:373)
	at org.testng.SuiteRunner.run(SuiteRunner.java:312)
	at org.testng.SuiteRunnerWorker.runSuite(SuiteRunnerWorker.java:52)
	at org.testng.SuiteRunnerWorker.run(SuiteRunnerWorker.java:95)
	at org.testng.TestNG.runSuitesSequentially(TestNG.java:1274)
	at org.testng.TestNG.runSuitesLocally(TestNG.java:1208)
	at org.testng.TestNG.runSuites(TestNG.java:1112)
	at org.testng.TestNG.run(TestNG.java:1079)
	at org.testng.remote.AbstractRemoteTestNG.run(AbstractRemoteTestNG.java:115)
	at org.testng.remote.RemoteTestNG.initAndRun(RemoteTestNG.java:293)
	at org.testng.remote.RemoteTestNG.main(RemoteTestNG.java:91)
2026-08-21 18:04:20 [main] INFO  utils.LoggerUtil - Starting test case execution: Log_005
2026-08-21 18:04:22 [main] INFO  utils.LoggerUtil - [PASS] AccountListArrow Icon Clicked.
2026-08-21 18:04:22 [main] INFO  utils.LoggerUtil - [PASS] SignIn Button Clicked.
2026-08-21 18:04:24 [main] INFO  utils.LoggerUtil - [PASS] Username entered: vinnarasiv17@gmail.com
2026-08-21 18:04:27 [main] INFO  utils.LoggerUtil - [PASS] The Password entered.
2026-08-21 18:04:33 [main] INFO  utils.LoggerUtil - [PASS] SignInSubmit Button Clicked.
2026-08-21 18:04:34 [main] INFO  utils.LoggerUtil - [PASS] Test Case Log_005 User is able to login successfully. Dashboard Title: Online Shopping site in India: Shop Online for Mobiles, Books, Watches, Shoes and More - Amazon.in
2026-08-21 18:04:34 [main] INFO  utils.LoggerUtil - [PASS] AccountListArrow Icon Clicked.
2026-08-21 18:04:45 [main] ERROR utils.LoggerUtil - Expected condition failed: waiting for element to be clickable: By.xpath: //div[@class="nav-template nav-flyout-content"]//span[@class="nav-action-inner"] (tried for 10 second(s) with 500 milliseconds interval)
Build info: version: '4.35.0', revision: '1c58e5028b'
System info: os.name: 'Windows 11', os.arch: 'amd64', os.version: '10.0', java.version: '21.0.12'
Driver info: org.openqa.selenium.chrome.ChromeDriver
Capabilities {acceptInsecureCerts: false, browserName: chrome, browserVersion: 151.0.7922.170, chrome: {chromedriverVersion: 151.0.7922.138 (41fa8244239..., userDataDir: C:\Users\DROOFF~1\AppData\L...}, fedcm:accounts: true, goog:chromeOptions: {debuggerAddress: localhost:60977}, goog:processID: 9492, networkConnectionEnabled: false, pageLoadStrategy: normal, platformName: windows, proxy: Proxy(), se:cdp: ws://localhost:60977/devtoo..., se:cdpVersion: 151.0.7922.170, setWindowRect: true, strictFileInteractability: false, timeouts: {implicit: 0, pageLoad: 300000, script: 30000}, unhandledPromptBehavior: dismiss and notify, webauthn:extension:credBlob: true, webauthn:extension:largeBlob: true, webauthn:extension:minPinLength: true, webauthn:extension:prf: true, webauthn:virtualAuthenticators: true}
Session ID: 0f0d3ddaed1cf0056c5d81eedb3326bd
org.openqa.selenium.TimeoutException: Expected condition failed: waiting for element to be clickable: By.xpath: //div[@class="nav-template nav-flyout-content"]//span[@class="nav-action-inner"] (tried for 10 second(s) with 500 milliseconds interval)
Build info: version: '4.35.0', revision: '1c58e5028b'
System info: os.name: 'Windows 11', os.arch: 'amd64', os.version: '10.0', java.version: '21.0.12'
Driver info: org.openqa.selenium.chrome.ChromeDriver
Capabilities {acceptInsecureCerts: false, browserName: chrome, browserVersion: 151.0.7922.170, chrome: {chromedriverVersion: 151.0.7922.138 (41fa8244239..., userDataDir: C:\Users\DROOFF~1\AppData\L...}, fedcm:accounts: true, goog:chromeOptions: {debuggerAddress: localhost:60977}, goog:processID: 9492, networkConnectionEnabled: false, pageLoadStrategy: normal, platformName: windows, proxy: Proxy(), se:cdp: ws://localhost:60977/devtoo..., se:cdpVersion: 151.0.7922.170, setWindowRect: true, strictFileInteractability: false, timeouts: {implicit: 0, pageLoad: 300000, script: 30000}, unhandledPromptBehavior: dismiss and notify, webauthn:extension:credBlob: true, webauthn:extension:largeBlob: true, webauthn:extension:minPinLength: true, webauthn:extension:prf: true, webauthn:virtualAuthenticators: true}
Session ID: 0f0d3ddaed1cf0056c5d81eedb3326bd
	at org.openqa.selenium.support.ui.WebDriverWait.timeoutException(WebDriverWait.java:84)
	at org.openqa.selenium.support.ui.FluentWait.until(FluentWait.java:228)
	at pages.BasePage.click(BasePage.java:25)
	at pages.LoginPage.clickBtnSignIn(LoginPage.java:45)
	at pages.LoginPage.loginToApplication(LoginPage.java:86)
	at tests.LoginTest.Log_006_Logout(LoginTest.java:149)
	at java.base/jdk.internal.reflect.DirectMethodHandleAccessor.invoke(DirectMethodHandleAccessor.java:103)
	at java.base/java.lang.reflect.Method.invoke(Method.java:580)
	at org.testng.internal.invokers.MethodInvocationHelper.invokeMethod(MethodInvocationHelper.java:141)
	at org.testng.internal.invokers.TestInvoker.invokeMethod(TestInvoker.java:687)
	at org.testng.internal.invokers.TestInvoker.invokeTestMethod(TestInvoker.java:230)
	at org.testng.internal.invokers.MethodRunner.runInSequence(MethodRunner.java:63)
	at org.testng.internal.invokers.TestInvoker$MethodInvocationAgent.invoke(TestInvoker.java:995)
	at org.testng.internal.invokers.TestInvoker.invokeTestMethods(TestInvoker.java:203)
	at org.testng.internal.invokers.TestMethodWorker.invokeTestMethods(TestMethodWorker.java:154)
	at org.testng.internal.invokers.TestMethodWorker.run(TestMethodWorker.java:134)
	at java.base/java.util.ArrayList.forEach(ArrayList.java:1596)
	at org.testng.TestRunner.privateRun(TestRunner.java:741)
	at org.testng.TestRunner.run(TestRunner.java:616)
	at org.testng.SuiteRunner.runTest(SuiteRunner.java:421)
	at org.testng.SuiteRunner.runSequentially(SuiteRunner.java:413)
	at org.testng.SuiteRunner.privateRun(SuiteRunner.java:373)
	at org.testng.SuiteRunner.run(SuiteRunner.java:312)
	at org.testng.SuiteRunnerWorker.runSuite(SuiteRunnerWorker.java:52)
	at org.testng.SuiteRunnerWorker.run(SuiteRunnerWorker.java:95)
	at org.testng.TestNG.runSuitesSequentially(TestNG.java:1274)
	at org.testng.TestNG.runSuitesLocally(TestNG.java:1208)
	at org.testng.TestNG.runSuites(TestNG.java:1112)
	at org.testng.TestNG.run(TestNG.java:1079)
	at org.testng.remote.AbstractRemoteTestNG.run(AbstractRemoteTestNG.java:115)
	at org.testng.remote.RemoteTestNG.initAndRun(RemoteTestNG.java:293)
	at org.testng.remote.RemoteTestNG.main(RemoteTestNG.java:91)
2026-08-21 18:16:34 [main] INFO  utils.LoggerUtil - Starting test case execution: Log_005
2026-08-21 18:16:35 [main] INFO  utils.LoggerUtil - [PASS] AccountListArrow Icon Clicked.
2026-08-21 18:16:36 [main] INFO  utils.LoggerUtil - [PASS] SignIn Button Clicked.
2026-08-21 18:16:42 [main] INFO  utils.LoggerUtil - [PASS] Username entered: vinnarasiv17@gmail.com
2026-08-21 18:16:46 [main] INFO  utils.LoggerUtil - [PASS] The Password entered.
2026-08-21 18:16:59 [main] INFO  utils.LoggerUtil - [PASS] SignInSubmit Button Clicked.
2026-08-21 18:17:00 [main] INFO  utils.LoggerUtil - [PASS] Test Case Log_005 User is able to login successfully. Dashboard Title: Online Shopping site in India: Shop Online for Mobiles, Books, Watches, Shoes and More - Amazon.in
2026-08-21 18:17:01 [main] INFO  utils.LoggerUtil - [PASS] AccountListArrow Icon Clicked.
2026-08-21 18:17:11 [main] ERROR utils.LoggerUtil - Expected condition failed: waiting for element to be clickable: By.xpath: //div[@class="nav-template nav-flyout-content"]//span[@class="nav-action-inner"] (tried for 10 second(s) with 500 milliseconds interval)
Build info: version: '4.35.0', revision: '1c58e5028b'
System info: os.name: 'Windows 11', os.arch: 'amd64', os.version: '10.0', java.version: '21.0.12'
Driver info: org.openqa.selenium.chrome.ChromeDriver
Capabilities {acceptInsecureCerts: false, browserName: chrome, browserVersion: 151.0.7922.170, chrome: {chromedriverVersion: 151.0.7922.138 (41fa8244239..., userDataDir: C:\Users\DROOFF~1\AppData\L...}, fedcm:accounts: true, goog:chromeOptions: {debuggerAddress: localhost:53969}, goog:processID: 3264, networkConnectionEnabled: false, pageLoadStrategy: normal, platformName: windows, proxy: Proxy(), se:cdp: ws://localhost:53969/devtoo..., se:cdpVersion: 151.0.7922.170, setWindowRect: true, strictFileInteractability: false, timeouts: {implicit: 0, pageLoad: 300000, script: 30000}, unhandledPromptBehavior: dismiss and notify, webauthn:extension:credBlob: true, webauthn:extension:largeBlob: true, webauthn:extension:minPinLength: true, webauthn:extension:prf: true, webauthn:virtualAuthenticators: true}
Session ID: bc94c69c01c1c5f5192aa897bf0e6eb8
org.openqa.selenium.TimeoutException: Expected condition failed: waiting for element to be clickable: By.xpath: //div[@class="nav-template nav-flyout-content"]//span[@class="nav-action-inner"] (tried for 10 second(s) with 500 milliseconds interval)
Build info: version: '4.35.0', revision: '1c58e5028b'
System info: os.name: 'Windows 11', os.arch: 'amd64', os.version: '10.0', java.version: '21.0.12'
Driver info: org.openqa.selenium.chrome.ChromeDriver
Capabilities {acceptInsecureCerts: false, browserName: chrome, browserVersion: 151.0.7922.170, chrome: {chromedriverVersion: 151.0.7922.138 (41fa8244239..., userDataDir: C:\Users\DROOFF~1\AppData\L...}, fedcm:accounts: true, goog:chromeOptions: {debuggerAddress: localhost:53969}, goog:processID: 3264, networkConnectionEnabled: false, pageLoadStrategy: normal, platformName: windows, proxy: Proxy(), se:cdp: ws://localhost:53969/devtoo..., se:cdpVersion: 151.0.7922.170, setWindowRect: true, strictFileInteractability: false, timeouts: {implicit: 0, pageLoad: 300000, script: 30000}, unhandledPromptBehavior: dismiss and notify, webauthn:extension:credBlob: true, webauthn:extension:largeBlob: true, webauthn:extension:minPinLength: true, webauthn:extension:prf: true, webauthn:virtualAuthenticators: true}
Session ID: bc94c69c01c1c5f5192aa897bf0e6eb8
	at org.openqa.selenium.support.ui.WebDriverWait.timeoutException(WebDriverWait.java:84)
	at org.openqa.selenium.support.ui.FluentWait.until(FluentWait.java:228)
	at pages.BasePage.click(BasePage.java:25)
	at pages.LoginPage.clickBtnSignIn(LoginPage.java:45)
	at pages.LoginPage.loginToApplication(LoginPage.java:86)
	at tests.LoginTest.Log_006_Logout(LoginTest.java:149)
	at java.base/jdk.internal.reflect.DirectMethodHandleAccessor.invoke(DirectMethodHandleAccessor.java:103)
	at java.base/java.lang.reflect.Method.invoke(Method.java:580)
	at org.testng.internal.invokers.MethodInvocationHelper.invokeMethod(MethodInvocationHelper.java:141)
	at org.testng.internal.invokers.TestInvoker.invokeMethod(TestInvoker.java:687)
	at org.testng.internal.invokers.TestInvoker.invokeTestMethod(TestInvoker.java:230)
	at org.testng.internal.invokers.MethodRunner.runInSequence(MethodRunner.java:63)
	at org.testng.internal.invokers.TestInvoker$MethodInvocationAgent.invoke(TestInvoker.java:995)
	at org.testng.internal.invokers.TestInvoker.invokeTestMethods(TestInvoker.java:203)
	at org.testng.internal.invokers.TestMethodWorker.invokeTestMethods(TestMethodWorker.java:154)
	at org.testng.internal.invokers.TestMethodWorker.run(TestMethodWorker.java:134)
	at java.base/java.util.ArrayList.forEach(ArrayList.java:1596)
	at org.testng.TestRunner.privateRun(TestRunner.java:741)
	at org.testng.TestRunner.run(TestRunner.java:616)
	at org.testng.SuiteRunner.runTest(SuiteRunner.java:421)
	at org.testng.SuiteRunner.runSequentially(SuiteRunner.java:413)
	at org.testng.SuiteRunner.privateRun(SuiteRunner.java:373)
	at org.testng.SuiteRunner.run(SuiteRunner.java:312)
	at org.testng.SuiteRunnerWorker.runSuite(SuiteRunnerWorker.java:52)
	at org.testng.SuiteRunnerWorker.run(SuiteRunnerWorker.java:95)
	at org.testng.TestNG.runSuitesSequentially(TestNG.java:1274)
	at org.testng.TestNG.runSuitesLocally(TestNG.java:1208)
	at org.testng.TestNG.runSuites(TestNG.java:1112)
	at org.testng.TestNG.run(TestNG.java:1079)
	at org.testng.remote.AbstractRemoteTestNG.run(AbstractRemoteTestNG.java:115)
	at org.testng.remote.RemoteTestNG.initAndRun(RemoteTestNG.java:293)
	at org.testng.remote.RemoteTestNG.main(RemoteTestNG.java:91)
2026-08-21 18:27:55 [main] INFO  utils.LoggerUtil - Starting test case execution: Log_005
2026-08-21 18:27:57 [main] INFO  utils.LoggerUtil - [PASS] AccountListArrow Icon Clicked.
2026-08-21 18:27:57 [main] INFO  utils.LoggerUtil - [PASS] SignIn Button Clicked.
2026-08-21 18:28:00 [main] INFO  utils.LoggerUtil - [PASS] Username entered: vinnarasiv17@gmail.com
2026-08-21 18:28:01 [main] INFO  utils.LoggerUtil - [PASS] The Password entered.
2026-08-21 18:28:08 [main] INFO  utils.LoggerUtil - [PASS] SignInSubmit Button Clicked.
2026-08-21 18:28:08 [main] INFO  utils.LoggerUtil - [PASS] Test Case Log_005 User is able to login successfully. Dashboard Title: Online Shopping site in India: Shop Online for Mobiles, Books, Watches, Shoes and More - Amazon.in
2026-08-21 18:28:09 [main] INFO  utils.LoggerUtil - [PASS] AccountListArrow Icon Clicked.
2026-08-21 18:28:19 [main] ERROR utils.LoggerUtil - Expected condition failed: waiting for element to be clickable: By.xpath: //div[@class="nav-template nav-flyout-content"]//span[@class="nav-action-inner"] (tried for 10 second(s) with 500 milliseconds interval)
Build info: version: '4.35.0', revision: '1c58e5028b'
System info: os.name: 'Windows 11', os.arch: 'amd64', os.version: '10.0', java.version: '21.0.12'
Driver info: org.openqa.selenium.chrome.ChromeDriver
Capabilities {acceptInsecureCerts: false, browserName: chrome, browserVersion: 151.0.7922.170, chrome: {chromedriverVersion: 151.0.7922.138 (41fa8244239..., userDataDir: C:\Users\DROOFF~1\AppData\L...}, fedcm:accounts: true, goog:chromeOptions: {debuggerAddress: localhost:55500}, goog:processID: 4976, networkConnectionEnabled: false, pageLoadStrategy: normal, platformName: windows, proxy: Proxy(), se:cdp: ws://localhost:55500/devtoo..., se:cdpVersion: 151.0.7922.170, setWindowRect: true, strictFileInteractability: false, timeouts: {implicit: 0, pageLoad: 300000, script: 30000}, unhandledPromptBehavior: dismiss and notify, webauthn:extension:credBlob: true, webauthn:extension:largeBlob: true, webauthn:extension:minPinLength: true, webauthn:extension:prf: true, webauthn:virtualAuthenticators: true}
Session ID: 75618082c79ad9db6bd2dc3a0a3e85c0
org.openqa.selenium.TimeoutException: Expected condition failed: waiting for element to be clickable: By.xpath: //div[@class="nav-template nav-flyout-content"]//span[@class="nav-action-inner"] (tried for 10 second(s) with 500 milliseconds interval)
Build info: version: '4.35.0', revision: '1c58e5028b'
System info: os.name: 'Windows 11', os.arch: 'amd64', os.version: '10.0', java.version: '21.0.12'
Driver info: org.openqa.selenium.chrome.ChromeDriver
Capabilities {acceptInsecureCerts: false, browserName: chrome, browserVersion: 151.0.7922.170, chrome: {chromedriverVersion: 151.0.7922.138 (41fa8244239..., userDataDir: C:\Users\DROOFF~1\AppData\L...}, fedcm:accounts: true, goog:chromeOptions: {debuggerAddress: localhost:55500}, goog:processID: 4976, networkConnectionEnabled: false, pageLoadStrategy: normal, platformName: windows, proxy: Proxy(), se:cdp: ws://localhost:55500/devtoo..., se:cdpVersion: 151.0.7922.170, setWindowRect: true, strictFileInteractability: false, timeouts: {implicit: 0, pageLoad: 300000, script: 30000}, unhandledPromptBehavior: dismiss and notify, webauthn:extension:credBlob: true, webauthn:extension:largeBlob: true, webauthn:extension:minPinLength: true, webauthn:extension:prf: true, webauthn:virtualAuthenticators: true}
Session ID: 75618082c79ad9db6bd2dc3a0a3e85c0
	at org.openqa.selenium.support.ui.WebDriverWait.timeoutException(WebDriverWait.java:84)
	at org.openqa.selenium.support.ui.FluentWait.until(FluentWait.java:228)
	at pages.BasePage.click(BasePage.java:25)
	at pages.LoginPage.clickBtnSignIn(LoginPage.java:46)
	at pages.LoginPage.loginToApplication(LoginPage.java:87)
	at tests.LoginTest.Log_006_Logout(LoginTest.java:149)
	at java.base/jdk.internal.reflect.DirectMethodHandleAccessor.invoke(DirectMethodHandleAccessor.java:103)
	at java.base/java.lang.reflect.Method.invoke(Method.java:580)
	at org.testng.internal.invokers.MethodInvocationHelper.invokeMethod(MethodInvocationHelper.java:141)
	at org.testng.internal.invokers.TestInvoker.invokeMethod(TestInvoker.java:687)
	at org.testng.internal.invokers.TestInvoker.invokeTestMethod(TestInvoker.java:230)
	at org.testng.internal.invokers.MethodRunner.runInSequence(MethodRunner.java:63)
	at org.testng.internal.invokers.TestInvoker$MethodInvocationAgent.invoke(TestInvoker.java:995)
	at org.testng.internal.invokers.TestInvoker.invokeTestMethods(TestInvoker.java:203)
	at org.testng.internal.invokers.TestMethodWorker.invokeTestMethods(TestMethodWorker.java:154)
	at org.testng.internal.invokers.TestMethodWorker.run(TestMethodWorker.java:134)
	at java.base/java.util.ArrayList.forEach(ArrayList.java:1596)
	at org.testng.TestRunner.privateRun(TestRunner.java:741)
	at org.testng.TestRunner.run(TestRunner.java:616)
	at org.testng.SuiteRunner.runTest(SuiteRunner.java:421)
	at org.testng.SuiteRunner.runSequentially(SuiteRunner.java:413)
	at org.testng.SuiteRunner.privateRun(SuiteRunner.java:373)
	at org.testng.SuiteRunner.run(SuiteRunner.java:312)
	at org.testng.SuiteRunnerWorker.runSuite(SuiteRunnerWorker.java:52)
	at org.testng.SuiteRunnerWorker.run(SuiteRunnerWorker.java:95)
	at org.testng.TestNG.runSuitesSequentially(TestNG.java:1274)
	at org.testng.TestNG.runSuitesLocally(TestNG.java:1208)
	at org.testng.TestNG.runSuites(TestNG.java:1112)
	at org.testng.TestNG.run(TestNG.java:1079)
	at org.testng.remote.AbstractRemoteTestNG.run(AbstractRemoteTestNG.java:115)
	at org.testng.remote.RemoteTestNG.initAndRun(RemoteTestNG.java:293)
	at org.testng.remote.RemoteTestNG.main(RemoteTestNG.java:91)
2026-08-21 18:28:51 [main] INFO  utils.LoggerUtil - Starting test case execution: Log_005
2026-08-21 18:28:52 [main] INFO  utils.LoggerUtil - [PASS] AccountListArrow Icon Clicked.
2026-08-21 18:28:52 [main] INFO  utils.LoggerUtil - [PASS] SignIn Button Clicked.
2026-08-21 18:28:56 [main] INFO  utils.LoggerUtil - [PASS] Username entered: vinnarasiv17@gmail.com
2026-08-21 18:28:58 [main] INFO  utils.LoggerUtil - [PASS] The Password entered.
2026-08-21 18:29:09 [main] INFO  utils.LoggerUtil - [PASS] SignInSubmit Button Clicked.
2026-08-21 18:29:09 [main] INFO  utils.LoggerUtil - [PASS] Test Case Log_005 User is able to login successfully. Dashboard Title: Online Shopping site in India: Shop Online for Mobiles, Books, Watches, Shoes and More - Amazon.in
2026-08-21 18:29:09 [main] INFO  utils.LoggerUtil - [PASS] AccountListArrow Icon Clicked.
2026-08-21 18:29:20 [main] ERROR utils.LoggerUtil - Expected condition failed: waiting for element to be clickable: By.xpath: //div[@class="nav-template nav-flyout-content"]//span[@class="nav-action-inner"] (tried for 10 second(s) with 500 milliseconds interval)
Build info: version: '4.35.0', revision: '1c58e5028b'
System info: os.name: 'Windows 11', os.arch: 'amd64', os.version: '10.0', java.version: '21.0.12'
Driver info: org.openqa.selenium.chrome.ChromeDriver
Capabilities {acceptInsecureCerts: false, browserName: chrome, browserVersion: 151.0.7922.170, chrome: {chromedriverVersion: 151.0.7922.138 (41fa8244239..., userDataDir: C:\Users\DROOFF~1\AppData\L...}, fedcm:accounts: true, goog:chromeOptions: {debuggerAddress: localhost:54465}, goog:processID: 2208, networkConnectionEnabled: false, pageLoadStrategy: normal, platformName: windows, proxy: Proxy(), se:cdp: ws://localhost:54465/devtoo..., se:cdpVersion: 151.0.7922.170, setWindowRect: true, strictFileInteractability: false, timeouts: {implicit: 0, pageLoad: 300000, script: 30000}, unhandledPromptBehavior: dismiss and notify, webauthn:extension:credBlob: true, webauthn:extension:largeBlob: true, webauthn:extension:minPinLength: true, webauthn:extension:prf: true, webauthn:virtualAuthenticators: true}
Session ID: 63f39d80136b274daa8fd85b483f033b
org.openqa.selenium.TimeoutException: Expected condition failed: waiting for element to be clickable: By.xpath: //div[@class="nav-template nav-flyout-content"]//span[@class="nav-action-inner"] (tried for 10 second(s) with 500 milliseconds interval)
Build info: version: '4.35.0', revision: '1c58e5028b'
System info: os.name: 'Windows 11', os.arch: 'amd64', os.version: '10.0', java.version: '21.0.12'
Driver info: org.openqa.selenium.chrome.ChromeDriver
Capabilities {acceptInsecureCerts: false, browserName: chrome, browserVersion: 151.0.7922.170, chrome: {chromedriverVersion: 151.0.7922.138 (41fa8244239..., userDataDir: C:\Users\DROOFF~1\AppData\L...}, fedcm:accounts: true, goog:chromeOptions: {debuggerAddress: localhost:54465}, goog:processID: 2208, networkConnectionEnabled: false, pageLoadStrategy: normal, platformName: windows, proxy: Proxy(), se:cdp: ws://localhost:54465/devtoo..., se:cdpVersion: 151.0.7922.170, setWindowRect: true, strictFileInteractability: false, timeouts: {implicit: 0, pageLoad: 300000, script: 30000}, unhandledPromptBehavior: dismiss and notify, webauthn:extension:credBlob: true, webauthn:extension:largeBlob: true, webauthn:extension:minPinLength: true, webauthn:extension:prf: true, webauthn:virtualAuthenticators: true}
Session ID: 63f39d80136b274daa8fd85b483f033b
	at org.openqa.selenium.support.ui.WebDriverWait.timeoutException(WebDriverWait.java:84)
	at org.openqa.selenium.support.ui.FluentWait.until(FluentWait.java:228)
	at pages.BasePage.click(BasePage.java:25)
	at pages.LoginPage.clickBtnSignIn(LoginPage.java:46)
	at pages.LoginPage.loginToApplication(LoginPage.java:87)
	at tests.LoginTest.Log_006_Logout(LoginTest.java:149)
	at java.base/jdk.internal.reflect.DirectMethodHandleAccessor.invoke(DirectMethodHandleAccessor.java:103)
	at java.base/java.lang.reflect.Method.invoke(Method.java:580)
	at org.testng.internal.invokers.MethodInvocationHelper.invokeMethod(MethodInvocationHelper.java:141)
	at org.testng.internal.invokers.TestInvoker.invokeMethod(TestInvoker.java:687)
	at org.testng.internal.invokers.TestInvoker.invokeTestMethod(TestInvoker.java:230)
	at org.testng.internal.invokers.MethodRunner.runInSequence(MethodRunner.java:63)
	at org.testng.internal.invokers.TestInvoker$MethodInvocationAgent.invoke(TestInvoker.java:995)
	at org.testng.internal.invokers.TestInvoker.invokeTestMethods(TestInvoker.java:203)
	at org.testng.internal.invokers.TestMethodWorker.invokeTestMethods(TestMethodWorker.java:154)
	at org.testng.internal.invokers.TestMethodWorker.run(TestMethodWorker.java:134)
	at java.base/java.util.ArrayList.forEach(ArrayList.java:1596)
	at org.testng.TestRunner.privateRun(TestRunner.java:741)
	at org.testng.TestRunner.run(TestRunner.java:616)
	at org.testng.SuiteRunner.runTest(SuiteRunner.java:421)
	at org.testng.SuiteRunner.runSequentially(SuiteRunner.java:413)
	at org.testng.SuiteRunner.privateRun(SuiteRunner.java:373)
	at org.testng.SuiteRunner.run(SuiteRunner.java:312)
	at org.testng.SuiteRunnerWorker.runSuite(SuiteRunnerWorker.java:52)
	at org.testng.SuiteRunnerWorker.run(SuiteRunnerWorker.java:95)
	at org.testng.TestNG.runSuitesSequentially(TestNG.java:1274)
	at org.testng.TestNG.runSuitesLocally(TestNG.java:1208)
	at org.testng.TestNG.runSuites(TestNG.java:1112)
	at org.testng.TestNG.run(TestNG.java:1079)
	at org.testng.remote.AbstractRemoteTestNG.run(AbstractRemoteTestNG.java:115)
	at org.testng.remote.RemoteTestNG.initAndRun(RemoteTestNG.java:293)
	at org.testng.remote.RemoteTestNG.main(RemoteTestNG.java:91)
2026-08-21 18:31:43 [main] INFO  utils.LoggerUtil - [PASS] AccountListArrow Icon Clicked.
2026-08-21 18:31:43 [main] INFO  utils.LoggerUtil - [PASS] SignIn Button Clicked.
2026-08-21 18:31:46 [main] INFO  utils.LoggerUtil - [PASS] Username entered: vinnarasiv17@gmail.com
2026-08-21 18:31:51 [main] INFO  utils.LoggerUtil - [PASS] The Password entered.
2026-08-21 18:32:01 [main] INFO  utils.LoggerUtil - [PASS] SignInSubmit Button Clicked.
2026-08-21 18:32:02 [main] INFO  utils.LoggerUtil - [PASS] AccountListArrow Icon Clicked.
2026-08-21 18:32:22 [main] ERROR utils.LoggerUtil - Expected condition failed: waiting for element to be clickable: By.xpath: //div[@id="nav-al-your-account"]//li[text()='Sign Out'] (tried for 10 second(s) with 500 milliseconds interval)
Build info: version: '4.35.0', revision: '1c58e5028b'
System info: os.name: 'Windows 11', os.arch: 'amd64', os.version: '10.0', java.version: '21.0.12'
Driver info: org.openqa.selenium.chrome.ChromeDriver
Capabilities {acceptInsecureCerts: false, browserName: chrome, browserVersion: 151.0.7922.170, chrome: {chromedriverVersion: 151.0.7922.138 (41fa8244239..., userDataDir: C:\Users\DROOFF~1\AppData\L...}, fedcm:accounts: true, goog:chromeOptions: {debuggerAddress: localhost:57510}, goog:processID: 1928, networkConnectionEnabled: false, pageLoadStrategy: normal, platformName: windows, proxy: Proxy(), se:cdp: ws://localhost:57510/devtoo..., se:cdpVersion: 151.0.7922.170, setWindowRect: true, strictFileInteractability: false, timeouts: {implicit: 0, pageLoad: 300000, script: 30000}, unhandledPromptBehavior: dismiss and notify, webauthn:extension:credBlob: true, webauthn:extension:largeBlob: true, webauthn:extension:minPinLength: true, webauthn:extension:prf: true, webauthn:virtualAuthenticators: true}
Session ID: 68a4888daab7989f5a55c34161b91898
org.openqa.selenium.TimeoutException: Expected condition failed: waiting for element to be clickable: By.xpath: //div[@id="nav-al-your-account"]//li[text()='Sign Out'] (tried for 10 second(s) with 500 milliseconds interval)
Build info: version: '4.35.0', revision: '1c58e5028b'
System info: os.name: 'Windows 11', os.arch: 'amd64', os.version: '10.0', java.version: '21.0.12'
Driver info: org.openqa.selenium.chrome.ChromeDriver
Capabilities {acceptInsecureCerts: false, browserName: chrome, browserVersion: 151.0.7922.170, chrome: {chromedriverVersion: 151.0.7922.138 (41fa8244239..., userDataDir: C:\Users\DROOFF~1\AppData\L...}, fedcm:accounts: true, goog:chromeOptions: {debuggerAddress: localhost:57510}, goog:processID: 1928, networkConnectionEnabled: false, pageLoadStrategy: normal, platformName: windows, proxy: Proxy(), se:cdp: ws://localhost:57510/devtoo..., se:cdpVersion: 151.0.7922.170, setWindowRect: true, strictFileInteractability: false, timeouts: {implicit: 0, pageLoad: 300000, script: 30000}, unhandledPromptBehavior: dismiss and notify, webauthn:extension:credBlob: true, webauthn:extension:largeBlob: true, webauthn:extension:minPinLength: true, webauthn:extension:prf: true, webauthn:virtualAuthenticators: true}
Session ID: 68a4888daab7989f5a55c34161b91898
	at org.openqa.selenium.support.ui.WebDriverWait.timeoutException(WebDriverWait.java:84)
	at org.openqa.selenium.support.ui.FluentWait.until(FluentWait.java:228)
	at pages.BasePage.click(BasePage.java:25)
	at pages.LoginPage.clickBtnSignout(LoginPage.java:80)
	at pages.LoginPage.logoutApplication(LoginPage.java:104)
	at tests.LoginTest.Log_006_Logout(LoginTest.java:151)
	at java.base/jdk.internal.reflect.DirectMethodHandleAccessor.invoke(DirectMethodHandleAccessor.java:103)
	at java.base/java.lang.reflect.Method.invoke(Method.java:580)
	at org.testng.internal.invokers.MethodInvocationHelper.invokeMethod(MethodInvocationHelper.java:141)
	at org.testng.internal.invokers.TestInvoker.invokeMethod(TestInvoker.java:687)
	at org.testng.internal.invokers.TestInvoker.invokeTestMethod(TestInvoker.java:230)
	at org.testng.internal.invokers.MethodRunner.runInSequence(MethodRunner.java:63)
	at org.testng.internal.invokers.TestInvoker$MethodInvocationAgent.invoke(TestInvoker.java:995)
	at org.testng.internal.invokers.TestInvoker.invokeTestMethods(TestInvoker.java:203)
	at org.testng.internal.invokers.TestMethodWorker.invokeTestMethods(TestMethodWorker.java:154)
	at org.testng.internal.invokers.TestMethodWorker.run(TestMethodWorker.java:134)
	at java.base/java.util.ArrayList.forEach(ArrayList.java:1596)
	at org.testng.TestRunner.privateRun(TestRunner.java:741)
	at org.testng.TestRunner.run(TestRunner.java:616)
	at org.testng.SuiteRunner.runTest(SuiteRunner.java:421)
	at org.testng.SuiteRunner.runSequentially(SuiteRunner.java:413)
	at org.testng.SuiteRunner.privateRun(SuiteRunner.java:373)
	at org.testng.SuiteRunner.run(SuiteRunner.java:312)
	at org.testng.SuiteRunnerWorker.runSuite(SuiteRunnerWorker.java:52)
	at org.testng.SuiteRunnerWorker.run(SuiteRunnerWorker.java:95)
	at org.testng.TestNG.runSuitesSequentially(TestNG.java:1274)
	at org.testng.TestNG.runSuitesLocally(TestNG.java:1208)
	at org.testng.TestNG.runSuites(TestNG.java:1112)
	at org.testng.TestNG.run(TestNG.java:1079)
	at org.testng.remote.AbstractRemoteTestNG.run(AbstractRemoteTestNG.java:115)
	at org.testng.remote.RemoteTestNG.initAndRun(RemoteTestNG.java:293)
	at org.testng.remote.RemoteTestNG.main(RemoteTestNG.java:91)
2026-08-21 18:44:22 [main] INFO  utils.LoggerUtil - [PASS] AccountListArrow Icon Clicked.
2026-08-21 18:44:22 [main] INFO  utils.LoggerUtil - [PASS] SignIn Button Clicked.
2026-08-21 18:44:24 [main] INFO  utils.LoggerUtil - [PASS] Username entered: vinnarasiv17@gmail.com
2026-08-21 18:44:26 [main] INFO  utils.LoggerUtil - [PASS] The Password entered.
2026-08-21 18:44:31 [main] INFO  utils.LoggerUtil - [PASS] SignInSubmit Button Clicked.
2026-08-21 18:44:32 [main] INFO  utils.LoggerUtil - [PASS] AccountListArrow Icon Clicked.
2026-08-21 18:44:36 [main] INFO  utils.LoggerUtil - [PASS] Signout Button Clicked.
2026-08-21 18:44:36 [main] INFO  utils.LoggerUtil - [PASS] Test Case Log_006 User is able to logout successfully. Dashboard Title: Amazon Sign-In
2026-08-21 18:45:36 [main] INFO  utils.LoggerUtil - Starting test case execution: Log_005
2026-08-21 18:45:43 [main] INFO  utils.LoggerUtil - [PASS] AccountListArrow Icon Clicked.
2026-08-21 18:45:44 [main] INFO  utils.LoggerUtil - [PASS] SignIn Button Clicked.
2026-08-21 18:45:48 [main] INFO  utils.LoggerUtil - [PASS] Username entered: vinnarasiv17@gmail.com
2026-08-21 18:45:53 [main] INFO  utils.LoggerUtil - [PASS] The Password entered.
2026-08-21 18:46:05 [main] INFO  utils.LoggerUtil - [PASS] SignInSubmit Button Clicked.
2026-08-21 18:46:05 [main] INFO  utils.LoggerUtil - [PASS] Test Case Log_005 User is able to login successfully. Dashboard Title: Online Shopping site in India: Shop Online for Mobiles, Books, Watches, Shoes and More - Amazon.in
2026-08-21 18:46:05 [main] INFO  utils.LoggerUtil - [PASS] AccountListArrow Icon Clicked.
2026-08-21 18:46:16 [main] ERROR utils.LoggerUtil - Expected condition failed: waiting for element to be clickable: By.xpath: //div[@class="nav-template nav-flyout-content"]//span[@class="nav-action-inner"] (tried for 10 second(s) with 500 milliseconds interval)
Build info: version: '4.35.0', revision: '1c58e5028b'
System info: os.name: 'Windows 11', os.arch: 'amd64', os.version: '10.0', java.version: '21.0.12'
Driver info: org.openqa.selenium.chrome.ChromeDriver
Capabilities {acceptInsecureCerts: false, browserName: chrome, browserVersion: 151.0.7922.170, chrome: {chromedriverVersion: 151.0.7922.138 (41fa8244239..., userDataDir: C:\Users\DROOFF~1\AppData\L...}, fedcm:accounts: true, goog:chromeOptions: {debuggerAddress: localhost:62286}, goog:processID: 11172, networkConnectionEnabled: false, pageLoadStrategy: normal, platformName: windows, proxy: Proxy(), se:cdp: ws://localhost:62286/devtoo..., se:cdpVersion: 151.0.7922.170, setWindowRect: true, strictFileInteractability: false, timeouts: {implicit: 0, pageLoad: 300000, script: 30000}, unhandledPromptBehavior: dismiss and notify, webauthn:extension:credBlob: true, webauthn:extension:largeBlob: true, webauthn:extension:minPinLength: true, webauthn:extension:prf: true, webauthn:virtualAuthenticators: true}
Session ID: 3f8ece52e4003106947233311bed58cc
org.openqa.selenium.TimeoutException: Expected condition failed: waiting for element to be clickable: By.xpath: //div[@class="nav-template nav-flyout-content"]//span[@class="nav-action-inner"] (tried for 10 second(s) with 500 milliseconds interval)
Build info: version: '4.35.0', revision: '1c58e5028b'
System info: os.name: 'Windows 11', os.arch: 'amd64', os.version: '10.0', java.version: '21.0.12'
Driver info: org.openqa.selenium.chrome.ChromeDriver
Capabilities {acceptInsecureCerts: false, browserName: chrome, browserVersion: 151.0.7922.170, chrome: {chromedriverVersion: 151.0.7922.138 (41fa8244239..., userDataDir: C:\Users\DROOFF~1\AppData\L...}, fedcm:accounts: true, goog:chromeOptions: {debuggerAddress: localhost:62286}, goog:processID: 11172, networkConnectionEnabled: false, pageLoadStrategy: normal, platformName: windows, proxy: Proxy(), se:cdp: ws://localhost:62286/devtoo..., se:cdpVersion: 151.0.7922.170, setWindowRect: true, strictFileInteractability: false, timeouts: {implicit: 0, pageLoad: 300000, script: 30000}, unhandledPromptBehavior: dismiss and notify, webauthn:extension:credBlob: true, webauthn:extension:largeBlob: true, webauthn:extension:minPinLength: true, webauthn:extension:prf: true, webauthn:virtualAuthenticators: true}
Session ID: 3f8ece52e4003106947233311bed58cc
	at org.openqa.selenium.support.ui.WebDriverWait.timeoutException(WebDriverWait.java:84)
	at org.openqa.selenium.support.ui.FluentWait.until(FluentWait.java:228)
	at pages.BasePage.click(BasePage.java:25)
	at pages.LoginPage.clickBtnSignIn(LoginPage.java:46)
	at pages.LoginPage.loginToApplication(LoginPage.java:87)
	at tests.LoginTest.Log_006_Logout(LoginTest.java:149)
	at java.base/jdk.internal.reflect.DirectMethodHandleAccessor.invoke(DirectMethodHandleAccessor.java:103)
	at java.base/java.lang.reflect.Method.invoke(Method.java:580)
	at org.testng.internal.invokers.MethodInvocationHelper.invokeMethod(MethodInvocationHelper.java:141)
	at org.testng.internal.invokers.TestInvoker.invokeMethod(TestInvoker.java:687)
	at org.testng.internal.invokers.TestInvoker.invokeTestMethod(TestInvoker.java:230)
	at org.testng.internal.invokers.MethodRunner.runInSequence(MethodRunner.java:63)
	at org.testng.internal.invokers.TestInvoker$MethodInvocationAgent.invoke(TestInvoker.java:995)
	at org.testng.internal.invokers.TestInvoker.invokeTestMethods(TestInvoker.java:203)
	at org.testng.internal.invokers.TestMethodWorker.invokeTestMethods(TestMethodWorker.java:154)
	at org.testng.internal.invokers.TestMethodWorker.run(TestMethodWorker.java:134)
	at java.base/java.util.ArrayList.forEach(ArrayList.java:1596)
	at org.testng.TestRunner.privateRun(TestRunner.java:741)
	at org.testng.TestRunner.run(TestRunner.java:616)
	at org.testng.SuiteRunner.runTest(SuiteRunner.java:421)
	at org.testng.SuiteRunner.runSequentially(SuiteRunner.java:413)
	at org.testng.SuiteRunner.privateRun(SuiteRunner.java:373)
	at org.testng.SuiteRunner.run(SuiteRunner.java:312)
	at org.testng.SuiteRunnerWorker.runSuite(SuiteRunnerWorker.java:52)
	at org.testng.SuiteRunnerWorker.run(SuiteRunnerWorker.java:95)
	at org.testng.TestNG.runSuitesSequentially(TestNG.java:1274)
	at org.testng.TestNG.runSuitesLocally(TestNG.java:1208)
	at org.testng.TestNG.runSuites(TestNG.java:1112)
	at org.testng.TestNG.run(TestNG.java:1079)
	at org.testng.remote.AbstractRemoteTestNG.run(AbstractRemoteTestNG.java:115)
	at org.testng.remote.RemoteTestNG.initAndRun(RemoteTestNG.java:293)
	at org.testng.remote.RemoteTestNG.main(RemoteTestNG.java:91)
2026-08-21 18:51:08 [main] INFO  utils.LoggerUtil - Starting test case execution: Log_005
2026-08-21 18:51:09 [main] INFO  utils.LoggerUtil - [PASS] AccountListArrow Icon Clicked.
2026-08-21 18:51:10 [main] INFO  utils.LoggerUtil - [PASS] SignIn Button Clicked.
2026-08-21 18:51:12 [main] INFO  utils.LoggerUtil - [PASS] Username entered: vinnarasiv17@gmail.com
2026-08-21 18:51:14 [main] INFO  utils.LoggerUtil - [PASS] The Password entered.
2026-08-21 18:51:18 [main] INFO  utils.LoggerUtil - [PASS] SignInSubmit Button Clicked.
2026-08-21 18:51:18 [main] INFO  utils.LoggerUtil - [PASS] Test Case Log_005 User is able to login successfully. Dashboard Title: Online Shopping site in India: Shop Online for Mobiles, Books, Watches, Shoes and More - Amazon.in
2026-08-21 18:51:19 [main] INFO  utils.LoggerUtil - [PASS] AccountListArrow Icon Clicked.
2026-08-21 18:51:29 [main] ERROR utils.LoggerUtil - Expected condition failed: waiting for element to be clickable: By.xpath: //div[@class="nav-template nav-flyout-content"]//span[@class="nav-action-inner"] (tried for 10 second(s) with 500 milliseconds interval)
Build info: version: '4.35.0', revision: '1c58e5028b'
System info: os.name: 'Windows 11', os.arch: 'amd64', os.version: '10.0', java.version: '21.0.12'
Driver info: org.openqa.selenium.chrome.ChromeDriver
Capabilities {acceptInsecureCerts: false, browserName: chrome, browserVersion: 151.0.7922.170, chrome: {chromedriverVersion: 151.0.7922.138 (41fa8244239..., userDataDir: C:\Users\DROOFF~1\AppData\L...}, fedcm:accounts: true, goog:chromeOptions: {debuggerAddress: localhost:62717}, goog:processID: 8524, networkConnectionEnabled: false, pageLoadStrategy: normal, platformName: windows, proxy: Proxy(), se:cdp: ws://localhost:62717/devtoo..., se:cdpVersion: 151.0.7922.170, setWindowRect: true, strictFileInteractability: false, timeouts: {implicit: 0, pageLoad: 300000, script: 30000}, unhandledPromptBehavior: dismiss and notify, webauthn:extension:credBlob: true, webauthn:extension:largeBlob: true, webauthn:extension:minPinLength: true, webauthn:extension:prf: true, webauthn:virtualAuthenticators: true}
Session ID: 9c75e237137a93c25ad8fd2caafc5518
org.openqa.selenium.TimeoutException: Expected condition failed: waiting for element to be clickable: By.xpath: //div[@class="nav-template nav-flyout-content"]//span[@class="nav-action-inner"] (tried for 10 second(s) with 500 milliseconds interval)
Build info: version: '4.35.0', revision: '1c58e5028b'
System info: os.name: 'Windows 11', os.arch: 'amd64', os.version: '10.0', java.version: '21.0.12'
Driver info: org.openqa.selenium.chrome.ChromeDriver
Capabilities {acceptInsecureCerts: false, browserName: chrome, browserVersion: 151.0.7922.170, chrome: {chromedriverVersion: 151.0.7922.138 (41fa8244239..., userDataDir: C:\Users\DROOFF~1\AppData\L...}, fedcm:accounts: true, goog:chromeOptions: {debuggerAddress: localhost:62717}, goog:processID: 8524, networkConnectionEnabled: false, pageLoadStrategy: normal, platformName: windows, proxy: Proxy(), se:cdp: ws://localhost:62717/devtoo..., se:cdpVersion: 151.0.7922.170, setWindowRect: true, strictFileInteractability: false, timeouts: {implicit: 0, pageLoad: 300000, script: 30000}, unhandledPromptBehavior: dismiss and notify, webauthn:extension:credBlob: true, webauthn:extension:largeBlob: true, webauthn:extension:minPinLength: true, webauthn:extension:prf: true, webauthn:virtualAuthenticators: true}
Session ID: 9c75e237137a93c25ad8fd2caafc5518
	at org.openqa.selenium.support.ui.WebDriverWait.timeoutException(WebDriverWait.java:84)
	at org.openqa.selenium.support.ui.FluentWait.until(FluentWait.java:228)
	at pages.BasePage.click(BasePage.java:25)
	at pages.LoginPage.clickBtnSignIn(LoginPage.java:46)
	at pages.LoginPage.loginToApplication(LoginPage.java:87)
	at tests.LoginTest.Log_006_Logout(LoginTest.java:149)
	at java.base/jdk.internal.reflect.DirectMethodHandleAccessor.invoke(DirectMethodHandleAccessor.java:103)
	at java.base/java.lang.reflect.Method.invoke(Method.java:580)
	at org.testng.internal.invokers.MethodInvocationHelper.invokeMethod(MethodInvocationHelper.java:141)
	at org.testng.internal.invokers.TestInvoker.invokeMethod(TestInvoker.java:687)
	at org.testng.internal.invokers.TestInvoker.invokeTestMethod(TestInvoker.java:230)
	at org.testng.internal.invokers.MethodRunner.runInSequence(MethodRunner.java:63)
	at org.testng.internal.invokers.TestInvoker$MethodInvocationAgent.invoke(TestInvoker.java:995)
	at org.testng.internal.invokers.TestInvoker.invokeTestMethods(TestInvoker.java:203)
	at org.testng.internal.invokers.TestMethodWorker.invokeTestMethods(TestMethodWorker.java:154)
	at org.testng.internal.invokers.TestMethodWorker.run(TestMethodWorker.java:134)
	at java.base/java.util.ArrayList.forEach(ArrayList.java:1596)
	at org.testng.TestRunner.privateRun(TestRunner.java:741)
	at org.testng.TestRunner.run(TestRunner.java:616)
	at org.testng.SuiteRunner.runTest(SuiteRunner.java:421)
	at org.testng.SuiteRunner.runSequentially(SuiteRunner.java:413)
	at org.testng.SuiteRunner.privateRun(SuiteRunner.java:373)
	at org.testng.SuiteRunner.run(SuiteRunner.java:312)
	at org.testng.SuiteRunnerWorker.runSuite(SuiteRunnerWorker.java:52)
	at org.testng.SuiteRunnerWorker.run(SuiteRunnerWorker.java:95)
	at org.testng.TestNG.runSuitesSequentially(TestNG.java:1274)
	at org.testng.TestNG.runSuitesLocally(TestNG.java:1208)
	at org.testng.TestNG.runSuites(TestNG.java:1112)
	at org.testng.TestNG.run(TestNG.java:1079)
	at org.testng.remote.AbstractRemoteTestNG.run(AbstractRemoteTestNG.java:115)
	at org.testng.remote.RemoteTestNG.initAndRun(RemoteTestNG.java:293)
	at org.testng.remote.RemoteTestNG.main(RemoteTestNG.java:91)
2026-08-21 19:03:32 [main] INFO  utils.LoggerUtil - Starting test case execution: Log_005
2026-08-21 19:03:43 [main] INFO  utils.LoggerUtil - [PASS] AccountListArrow Icon Clicked.
2026-08-21 19:03:43 [main] INFO  utils.LoggerUtil - [PASS] SignIn Button Clicked.
2026-08-21 19:03:47 [main] INFO  utils.LoggerUtil - [PASS] Username entered: vinnarasiv17@gmail.com
2026-08-21 19:03:52 [main] INFO  utils.LoggerUtil - [PASS] The Password entered.
2026-08-21 19:04:00 [main] INFO  utils.LoggerUtil - [PASS] SignInSubmit Button Clicked.
2026-08-21 19:04:00 [main] INFO  utils.LoggerUtil - [PASS] Test Case Log_005 User is able to login successfully. Dashboard Title: Online Shopping site in India: Shop Online for Mobiles, Books, Watches, Shoes and More - Amazon.in
2026-08-21 19:04:00 [main] INFO  utils.LoggerUtil - [PASS] AccountListArrow Icon Clicked.
2026-08-21 19:04:21 [main] ERROR utils.LoggerUtil - Expected condition failed: waiting for element to be clickable: By.xpath: //div[@class="nav-template nav-flyout-content"]//div[@id="nav-flyout-ya-signin"] (tried for 10 second(s) with 500 milliseconds interval)
Build info: version: '4.35.0', revision: '1c58e5028b'
System info: os.name: 'Windows 11', os.arch: 'amd64', os.version: '10.0', java.version: '21.0.12'
Driver info: org.openqa.selenium.chrome.ChromeDriver
Capabilities {acceptInsecureCerts: false, browserName: chrome, browserVersion: 151.0.7922.170, chrome: {chromedriverVersion: 151.0.7922.138 (41fa8244239..., userDataDir: C:\Users\DROOFF~1\AppData\L...}, fedcm:accounts: true, goog:chromeOptions: {debuggerAddress: localhost:64016}, goog:processID: 16876, networkConnectionEnabled: false, pageLoadStrategy: normal, platformName: windows, proxy: Proxy(), se:cdp: ws://localhost:64016/devtoo..., se:cdpVersion: 151.0.7922.170, setWindowRect: true, strictFileInteractability: false, timeouts: {implicit: 0, pageLoad: 300000, script: 30000}, unhandledPromptBehavior: dismiss and notify, webauthn:extension:credBlob: true, webauthn:extension:largeBlob: true, webauthn:extension:minPinLength: true, webauthn:extension:prf: true, webauthn:virtualAuthenticators: true}
Session ID: e65414bf10aad2e2c6a438c99125f704
org.openqa.selenium.TimeoutException: Expected condition failed: waiting for element to be clickable: By.xpath: //div[@class="nav-template nav-flyout-content"]//div[@id="nav-flyout-ya-signin"] (tried for 10 second(s) with 500 milliseconds interval)
Build info: version: '4.35.0', revision: '1c58e5028b'
System info: os.name: 'Windows 11', os.arch: 'amd64', os.version: '10.0', java.version: '21.0.12'
Driver info: org.openqa.selenium.chrome.ChromeDriver
Capabilities {acceptInsecureCerts: false, browserName: chrome, browserVersion: 151.0.7922.170, chrome: {chromedriverVersion: 151.0.7922.138 (41fa8244239..., userDataDir: C:\Users\DROOFF~1\AppData\L...}, fedcm:accounts: true, goog:chromeOptions: {debuggerAddress: localhost:64016}, goog:processID: 16876, networkConnectionEnabled: false, pageLoadStrategy: normal, platformName: windows, proxy: Proxy(), se:cdp: ws://localhost:64016/devtoo..., se:cdpVersion: 151.0.7922.170, setWindowRect: true, strictFileInteractability: false, timeouts: {implicit: 0, pageLoad: 300000, script: 30000}, unhandledPromptBehavior: dismiss and notify, webauthn:extension:credBlob: true, webauthn:extension:largeBlob: true, webauthn:extension:minPinLength: true, webauthn:extension:prf: true, webauthn:virtualAuthenticators: true}
Session ID: e65414bf10aad2e2c6a438c99125f704
	at org.openqa.selenium.support.ui.WebDriverWait.timeoutException(WebDriverWait.java:84)
	at org.openqa.selenium.support.ui.FluentWait.until(FluentWait.java:228)
	at pages.BasePage.click(BasePage.java:25)
	at pages.LoginPage.clickBtnSignIn(LoginPage.java:46)
	at pages.LoginPage.loginToApplication(LoginPage.java:87)
	at tests.LoginTest.Log_006_Logout(LoginTest.java:149)
	at java.base/jdk.internal.reflect.DirectMethodHandleAccessor.invoke(DirectMethodHandleAccessor.java:103)
	at java.base/java.lang.reflect.Method.invoke(Method.java:580)
	at org.testng.internal.invokers.MethodInvocationHelper.invokeMethod(MethodInvocationHelper.java:141)
	at org.testng.internal.invokers.TestInvoker.invokeMethod(TestInvoker.java:687)
	at org.testng.internal.invokers.TestInvoker.invokeTestMethod(TestInvoker.java:230)
	at org.testng.internal.invokers.MethodRunner.runInSequence(MethodRunner.java:63)
	at org.testng.internal.invokers.TestInvoker$MethodInvocationAgent.invoke(TestInvoker.java:995)
	at org.testng.internal.invokers.TestInvoker.invokeTestMethods(TestInvoker.java:203)
	at org.testng.internal.invokers.TestMethodWorker.invokeTestMethods(TestMethodWorker.java:154)
	at org.testng.internal.invokers.TestMethodWorker.run(TestMethodWorker.java:134)
	at java.base/java.util.ArrayList.forEach(ArrayList.java:1596)
	at org.testng.TestRunner.privateRun(TestRunner.java:741)
	at org.testng.TestRunner.run(TestRunner.java:616)
	at org.testng.SuiteRunner.runTest(SuiteRunner.java:421)
	at org.testng.SuiteRunner.runSequentially(SuiteRunner.java:413)
	at org.testng.SuiteRunner.privateRun(SuiteRunner.java:373)
	at org.testng.SuiteRunner.run(SuiteRunner.java:312)
	at org.testng.SuiteRunnerWorker.runSuite(SuiteRunnerWorker.java:52)
	at org.testng.SuiteRunnerWorker.run(SuiteRunnerWorker.java:95)
	at org.testng.TestNG.runSuitesSequentially(TestNG.java:1274)
	at org.testng.TestNG.runSuitesLocally(TestNG.java:1208)
	at org.testng.TestNG.runSuites(TestNG.java:1112)
	at org.testng.TestNG.run(TestNG.java:1079)
	at org.testng.remote.AbstractRemoteTestNG.run(AbstractRemoteTestNG.java:115)
	at org.testng.remote.RemoteTestNG.initAndRun(RemoteTestNG.java:293)
	at org.testng.remote.RemoteTestNG.main(RemoteTestNG.java:91)
2026-08-21 19:07:30 [main] INFO  utils.LoggerUtil - [PASS] AccountListArrow Icon Clicked.
2026-08-21 19:07:30 [main] INFO  utils.LoggerUtil - [PASS] SignIn Button Clicked.
2026-08-21 19:07:44 [main] INFO  utils.LoggerUtil - [PASS] Username entered: vinnarasiv17@gmail.com
2026-08-21 19:07:52 [main] INFO  utils.LoggerUtil - [PASS] The Password entered.
2026-08-21 19:08:20 [main] INFO  utils.LoggerUtil - [PASS] SignInSubmit Button Clicked.
2026-08-21 19:08:20 [main] INFO  utils.LoggerUtil - [PASS] AccountListArrow Icon Clicked.
2026-08-21 19:08:26 [main] INFO  utils.LoggerUtil - [PASS] Signout link Clicked.
2026-08-21 19:08:26 [main] ERROR utils.LoggerUtil - org.apache.xmlbeans.XmlException: error: Premature end of file.
org.apache.poi.ooxml.POIXMLException: org.apache.xmlbeans.XmlException: error: Premature end of file.
	at org.apache.poi.xssf.usermodel.XSSFWorkbook.onDocumentRead(XSSFWorkbook.java:481)
	at org.apache.poi.ooxml.POIXMLDocument.load(POIXMLDocument.java:169)
	at org.apache.poi.xssf.usermodel.XSSFWorkbook.<init>(XSSFWorkbook.java:262)
	at org.apache.poi.xssf.usermodel.XSSFWorkbookFactory.createWorkbook(XSSFWorkbookFactory.java:118)
	at org.apache.poi.xssf.usermodel.XSSFWorkbookFactory.create(XSSFWorkbookFactory.java:98)
	at org.apache.poi.xssf.usermodel.XSSFWorkbookFactory.create(XSSFWorkbookFactory.java:36)
	at org.apache.poi.ss.usermodel.WorkbookFactory.lambda$create$2(WorkbookFactory.java:224)
	at org.apache.poi.ss.usermodel.WorkbookFactory.wp(WorkbookFactory.java:329)
	at org.apache.poi.ss.usermodel.WorkbookFactory.create(WorkbookFactory.java:224)
	at org.apache.poi.ss.usermodel.WorkbookFactory.create(WorkbookFactory.java:185)
	at utils.ExcelUtil.loadActiveTestData(ExcelUtil.java:18)
	at utils.ExcelUtil.getCellData(ExcelUtil.java:78)
	at pages.LoginPage.logoutApplication(LoginPage.java:106)
	at tests.LoginTest.Log_006_Logout(LoginTest.java:151)
	at java.base/jdk.internal.reflect.DirectMethodHandleAccessor.invoke(DirectMethodHandleAccessor.java:103)
	at java.base/java.lang.reflect.Method.invoke(Method.java:580)
	at org.testng.internal.invokers.MethodInvocationHelper.invokeMethod(MethodInvocationHelper.java:141)
	at org.testng.internal.invokers.TestInvoker.invokeMethod(TestInvoker.java:687)
	at org.testng.internal.invokers.TestInvoker.invokeTestMethod(TestInvoker.java:230)
	at org.testng.internal.invokers.MethodRunner.runInSequence(MethodRunner.java:63)
	at org.testng.internal.invokers.TestInvoker$MethodInvocationAgent.invoke(TestInvoker.java:995)
	at org.testng.internal.invokers.TestInvoker.invokeTestMethods(TestInvoker.java:203)
	at org.testng.internal.invokers.TestMethodWorker.invokeTestMethods(TestMethodWorker.java:154)
	at org.testng.internal.invokers.TestMethodWorker.run(TestMethodWorker.java:134)
	at java.base/java.util.ArrayList.forEach(ArrayList.java:1596)
	at org.testng.TestRunner.privateRun(TestRunner.java:741)
	at org.testng.TestRunner.run(TestRunner.java:616)
	at org.testng.SuiteRunner.runTest(SuiteRunner.java:421)
	at org.testng.SuiteRunner.runSequentially(SuiteRunner.java:413)
	at org.testng.SuiteRunner.privateRun(SuiteRunner.java:373)
	at org.testng.SuiteRunner.run(SuiteRunner.java:312)
	at org.testng.SuiteRunnerWorker.runSuite(SuiteRunnerWorker.java:52)
	at org.testng.SuiteRunnerWorker.run(SuiteRunnerWorker.java:95)
	at org.testng.TestNG.runSuitesSequentially(TestNG.java:1274)
	at org.testng.TestNG.runSuitesLocally(TestNG.java:1208)
	at org.testng.TestNG.runSuites(TestNG.java:1112)
	at org.testng.TestNG.run(TestNG.java:1079)
	at org.testng.remote.AbstractRemoteTestNG.run(AbstractRemoteTestNG.java:115)
	at org.testng.remote.RemoteTestNG.initAndRun(RemoteTestNG.java:293)
	at org.testng.remote.RemoteTestNG.main(RemoteTestNG.java:91)
Caused by: org.apache.xmlbeans.XmlException: error: Premature end of file.
	at org.apache.xmlbeans.impl.store.Locale$SaxLoader.load(Locale.java:2563)
	at org.apache.xmlbeans.impl.store.Locale.lambda$parseToXmlObject$3(Locale.java:718)
	at org.apache.xmlbeans.impl.store.Locale.syncWrap(Locale.java:491)
	at org.apache.xmlbeans.impl.store.Locale.parseToXmlObject(Locale.java:717)
	at org.apache.xmlbeans.impl.schema.SchemaTypeLoaderBase.parse(SchemaTypeLoaderBase.java:234)
	at org.apache.xmlbeans.impl.schema.AbstractDocumentFactory.parse(AbstractDocumentFactory.java:71)
	at org.apache.poi.xssf.usermodel.XSSFWorkbook.onDocumentRead(XSSFWorkbook.java:397)
	... 39 more
Caused by: org.xml.sax.SAXParseException: Premature end of file.
	at java.xml/com.sun.org.apache.xerces.internal.util.ErrorHandlerWrapper.createSAXParseException(ErrorHandlerWrapper.java:204)
	at java.xml/com.sun.org.apache.xerces.internal.util.ErrorHandlerWrapper.fatalError(ErrorHandlerWrapper.java:178)
	at java.xml/com.sun.org.apache.xerces.internal.impl.XMLErrorReporter.reportError(XMLErrorReporter.java:400)
	at java.xml/com.sun.org.apache.xerces.internal.impl.XMLErrorReporter.reportError(XMLErrorReporter.java:327)
	at java.xml/com.sun.org.apache.xerces.internal.impl.XMLScanner.reportFatalError(XMLScanner.java:1465)
	at java.xml/com.sun.org.apache.xerces.internal.impl.XMLDocumentScannerImpl$PrologDriver.next(XMLDocumentScannerImpl.java:1013)
	at java.xml/com.sun.org.apache.xerces.internal.impl.XMLDocumentScannerImpl.next(XMLDocumentScannerImpl.java:605)
	at java.xml/com.sun.org.apache.xerces.internal.impl.XMLNSDocumentScannerImpl.next(XMLNSDocumentScannerImpl.java:114)
	at java.xml/com.sun.org.apache.xerces.internal.impl.XMLDocumentFragmentScannerImpl.scanDocument(XMLDocumentFragmentScannerImpl.java:542)
	at java.xml/com.sun.org.apache.xerces.internal.parsers.XML11Configuration.parse(XML11Configuration.java:889)
	at java.xml/com.sun.org.apache.xerces.internal.parsers.XML11Configuration.parse(XML11Configuration.java:825)
	at java.xml/com.sun.org.apache.xerces.internal.parsers.XMLParser.parse(XMLParser.java:141)
	at java.xml/com.sun.org.apache.xerces.internal.parsers.AbstractSAXParser.parse(AbstractSAXParser.java:1224)
	at java.xml/com.sun.org.apache.xerces.internal.jaxp.SAXParserImpl$JAXPSAXParser.parse(SAXParserImpl.java:637)
	at org.apache.xmlbeans.impl.store.Locale$SaxLoader.load(Locale.java:2542)
	... 45 more
2026-08-21 19:30:52 [main] INFO  utils.LoggerUtil - [PASS] AccountListArrow Icon Clicked.
2026-08-21 19:30:52 [main] INFO  utils.LoggerUtil - [PASS] SignIn Button Clicked.
2026-08-21 19:30:59 [main] INFO  utils.LoggerUtil - [PASS] Username entered: vinnarasiv17@gmail.com
2026-08-21 19:31:09 [main] INFO  utils.LoggerUtil - [PASS] The Password entered.
2026-08-21 19:31:21 [main] INFO  utils.LoggerUtil - [PASS] SignInSubmit Button Clicked.
2026-08-21 19:31:21 [main] INFO  utils.LoggerUtil - [PASS] AccountListArrow Icon Clicked.
2026-08-21 19:31:31 [main] INFO  utils.LoggerUtil - [PASS] Signout link Clicked.
2026-08-21 19:31:31 [main] ERROR utils.LoggerUtil - org.apache.xmlbeans.XmlException: error: Premature end of file.
org.apache.poi.ooxml.POIXMLException: org.apache.xmlbeans.XmlException: error: Premature end of file.
	at org.apache.poi.xssf.usermodel.XSSFWorkbook.onDocumentRead(XSSFWorkbook.java:481)
	at org.apache.poi.ooxml.POIXMLDocument.load(POIXMLDocument.java:169)
	at org.apache.poi.xssf.usermodel.XSSFWorkbook.<init>(XSSFWorkbook.java:262)
	at org.apache.poi.xssf.usermodel.XSSFWorkbookFactory.createWorkbook(XSSFWorkbookFactory.java:118)
	at org.apache.poi.xssf.usermodel.XSSFWorkbookFactory.create(XSSFWorkbookFactory.java:98)
	at org.apache.poi.xssf.usermodel.XSSFWorkbookFactory.create(XSSFWorkbookFactory.java:36)
	at org.apache.poi.ss.usermodel.WorkbookFactory.lambda$create$2(WorkbookFactory.java:224)
	at org.apache.poi.ss.usermodel.WorkbookFactory.wp(WorkbookFactory.java:329)
	at org.apache.poi.ss.usermodel.WorkbookFactory.create(WorkbookFactory.java:224)
	at org.apache.poi.ss.usermodel.WorkbookFactory.create(WorkbookFactory.java:185)
	at utils.ExcelUtil.loadActiveTestData(ExcelUtil.java:18)
	at utils.ExcelUtil.getCellData(ExcelUtil.java:78)
	at pages.LoginPage.logoutApplication(LoginPage.java:106)
	at tests.LoginTest.Log_006_Logout(LoginTest.java:151)
	at java.base/jdk.internal.reflect.DirectMethodHandleAccessor.invoke(DirectMethodHandleAccessor.java:103)
	at java.base/java.lang.reflect.Method.invoke(Method.java:580)
	at org.testng.internal.invokers.MethodInvocationHelper.invokeMethod(MethodInvocationHelper.java:141)
	at org.testng.internal.invokers.TestInvoker.invokeMethod(TestInvoker.java:687)
	at org.testng.internal.invokers.TestInvoker.invokeTestMethod(TestInvoker.java:230)
	at org.testng.internal.invokers.MethodRunner.runInSequence(MethodRunner.java:63)
	at org.testng.internal.invokers.TestInvoker$MethodInvocationAgent.invoke(TestInvoker.java:995)
	at org.testng.internal.invokers.TestInvoker.invokeTestMethods(TestInvoker.java:203)
	at org.testng.internal.invokers.TestMethodWorker.invokeTestMethods(TestMethodWorker.java:154)
	at org.testng.internal.invokers.TestMethodWorker.run(TestMethodWorker.java:134)
	at java.base/java.util.ArrayList.forEach(ArrayList.java:1596)
	at org.testng.TestRunner.privateRun(TestRunner.java:741)
	at org.testng.TestRunner.run(TestRunner.java:616)
	at org.testng.SuiteRunner.runTest(SuiteRunner.java:421)
	at org.testng.SuiteRunner.runSequentially(SuiteRunner.java:413)
	at org.testng.SuiteRunner.privateRun(SuiteRunner.java:373)
	at org.testng.SuiteRunner.run(SuiteRunner.java:312)
	at org.testng.SuiteRunnerWorker.runSuite(SuiteRunnerWorker.java:52)
	at org.testng.SuiteRunnerWorker.run(SuiteRunnerWorker.java:95)
	at org.testng.TestNG.runSuitesSequentially(TestNG.java:1274)
	at org.testng.TestNG.runSuitesLocally(TestNG.java:1208)
	at org.testng.TestNG.runSuites(TestNG.java:1112)
	at org.testng.TestNG.run(TestNG.java:1079)
	at org.testng.remote.AbstractRemoteTestNG.run(AbstractRemoteTestNG.java:115)
	at org.testng.remote.RemoteTestNG.initAndRun(RemoteTestNG.java:293)
	at org.testng.remote.RemoteTestNG.main(RemoteTestNG.java:91)
Caused by: org.apache.xmlbeans.XmlException: error: Premature end of file.
	at org.apache.xmlbeans.impl.store.Locale$SaxLoader.load(Locale.java:2563)
	at org.apache.xmlbeans.impl.store.Locale.lambda$parseToXmlObject$3(Locale.java:718)
	at org.apache.xmlbeans.impl.store.Locale.syncWrap(Locale.java:491)
	at org.apache.xmlbeans.impl.store.Locale.parseToXmlObject(Locale.java:717)
	at org.apache.xmlbeans.impl.schema.SchemaTypeLoaderBase.parse(SchemaTypeLoaderBase.java:234)
	at org.apache.xmlbeans.impl.schema.AbstractDocumentFactory.parse(AbstractDocumentFactory.java:71)
	at org.apache.poi.xssf.usermodel.XSSFWorkbook.onDocumentRead(XSSFWorkbook.java:397)
	... 39 more
Caused by: org.xml.sax.SAXParseException: Premature end of file.
	at java.xml/com.sun.org.apache.xerces.internal.util.ErrorHandlerWrapper.createSAXParseException(ErrorHandlerWrapper.java:204)
	at java.xml/com.sun.org.apache.xerces.internal.util.ErrorHandlerWrapper.fatalError(ErrorHandlerWrapper.java:178)
	at java.xml/com.sun.org.apache.xerces.internal.impl.XMLErrorReporter.reportError(XMLErrorReporter.java:400)
	at java.xml/com.sun.org.apache.xerces.internal.impl.XMLErrorReporter.reportError(XMLErrorReporter.java:327)
	at java.xml/com.sun.org.apache.xerces.internal.impl.XMLScanner.reportFatalError(XMLScanner.java:1465)
	at java.xml/com.sun.org.apache.xerces.internal.impl.XMLDocumentScannerImpl$PrologDriver.next(XMLDocumentScannerImpl.java:1013)
	at java.xml/com.sun.org.apache.xerces.internal.impl.XMLDocumentScannerImpl.next(XMLDocumentScannerImpl.java:605)
	at java.xml/com.sun.org.apache.xerces.internal.impl.XMLNSDocumentScannerImpl.next(XMLNSDocumentScannerImpl.java:114)
	at java.xml/com.sun.org.apache.xerces.internal.impl.XMLDocumentFragmentScannerImpl.scanDocument(XMLDocumentFragmentScannerImpl.java:542)
	at java.xml/com.sun.org.apache.xerces.internal.parsers.XML11Configuration.parse(XML11Configuration.java:889)
	at java.xml/com.sun.org.apache.xerces.internal.parsers.XML11Configuration.parse(XML11Configuration.java:825)
	at java.xml/com.sun.org.apache.xerces.internal.parsers.XMLParser.parse(XMLParser.java:141)
	at java.xml/com.sun.org.apache.xerces.internal.parsers.AbstractSAXParser.parse(AbstractSAXParser.java:1224)
	at java.xml/com.sun.org.apache.xerces.internal.jaxp.SAXParserImpl$JAXPSAXParser.parse(SAXParserImpl.java:637)
	at org.apache.xmlbeans.impl.store.Locale$SaxLoader.load(Locale.java:2542)
	... 45 more
2026-08-21 19:57:09 [main] INFO  utils.LoggerUtil - Starting test case execution: Log_001
2026-08-21 19:57:14 [main] INFO  utils.LoggerUtil - [PASS] AccountListArrow Icon Clicked.
2026-08-21 19:57:17 [main] INFO  utils.LoggerUtil - [PASS] SignIn Button Clicked.
2026-08-21 19:57:17 [main] INFO  utils.LoggerUtil - [PASS] Username entered: InvalidUser
2026-08-21 19:57:17 [main] ERROR utils.LoggerUtil - expected [] but found [Invalid email address]
java.lang.AssertionError: expected [] but found [Invalid email address]
	at org.testng.Assert.fail(Assert.java:111)
	at org.testng.Assert.failNotEquals(Assert.java:1590)
	at org.testng.Assert.assertEqualsImpl(Assert.java:150)
	at org.testng.Assert.assertEquals(Assert.java:132)
	at org.testng.Assert.assertEquals(Assert.java:656)
	at org.testng.Assert.assertEquals(Assert.java:666)
	at tests.LoginTest.Log_001_VerifyInvalidUsername(LoginTest.java:46)
	at java.base/jdk.internal.reflect.DirectMethodHandleAccessor.invoke(DirectMethodHandleAccessor.java:103)
	at java.base/java.lang.reflect.Method.invoke(Method.java:580)
	at org.testng.internal.invokers.MethodInvocationHelper.invokeMethod(MethodInvocationHelper.java:141)
	at org.testng.internal.invokers.TestInvoker.invokeMethod(TestInvoker.java:687)
	at org.testng.internal.invokers.TestInvoker.invokeTestMethod(TestInvoker.java:230)
	at org.testng.internal.invokers.MethodRunner.runInSequence(MethodRunner.java:63)
	at org.testng.internal.invokers.TestInvoker$MethodInvocationAgent.invoke(TestInvoker.java:995)
	at org.testng.internal.invokers.TestInvoker.invokeTestMethods(TestInvoker.java:203)
	at org.testng.internal.invokers.TestMethodWorker.invokeTestMethods(TestMethodWorker.java:154)
	at org.testng.internal.invokers.TestMethodWorker.run(TestMethodWorker.java:134)
	at java.base/java.util.ArrayList.forEach(ArrayList.java:1596)
	at org.testng.TestRunner.privateRun(TestRunner.java:741)
	at org.testng.TestRunner.run(TestRunner.java:616)
	at org.testng.SuiteRunner.runTest(SuiteRunner.java:421)
	at org.testng.SuiteRunner.runSequentially(SuiteRunner.java:413)
	at org.testng.SuiteRunner.privateRun(SuiteRunner.java:373)
	at org.testng.SuiteRunner.run(SuiteRunner.java:312)
	at org.testng.SuiteRunnerWorker.runSuite(SuiteRunnerWorker.java:52)
	at org.testng.SuiteRunnerWorker.run(SuiteRunnerWorker.java:95)
	at org.testng.TestNG.runSuitesSequentially(TestNG.java:1274)
	at org.testng.TestNG.runSuitesLocally(TestNG.java:1208)
	at org.testng.TestNG.runSuites(TestNG.java:1112)
	at org.testng.TestNG.run(TestNG.java:1079)
	at org.testng.remote.AbstractRemoteTestNG.run(AbstractRemoteTestNG.java:115)
	at org.testng.remote.RemoteTestNG.initAndRun(RemoteTestNG.java:293)
	at org.testng.remote.RemoteTestNG.main(RemoteTestNG.java:91)
2026-08-21 19:57:17 [main] INFO  utils.LoggerUtil - Starting test case execution: Log_002
2026-08-21 19:57:38 [main] INFO  utils.LoggerUtil - Starting test case execution: Log_003
2026-08-21 19:57:58 [main] INFO  utils.LoggerUtil - Starting test case execution: Log_004
2026-08-21 19:58:18 [main] INFO  utils.LoggerUtil - Starting test case execution: Log_005
2026-08-21 19:58:58 [main] ERROR utils.LoggerUtil - Expected condition failed: waiting for element to be clickable: By.xpath: //div[@id="nav-link-accountList"]//button[@class="nav-flyout-button nav-icon nav-arrow"] (tried for 10 second(s) with 500 milliseconds interval)
Build info: version: '4.35.0', revision: '1c58e5028b'
System info: os.name: 'Windows 11', os.arch: 'amd64', os.version: '10.0', java.version: '21.0.12'
Driver info: org.openqa.selenium.chrome.ChromeDriver
Capabilities {acceptInsecureCerts: false, browserName: chrome, browserVersion: 151.0.7922.170, chrome: {chromedriverVersion: 151.0.7922.138 (41fa8244239..., userDataDir: C:\Users\DROOFF~1\AppData\L...}, fedcm:accounts: true, goog:chromeOptions: {debuggerAddress: localhost:52363}, goog:processID: 10624, networkConnectionEnabled: false, pageLoadStrategy: normal, platformName: windows, proxy: Proxy(), se:cdp: ws://localhost:52363/devtoo..., se:cdpVersion: 151.0.7922.170, setWindowRect: true, strictFileInteractability: false, timeouts: {implicit: 0, pageLoad: 300000, script: 30000}, unhandledPromptBehavior: dismiss and notify, webauthn:extension:credBlob: true, webauthn:extension:largeBlob: true, webauthn:extension:minPinLength: true, webauthn:extension:prf: true, webauthn:virtualAuthenticators: true}
Session ID: 4ec685ff94181974f929e36d610f125f
org.openqa.selenium.TimeoutException: Expected condition failed: waiting for element to be clickable: By.xpath: //div[@id="nav-link-accountList"]//button[@class="nav-flyout-button nav-icon nav-arrow"] (tried for 10 second(s) with 500 milliseconds interval)
Build info: version: '4.35.0', revision: '1c58e5028b'
System info: os.name: 'Windows 11', os.arch: 'amd64', os.version: '10.0', java.version: '21.0.12'
Driver info: org.openqa.selenium.chrome.ChromeDriver
Capabilities {acceptInsecureCerts: false, browserName: chrome, browserVersion: 151.0.7922.170, chrome: {chromedriverVersion: 151.0.7922.138 (41fa8244239..., userDataDir: C:\Users\DROOFF~1\AppData\L...}, fedcm:accounts: true, goog:chromeOptions: {debuggerAddress: localhost:52363}, goog:processID: 10624, networkConnectionEnabled: false, pageLoadStrategy: normal, platformName: windows, proxy: Proxy(), se:cdp: ws://localhost:52363/devtoo..., se:cdpVersion: 151.0.7922.170, setWindowRect: true, strictFileInteractability: false, timeouts: {implicit: 0, pageLoad: 300000, script: 30000}, unhandledPromptBehavior: dismiss and notify, webauthn:extension:credBlob: true, webauthn:extension:largeBlob: true, webauthn:extension:minPinLength: true, webauthn:extension:prf: true, webauthn:virtualAuthenticators: true}
Session ID: 4ec685ff94181974f929e36d610f125f
	at org.openqa.selenium.support.ui.WebDriverWait.timeoutException(WebDriverWait.java:84)
	at org.openqa.selenium.support.ui.FluentWait.until(FluentWait.java:228)
	at pages.BasePage.click(BasePage.java:25)
	at pages.LoginPage.clickIconAccountListArrow(LoginPage.java:42)
	at pages.LoginPage.loginToApplication(LoginPage.java:86)
	at tests.LoginTest.Log_006_Logout(LoginTest.java:149)
	at java.base/jdk.internal.reflect.DirectMethodHandleAccessor.invoke(DirectMethodHandleAccessor.java:103)
	at java.base/java.lang.reflect.Method.invoke(Method.java:580)
	at org.testng.internal.invokers.MethodInvocationHelper.invokeMethod(MethodInvocationHelper.java:141)
	at org.testng.internal.invokers.TestInvoker.invokeMethod(TestInvoker.java:687)
	at org.testng.internal.invokers.TestInvoker.invokeTestMethod(TestInvoker.java:230)
	at org.testng.internal.invokers.MethodRunner.runInSequence(MethodRunner.java:63)
	at org.testng.internal.invokers.TestInvoker$MethodInvocationAgent.invoke(TestInvoker.java:995)
	at org.testng.internal.invokers.TestInvoker.invokeTestMethods(TestInvoker.java:203)
	at org.testng.internal.invokers.TestMethodWorker.invokeTestMethods(TestMethodWorker.java:154)
	at org.testng.internal.invokers.TestMethodWorker.run(TestMethodWorker.java:134)
	at java.base/java.util.ArrayList.forEach(ArrayList.java:1596)
	at org.testng.TestRunner.privateRun(TestRunner.java:741)
	at org.testng.TestRunner.run(TestRunner.java:616)
	at org.testng.SuiteRunner.runTest(SuiteRunner.java:421)
	at org.testng.SuiteRunner.runSequentially(SuiteRunner.java:413)
	at org.testng.SuiteRunner.privateRun(SuiteRunner.java:373)
	at org.testng.SuiteRunner.run(SuiteRunner.java:312)
	at org.testng.SuiteRunnerWorker.runSuite(SuiteRunnerWorker.java:52)
	at org.testng.SuiteRunnerWorker.run(SuiteRunnerWorker.java:95)
	at org.testng.TestNG.runSuitesSequentially(TestNG.java:1274)
	at org.testng.TestNG.runSuitesLocally(TestNG.java:1208)
	at org.testng.TestNG.runSuites(TestNG.java:1112)
	at org.testng.TestNG.run(TestNG.java:1079)
	at org.testng.remote.AbstractRemoteTestNG.run(AbstractRemoteTestNG.java:115)
	at org.testng.remote.RemoteTestNG.initAndRun(RemoteTestNG.java:293)
	at org.testng.remote.RemoteTestNG.main(RemoteTestNG.java:91)
2026-08-21 20:13:00 [main] INFO  utils.LoggerUtil - Starting test case execution: Log_001
2026-08-21 20:13:16 [main] INFO  utils.LoggerUtil - [PASS] AccountListArrow Icon Clicked.
2026-08-21 20:13:28 [main] INFO  utils.LoggerUtil - [PASS] SignIn Button Clicked.
2026-08-21 20:13:28 [main] INFO  utils.LoggerUtil - [PASS] Username entered: InvalidUser
2026-08-21 20:13:28 [main] INFO  utils.LoggerUtil - [PASS] Test Case Log_001 Invalid username error message displayed successfully.
2026-08-21 20:13:28 [main] INFO  utils.LoggerUtil - Starting test case execution: Log_002
2026-08-21 20:13:48 [main] INFO  utils.LoggerUtil - Starting test case execution: Log_003
2026-08-21 20:14:09 [main] INFO  utils.LoggerUtil - Starting test case execution: Log_004
2026-08-21 20:14:29 [main] INFO  utils.LoggerUtil - Starting test case execution: Log_005
2026-08-21 20:15:03 [main] ERROR utils.LoggerUtil - invalid session id: session deleted as the browser has closed the connection
from disconnected: unable to send message to renderer
  (Session info: chrome=151.0.7922.170)
Build info: version: '4.35.0', revision: '1c58e5028b'
System info: os.name: 'Windows 11', os.arch: 'amd64', os.version: '10.0', java.version: '21.0.12'
Driver info: org.openqa.selenium.chrome.ChromeDriver
Command: [7b6e833f4659034ea193a1e664d21dfb, findElement {value=//div[@id="nav-link-accountList"]//button[@class="nav-flyout-button nav-icon nav-arrow"], using=xpath}]
Capabilities {acceptInsecureCerts: false, browserName: chrome, browserVersion: 151.0.7922.170, chrome: {chromedriverVersion: 151.0.7922.138 (41fa8244239..., userDataDir: C:\Users\DROOFF~1\AppData\L...}, fedcm:accounts: true, goog:chromeOptions: {debuggerAddress: localhost:49340}, goog:processID: 14284, networkConnectionEnabled: false, pageLoadStrategy: normal, platformName: windows, proxy: Proxy(), se:cdp: ws://localhost:49340/devtoo..., se:cdpVersion: 151.0.7922.170, setWindowRect: true, strictFileInteractability: false, timeouts: {implicit: 0, pageLoad: 300000, script: 30000}, unhandledPromptBehavior: dismiss and notify, webauthn:extension:credBlob: true, webauthn:extension:largeBlob: true, webauthn:extension:minPinLength: true, webauthn:extension:prf: true, webauthn:virtualAuthenticators: true}
Session ID: 7b6e833f4659034ea193a1e664d21dfb
org.openqa.selenium.NoSuchSessionException: invalid session id: session deleted as the browser has closed the connection
from disconnected: unable to send message to renderer
  (Session info: chrome=151.0.7922.170)
Build info: version: '4.35.0', revision: '1c58e5028b'
System info: os.name: 'Windows 11', os.arch: 'amd64', os.version: '10.0', java.version: '21.0.12'
Driver info: org.openqa.selenium.chrome.ChromeDriver
Command: [7b6e833f4659034ea193a1e664d21dfb, findElement {value=//div[@id="nav-link-accountList"]//button[@class="nav-flyout-button nav-icon nav-arrow"], using=xpath}]
Capabilities {acceptInsecureCerts: false, browserName: chrome, browserVersion: 151.0.7922.170, chrome: {chromedriverVersion: 151.0.7922.138 (41fa8244239..., userDataDir: C:\Users\DROOFF~1\AppData\L...}, fedcm:accounts: true, goog:chromeOptions: {debuggerAddress: localhost:49340}, goog:processID: 14284, networkConnectionEnabled: false, pageLoadStrategy: normal, platformName: windows, proxy: Proxy(), se:cdp: ws://localhost:49340/devtoo..., se:cdpVersion: 151.0.7922.170, setWindowRect: true, strictFileInteractability: false, timeouts: {implicit: 0, pageLoad: 300000, script: 30000}, unhandledPromptBehavior: dismiss and notify, webauthn:extension:credBlob: true, webauthn:extension:largeBlob: true, webauthn:extension:minPinLength: true, webauthn:extension:prf: true, webauthn:virtualAuthenticators: true}
Session ID: 7b6e833f4659034ea193a1e664d21dfb
	at java.base/jdk.internal.reflect.DirectConstructorHandleAccessor.newInstance(DirectConstructorHandleAccessor.java:62)
	at java.base/java.lang.reflect.Constructor.newInstanceWithCaller(Constructor.java:502)
	at java.base/java.lang.reflect.Constructor.newInstance(Constructor.java:486)
	at org.openqa.selenium.remote.ErrorCodec.decode(ErrorCodec.java:167)
	at org.openqa.selenium.remote.codec.w3c.W3CHttpResponseCodec.decode(W3CHttpResponseCodec.java:138)
	at org.openqa.selenium.remote.codec.w3c.W3CHttpResponseCodec.decode(W3CHttpResponseCodec.java:50)
	at org.openqa.selenium.remote.HttpCommandExecutor.execute(HttpCommandExecutor.java:215)
	at org.openqa.selenium.remote.service.DriverCommandExecutor.invokeExecute(DriverCommandExecutor.java:216)
	at org.openqa.selenium.remote.service.DriverCommandExecutor.execute(DriverCommandExecutor.java:174)
	at org.openqa.selenium.remote.RemoteWebDriver.execute(RemoteWebDriver.java:557)
	at org.openqa.selenium.remote.ElementLocation$ElementFinder$2.findElement(ElementLocation.java:165)
	at org.openqa.selenium.remote.ElementLocation.findElement(ElementLocation.java:59)
	at org.openqa.selenium.remote.RemoteWebDriver.findElement(RemoteWebDriver.java:380)
	at org.openqa.selenium.remote.RemoteWebDriver.findElement(RemoteWebDriver.java:374)
	at org.openqa.selenium.support.ui.ExpectedConditions$7.apply(ExpectedConditions.java:194)
	at org.openqa.selenium.support.ui.ExpectedConditions$7.apply(ExpectedConditions.java:190)
	at org.openqa.selenium.support.ui.ExpectedConditions$22.apply(ExpectedConditions.java:627)
	at org.openqa.selenium.support.ui.ExpectedConditions$22.apply(ExpectedConditions.java:624)
	at org.openqa.selenium.support.ui.FluentWait.until(FluentWait.java:203)
	at pages.BasePage.click(BasePage.java:25)
	at pages.LoginPage.clickIconAccountListArrow(LoginPage.java:42)
	at pages.LoginPage.loginToApplication(LoginPage.java:86)
	at tests.LoginTest.Log_006_ValidLogout(LoginTest.java:149)
	at java.base/jdk.internal.reflect.DirectMethodHandleAccessor.invoke(DirectMethodHandleAccessor.java:103)
	at java.base/java.lang.reflect.Method.invoke(Method.java:580)
	at org.testng.internal.invokers.MethodInvocationHelper.invokeMethod(MethodInvocationHelper.java:141)
	at org.testng.internal.invokers.TestInvoker.invokeMethod(TestInvoker.java:687)
	at org.testng.internal.invokers.TestInvoker.invokeTestMethod(TestInvoker.java:230)
	at org.testng.internal.invokers.MethodRunner.runInSequence(MethodRunner.java:63)
	at org.testng.internal.invokers.TestInvoker$MethodInvocationAgent.invoke(TestInvoker.java:995)
	at org.testng.internal.invokers.TestInvoker.invokeTestMethods(TestInvoker.java:203)
	at org.testng.internal.invokers.TestMethodWorker.invokeTestMethods(TestMethodWorker.java:154)
	at org.testng.internal.invokers.TestMethodWorker.run(TestMethodWorker.java:134)
	at java.base/java.util.ArrayList.forEach(ArrayList.java:1596)
	at org.testng.TestRunner.privateRun(TestRunner.java:741)
	at org.testng.TestRunner.run(TestRunner.java:616)
	at org.testng.SuiteRunner.runTest(SuiteRunner.java:421)
	at org.testng.SuiteRunner.runSequentially(SuiteRunner.java:413)
	at org.testng.SuiteRunner.privateRun(SuiteRunner.java:373)
	at org.testng.SuiteRunner.run(SuiteRunner.java:312)
	at org.testng.SuiteRunnerWorker.runSuite(SuiteRunnerWorker.java:52)
	at org.testng.SuiteRunnerWorker.run(SuiteRunnerWorker.java:95)
	at org.testng.TestNG.runSuitesSequentially(TestNG.java:1274)
	at org.testng.TestNG.runSuitesLocally(TestNG.java:1208)
	at org.testng.TestNG.runSuites(TestNG.java:1112)
	at org.testng.TestNG.run(TestNG.java:1079)
	at org.testng.remote.AbstractRemoteTestNG.run(AbstractRemoteTestNG.java:115)
	at org.testng.remote.RemoteTestNG.initAndRun(RemoteTestNG.java:293)
	at org.testng.remote.RemoteTestNG.main(RemoteTestNG.java:91)
2026-08-21 20:18:32 [main] INFO  utils.LoggerUtil - Starting test case execution: Log_001
2026-08-21 20:19:02 [main] INFO  utils.LoggerUtil - [PASS] AccountListArrow Icon Clicked.
2026-08-21 20:19:02 [main] INFO  utils.LoggerUtil - [PASS] SignIn Button Clicked.
2026-08-21 20:19:09 [main] INFO  utils.LoggerUtil - [PASS] Username entered: InvalidUser
2026-08-21 20:19:10 [main] INFO  utils.LoggerUtil - [PASS] Test Case Log_001 Invalid username error message displayed successfully.
2026-08-21 20:19:30 [main] ERROR utils.LoggerUtil - Expected condition failed: waiting for element to be clickable: By.xpath: //div[@id="nav-link-accountList"]//button[@class="nav-flyout-button nav-icon nav-arrow"] (tried for 10 second(s) with 500 milliseconds interval)
Build info: version: '4.35.0', revision: '1c58e5028b'
System info: os.name: 'Windows 11', os.arch: 'amd64', os.version: '10.0', java.version: '21.0.12'
Driver info: org.openqa.selenium.chrome.ChromeDriver
Capabilities {acceptInsecureCerts: false, browserName: chrome, browserVersion: 151.0.7922.170, chrome: {chromedriverVersion: 151.0.7922.138 (41fa8244239..., userDataDir: C:\Users\DROOFF~1\AppData\L...}, fedcm:accounts: true, goog:chromeOptions: {debuggerAddress: localhost:63910}, goog:processID: 360, networkConnectionEnabled: false, pageLoadStrategy: normal, platformName: windows, proxy: Proxy(), se:cdp: ws://localhost:63910/devtoo..., se:cdpVersion: 151.0.7922.170, setWindowRect: true, strictFileInteractability: false, timeouts: {implicit: 0, pageLoad: 300000, script: 30000}, unhandledPromptBehavior: dismiss and notify, webauthn:extension:credBlob: true, webauthn:extension:largeBlob: true, webauthn:extension:minPinLength: true, webauthn:extension:prf: true, webauthn:virtualAuthenticators: true}
Session ID: f708a7cd0ddf6c6f70e48ec97692ac98
org.openqa.selenium.TimeoutException: Expected condition failed: waiting for element to be clickable: By.xpath: //div[@id="nav-link-accountList"]//button[@class="nav-flyout-button nav-icon nav-arrow"] (tried for 10 second(s) with 500 milliseconds interval)
Build info: version: '4.35.0', revision: '1c58e5028b'
System info: os.name: 'Windows 11', os.arch: 'amd64', os.version: '10.0', java.version: '21.0.12'
Driver info: org.openqa.selenium.chrome.ChromeDriver
Capabilities {acceptInsecureCerts: false, browserName: chrome, browserVersion: 151.0.7922.170, chrome: {chromedriverVersion: 151.0.7922.138 (41fa8244239..., userDataDir: C:\Users\DROOFF~1\AppData\L...}, fedcm:accounts: true, goog:chromeOptions: {debuggerAddress: localhost:63910}, goog:processID: 360, networkConnectionEnabled: false, pageLoadStrategy: normal, platformName: windows, proxy: Proxy(), se:cdp: ws://localhost:63910/devtoo..., se:cdpVersion: 151.0.7922.170, setWindowRect: true, strictFileInteractability: false, timeouts: {implicit: 0, pageLoad: 300000, script: 30000}, unhandledPromptBehavior: dismiss and notify, webauthn:extension:credBlob: true, webauthn:extension:largeBlob: true, webauthn:extension:minPinLength: true, webauthn:extension:prf: true, webauthn:virtualAuthenticators: true}
Session ID: f708a7cd0ddf6c6f70e48ec97692ac98
	at org.openqa.selenium.support.ui.WebDriverWait.timeoutException(WebDriverWait.java:84)
	at org.openqa.selenium.support.ui.FluentWait.until(FluentWait.java:228)
	at pages.BasePage.click(BasePage.java:25)
	at pages.LoginPage.clickIconAccountListArrow(LoginPage.java:42)
	at pages.LoginPage.loginToApplication(LoginPage.java:86)
	at tests.LoginTest.Log_006_ValidLogout(LoginTest.java:149)
	at java.base/jdk.internal.reflect.DirectMethodHandleAccessor.invoke(DirectMethodHandleAccessor.java:103)
	at java.base/java.lang.reflect.Method.invoke(Method.java:580)
	at org.testng.internal.invokers.MethodInvocationHelper.invokeMethod(MethodInvocationHelper.java:141)
	at org.testng.internal.invokers.TestInvoker.invokeMethod(TestInvoker.java:687)
	at org.testng.internal.invokers.TestInvoker.invokeTestMethod(TestInvoker.java:230)
	at org.testng.internal.invokers.MethodRunner.runInSequence(MethodRunner.java:63)
	at org.testng.internal.invokers.TestInvoker$MethodInvocationAgent.invoke(TestInvoker.java:995)
	at org.testng.internal.invokers.TestInvoker.invokeTestMethods(TestInvoker.java:203)
	at org.testng.internal.invokers.TestMethodWorker.invokeTestMethods(TestMethodWorker.java:154)
	at org.testng.internal.invokers.TestMethodWorker.run(TestMethodWorker.java:134)
	at java.base/java.util.ArrayList.forEach(ArrayList.java:1596)
	at org.testng.TestRunner.privateRun(TestRunner.java:741)
	at org.testng.TestRunner.run(TestRunner.java:616)
	at org.testng.SuiteRunner.runTest(SuiteRunner.java:421)
	at org.testng.SuiteRunner.runSequentially(SuiteRunner.java:413)
	at org.testng.SuiteRunner.privateRun(SuiteRunner.java:373)
	at org.testng.SuiteRunner.run(SuiteRunner.java:312)
	at org.testng.SuiteRunnerWorker.runSuite(SuiteRunnerWorker.java:52)
	at org.testng.SuiteRunnerWorker.run(SuiteRunnerWorker.java:95)
	at org.testng.TestNG.runSuitesSequentially(TestNG.java:1274)
	at org.testng.TestNG.runSuitesLocally(TestNG.java:1208)
	at org.testng.TestNG.runSuites(TestNG.java:1112)
	at org.testng.TestNG.run(TestNG.java:1079)
	at org.testng.remote.AbstractRemoteTestNG.run(AbstractRemoteTestNG.java:115)
	at org.testng.remote.RemoteTestNG.initAndRun(RemoteTestNG.java:293)
	at org.testng.remote.RemoteTestNG.main(RemoteTestNG.java:91)
2026-08-21 20:21:26 [main] INFO  utils.LoggerUtil - Starting test case execution: Log_002
2026-08-21 20:21:44 [main] INFO  utils.LoggerUtil - [PASS] AccountListArrow Icon Clicked.
2026-08-21 20:21:45 [main] INFO  utils.LoggerUtil - [PASS] SignIn Button Clicked.
2026-08-21 20:22:08 [main] INFO  utils.LoggerUtil - [PASS] Username entered: vinnarasiv17@gmail.com
2026-08-21 20:22:21 [main] INFO  utils.LoggerUtil - [PASS] The Password entered.
2026-08-21 20:22:34 [main] INFO  utils.LoggerUtil - [PASS] SignInSubmit Button Clicked.
2026-08-21 20:22:34 [main] ERROR utils.LoggerUtil - expected [Enter your password] but found [Your password is incorrect]
java.lang.AssertionError: expected [Enter your password] but found [Your password is incorrect]
	at org.testng.Assert.fail(Assert.java:111)
	at org.testng.Assert.failNotEquals(Assert.java:1590)
	at org.testng.Assert.assertEqualsImpl(Assert.java:150)
	at org.testng.Assert.assertEquals(Assert.java:132)
	at org.testng.Assert.assertEquals(Assert.java:656)
	at org.testng.Assert.assertEquals(Assert.java:666)
	at tests.LoginTest.Log_002_VerifyInvalidPassword(LoginTest.java:69)
	at java.base/jdk.internal.reflect.DirectMethodHandleAccessor.invoke(DirectMethodHandleAccessor.java:103)
	at java.base/java.lang.reflect.Method.invoke(Method.java:580)
	at org.testng.internal.invokers.MethodInvocationHelper.invokeMethod(MethodInvocationHelper.java:141)
	at org.testng.internal.invokers.TestInvoker.invokeMethod(TestInvoker.java:687)
	at org.testng.internal.invokers.TestInvoker.invokeTestMethod(TestInvoker.java:230)
	at org.testng.internal.invokers.MethodRunner.runInSequence(MethodRunner.java:63)
	at org.testng.internal.invokers.TestInvoker$MethodInvocationAgent.invoke(TestInvoker.java:995)
	at org.testng.internal.invokers.TestInvoker.invokeTestMethods(TestInvoker.java:203)
	at org.testng.internal.invokers.TestMethodWorker.invokeTestMethods(TestMethodWorker.java:154)
	at org.testng.internal.invokers.TestMethodWorker.run(TestMethodWorker.java:134)
	at java.base/java.util.ArrayList.forEach(ArrayList.java:1596)
	at org.testng.TestRunner.privateRun(TestRunner.java:741)
	at org.testng.TestRunner.run(TestRunner.java:616)
	at org.testng.SuiteRunner.runTest(SuiteRunner.java:421)
	at org.testng.SuiteRunner.runSequentially(SuiteRunner.java:413)
	at org.testng.SuiteRunner.privateRun(SuiteRunner.java:373)
	at org.testng.SuiteRunner.run(SuiteRunner.java:312)
	at org.testng.SuiteRunnerWorker.runSuite(SuiteRunnerWorker.java:52)
	at org.testng.SuiteRunnerWorker.run(SuiteRunnerWorker.java:95)
	at org.testng.TestNG.runSuitesSequentially(TestNG.java:1274)
	at org.testng.TestNG.runSuitesLocally(TestNG.java:1208)
	at org.testng.TestNG.runSuites(TestNG.java:1112)
	at org.testng.TestNG.run(TestNG.java:1079)
	at org.testng.remote.AbstractRemoteTestNG.run(AbstractRemoteTestNG.java:115)
	at org.testng.remote.RemoteTestNG.initAndRun(RemoteTestNG.java:293)
	at org.testng.remote.RemoteTestNG.main(RemoteTestNG.java:91)
2026-08-21 20:22:55 [main] ERROR utils.LoggerUtil - Expected condition failed: waiting for element to be clickable: By.xpath: //div[@id="nav-link-accountList"]//button[@class="nav-flyout-button nav-icon nav-arrow"] (tried for 10 second(s) with 500 milliseconds interval)
Build info: version: '4.35.0', revision: '1c58e5028b'
System info: os.name: 'Windows 11', os.arch: 'amd64', os.version: '10.0', java.version: '21.0.12'
Driver info: org.openqa.selenium.chrome.ChromeDriver
Capabilities {acceptInsecureCerts: false, browserName: chrome, browserVersion: 151.0.7922.170, chrome: {chromedriverVersion: 151.0.7922.138 (41fa8244239..., userDataDir: C:\Users\DROOFF~1\AppData\L...}, fedcm:accounts: true, goog:chromeOptions: {debuggerAddress: localhost:57033}, goog:processID: 17196, networkConnectionEnabled: false, pageLoadStrategy: normal, platformName: windows, proxy: Proxy(), se:cdp: ws://localhost:57033/devtoo..., se:cdpVersion: 151.0.7922.170, setWindowRect: true, strictFileInteractability: false, timeouts: {implicit: 0, pageLoad: 300000, script: 30000}, unhandledPromptBehavior: dismiss and notify, webauthn:extension:credBlob: true, webauthn:extension:largeBlob: true, webauthn:extension:minPinLength: true, webauthn:extension:prf: true, webauthn:virtualAuthenticators: true}
Session ID: 62f4e42fa5b4e6501bf386328c8e93c2
org.openqa.selenium.TimeoutException: Expected condition failed: waiting for element to be clickable: By.xpath: //div[@id="nav-link-accountList"]//button[@class="nav-flyout-button nav-icon nav-arrow"] (tried for 10 second(s) with 500 milliseconds interval)
Build info: version: '4.35.0', revision: '1c58e5028b'
System info: os.name: 'Windows 11', os.arch: 'amd64', os.version: '10.0', java.version: '21.0.12'
Driver info: org.openqa.selenium.chrome.ChromeDriver
Capabilities {acceptInsecureCerts: false, browserName: chrome, browserVersion: 151.0.7922.170, chrome: {chromedriverVersion: 151.0.7922.138 (41fa8244239..., userDataDir: C:\Users\DROOFF~1\AppData\L...}, fedcm:accounts: true, goog:chromeOptions: {debuggerAddress: localhost:57033}, goog:processID: 17196, networkConnectionEnabled: false, pageLoadStrategy: normal, platformName: windows, proxy: Proxy(), se:cdp: ws://localhost:57033/devtoo..., se:cdpVersion: 151.0.7922.170, setWindowRect: true, strictFileInteractability: false, timeouts: {implicit: 0, pageLoad: 300000, script: 30000}, unhandledPromptBehavior: dismiss and notify, webauthn:extension:credBlob: true, webauthn:extension:largeBlob: true, webauthn:extension:minPinLength: true, webauthn:extension:prf: true, webauthn:virtualAuthenticators: true}
Session ID: 62f4e42fa5b4e6501bf386328c8e93c2
	at org.openqa.selenium.support.ui.WebDriverWait.timeoutException(WebDriverWait.java:84)
	at org.openqa.selenium.support.ui.FluentWait.until(FluentWait.java:228)
	at pages.BasePage.click(BasePage.java:25)
	at pages.LoginPage.clickIconAccountListArrow(LoginPage.java:42)
	at pages.LoginPage.loginToApplication(LoginPage.java:86)
	at tests.LoginTest.Log_006_ValidLogout(LoginTest.java:149)
	at java.base/jdk.internal.reflect.DirectMethodHandleAccessor.invoke(DirectMethodHandleAccessor.java:103)
	at java.base/java.lang.reflect.Method.invoke(Method.java:580)
	at org.testng.internal.invokers.MethodInvocationHelper.invokeMethod(MethodInvocationHelper.java:141)
	at org.testng.internal.invokers.TestInvoker.invokeMethod(TestInvoker.java:687)
	at org.testng.internal.invokers.TestInvoker.invokeTestMethod(TestInvoker.java:230)
	at org.testng.internal.invokers.MethodRunner.runInSequence(MethodRunner.java:63)
	at org.testng.internal.invokers.TestInvoker$MethodInvocationAgent.invoke(TestInvoker.java:995)
	at org.testng.internal.invokers.TestInvoker.invokeTestMethods(TestInvoker.java:203)
	at org.testng.internal.invokers.TestMethodWorker.invokeTestMethods(TestMethodWorker.java:154)
	at org.testng.internal.invokers.TestMethodWorker.run(TestMethodWorker.java:134)
	at java.base/java.util.ArrayList.forEach(ArrayList.java:1596)
	at org.testng.TestRunner.privateRun(TestRunner.java:741)
	at org.testng.TestRunner.run(TestRunner.java:616)
	at org.testng.SuiteRunner.runTest(SuiteRunner.java:421)
	at org.testng.SuiteRunner.runSequentially(SuiteRunner.java:413)
	at org.testng.SuiteRunner.privateRun(SuiteRunner.java:373)
	at org.testng.SuiteRunner.run(SuiteRunner.java:312)
	at org.testng.SuiteRunnerWorker.runSuite(SuiteRunnerWorker.java:52)
	at org.testng.SuiteRunnerWorker.run(SuiteRunnerWorker.java:95)
	at org.testng.TestNG.runSuitesSequentially(TestNG.java:1274)
	at org.testng.TestNG.runSuitesLocally(TestNG.java:1208)
	at org.testng.TestNG.runSuites(TestNG.java:1112)
	at org.testng.TestNG.run(TestNG.java:1079)
	at org.testng.remote.AbstractRemoteTestNG.run(AbstractRemoteTestNG.java:115)
	at org.testng.remote.RemoteTestNG.initAndRun(RemoteTestNG.java:293)
	at org.testng.remote.RemoteTestNG.main(RemoteTestNG.java:91)
2026-08-21 20:26:10 [main] INFO  utils.LoggerUtil - Starting test case execution: Log_001
2026-08-21 20:26:31 [main] INFO  utils.LoggerUtil - [PASS] AccountListArrow Icon Clicked.
2026-08-21 20:26:31 [main] INFO  utils.LoggerUtil - [PASS] SignIn Button Clicked.
2026-08-21 20:26:38 [main] INFO  utils.LoggerUtil - [PASS] Username entered: InvalidUser
2026-08-21 20:26:38 [main] INFO  utils.LoggerUtil - [PASS] Test Case Log_001 Invalid username error message displayed successfully.
2026-08-21 20:26:38 [main] INFO  utils.LoggerUtil - Starting test case execution: Log_002
2026-08-21 20:26:58 [main] INFO  utils.LoggerUtil - Starting test case execution: Log_003
2026-08-21 20:28:33 [main] INFO  utils.LoggerUtil - Starting test case execution: Log_001
2026-08-21 20:29:45 [main] INFO  utils.LoggerUtil - [PASS] AccountListArrow Icon Clicked.
2026-08-21 20:29:45 [main] INFO  utils.LoggerUtil - [PASS] SignIn Button Clicked.
2026-08-21 20:30:12 [main] INFO  utils.LoggerUtil - [PASS] Username entered: InvalidUser
2026-08-21 20:30:12 [main] INFO  utils.LoggerUtil - [PASS] Test Case Log_001 Invalid username error message displayed successfully.
2026-08-21 20:30:12 [main] INFO  utils.LoggerUtil - Starting test case execution: Log_002
2026-08-21 20:30:32 [main] INFO  utils.LoggerUtil - Starting test case execution: Log_003
2026-08-21 20:30:53 [main] INFO  utils.LoggerUtil - Starting test case execution: Log_004
2026-08-21 20:31:13 [main] INFO  utils.LoggerUtil - Starting test case execution: Log_005
2026-08-21 20:31:53 [main] ERROR utils.LoggerUtil - Expected condition failed: waiting for element to be clickable: By.xpath: //div[@id="nav-link-accountList"]//button[@class="nav-flyout-button nav-icon nav-arrow"] (tried for 10 second(s) with 500 milliseconds interval)
Build info: version: '4.35.0', revision: '1c58e5028b'
System info: os.name: 'Windows 11', os.arch: 'amd64', os.version: '10.0', java.version: '21.0.12'
Driver info: org.openqa.selenium.chrome.ChromeDriver
Capabilities {acceptInsecureCerts: false, browserName: chrome, browserVersion: 151.0.7922.170, chrome: {chromedriverVersion: 151.0.7922.138 (41fa8244239..., userDataDir: C:\Users\DROOFF~1\AppData\L...}, fedcm:accounts: true, goog:chromeOptions: {debuggerAddress: localhost:49544}, goog:processID: 8912, networkConnectionEnabled: false, pageLoadStrategy: normal, platformName: windows, proxy: Proxy(), se:cdp: ws://localhost:49544/devtoo..., se:cdpVersion: 151.0.7922.170, setWindowRect: true, strictFileInteractability: false, timeouts: {implicit: 0, pageLoad: 300000, script: 30000}, unhandledPromptBehavior: dismiss and notify, webauthn:extension:credBlob: true, webauthn:extension:largeBlob: true, webauthn:extension:minPinLength: true, webauthn:extension:prf: true, webauthn:virtualAuthenticators: true}
Session ID: 3a6d9efed4ab93259d914134b453bad3
org.openqa.selenium.TimeoutException: Expected condition failed: waiting for element to be clickable: By.xpath: //div[@id="nav-link-accountList"]//button[@class="nav-flyout-button nav-icon nav-arrow"] (tried for 10 second(s) with 500 milliseconds interval)
Build info: version: '4.35.0', revision: '1c58e5028b'
System info: os.name: 'Windows 11', os.arch: 'amd64', os.version: '10.0', java.version: '21.0.12'
Driver info: org.openqa.selenium.chrome.ChromeDriver
Capabilities {acceptInsecureCerts: false, browserName: chrome, browserVersion: 151.0.7922.170, chrome: {chromedriverVersion: 151.0.7922.138 (41fa8244239..., userDataDir: C:\Users\DROOFF~1\AppData\L...}, fedcm:accounts: true, goog:chromeOptions: {debuggerAddress: localhost:49544}, goog:processID: 8912, networkConnectionEnabled: false, pageLoadStrategy: normal, platformName: windows, proxy: Proxy(), se:cdp: ws://localhost:49544/devtoo..., se:cdpVersion: 151.0.7922.170, setWindowRect: true, strictFileInteractability: false, timeouts: {implicit: 0, pageLoad: 300000, script: 30000}, unhandledPromptBehavior: dismiss and notify, webauthn:extension:credBlob: true, webauthn:extension:largeBlob: true, webauthn:extension:minPinLength: true, webauthn:extension:prf: true, webauthn:virtualAuthenticators: true}
Session ID: 3a6d9efed4ab93259d914134b453bad3
	at org.openqa.selenium.support.ui.WebDriverWait.timeoutException(WebDriverWait.java:84)
	at org.openqa.selenium.support.ui.FluentWait.until(FluentWait.java:228)
	at pages.BasePage.click(BasePage.java:25)
	at pages.LoginPage.clickIconAccountListArrow(LoginPage.java:42)
	at pages.LoginPage.loginToApplication(LoginPage.java:86)
	at tests.LoginTest.Log_006_ValidLogout(LoginTest.java:149)
	at java.base/jdk.internal.reflect.DirectMethodHandleAccessor.invoke(DirectMethodHandleAccessor.java:103)
	at java.base/java.lang.reflect.Method.invoke(Method.java:580)
	at org.testng.internal.invokers.MethodInvocationHelper.invokeMethod(MethodInvocationHelper.java:141)
	at org.testng.internal.invokers.TestInvoker.invokeMethod(TestInvoker.java:687)
	at org.testng.internal.invokers.TestInvoker.invokeTestMethod(TestInvoker.java:230)
	at org.testng.internal.invokers.MethodRunner.runInSequence(MethodRunner.java:63)
	at org.testng.internal.invokers.TestInvoker$MethodInvocationAgent.invoke(TestInvoker.java:995)
	at org.testng.internal.invokers.TestInvoker.invokeTestMethods(TestInvoker.java:203)
	at org.testng.internal.invokers.TestMethodWorker.invokeTestMethods(TestMethodWorker.java:154)
	at org.testng.internal.invokers.TestMethodWorker.run(TestMethodWorker.java:134)
	at java.base/java.util.ArrayList.forEach(ArrayList.java:1596)
	at org.testng.TestRunner.privateRun(TestRunner.java:741)
	at org.testng.TestRunner.run(TestRunner.java:616)
	at org.testng.SuiteRunner.runTest(SuiteRunner.java:421)
	at org.testng.SuiteRunner.runSequentially(SuiteRunner.java:413)
	at org.testng.SuiteRunner.privateRun(SuiteRunner.java:373)
	at org.testng.SuiteRunner.run(SuiteRunner.java:312)
	at org.testng.SuiteRunnerWorker.runSuite(SuiteRunnerWorker.java:52)
	at org.testng.SuiteRunnerWorker.run(SuiteRunnerWorker.java:95)
	at org.testng.TestNG.runSuitesSequentially(TestNG.java:1274)
	at org.testng.TestNG.runSuitesLocally(TestNG.java:1208)
	at org.testng.TestNG.runSuites(TestNG.java:1112)
	at org.testng.TestNG.run(TestNG.java:1079)
	at org.testng.remote.AbstractRemoteTestNG.run(AbstractRemoteTestNG.java:115)
	at org.testng.remote.RemoteTestNG.initAndRun(RemoteTestNG.java:293)
	at org.testng.remote.RemoteTestNG.main(RemoteTestNG.java:91)
2026-08-21 20:35:13 [main] INFO  utils.LoggerUtil - Starting test case execution: Log_002
2026-08-21 20:35:50 [main] INFO  utils.LoggerUtil - [PASS] AccountListArrow Icon Clicked.
2026-08-21 20:35:50 [main] INFO  utils.LoggerUtil - [PASS] SignIn Button Clicked.
2026-08-21 20:36:04 [main] INFO  utils.LoggerUtil - [PASS] Username entered: vinnarasiv17@gmail.com
2026-08-21 20:36:27 [main] INFO  utils.LoggerUtil - [PASS] The Password entered.
2026-08-21 20:36:37 [main] INFO  utils.LoggerUtil - [PASS] SignInSubmit Button Clicked.
2026-08-21 20:36:37 [main] INFO  utils.LoggerUtil - [PASS] Test Case Log_002 Invalid username error message displayed successfully.
2026-08-21 20:36:57 [main] ERROR utils.LoggerUtil - Expected condition failed: waiting for element to be clickable: By.xpath: //div[@id="nav-link-accountList"]//button[@class="nav-flyout-button nav-icon nav-arrow"] (tried for 10 second(s) with 500 milliseconds interval)
Build info: version: '4.35.0', revision: '1c58e5028b'
System info: os.name: 'Windows 11', os.arch: 'amd64', os.version: '10.0', java.version: '21.0.12'
Driver info: org.openqa.selenium.chrome.ChromeDriver
Capabilities {acceptInsecureCerts: false, browserName: chrome, browserVersion: 151.0.7922.170, chrome: {chromedriverVersion: 151.0.7922.138 (41fa8244239..., userDataDir: C:\Users\DROOFF~1\AppData\L...}, fedcm:accounts: true, goog:chromeOptions: {debuggerAddress: localhost:51645}, goog:processID: 12324, networkConnectionEnabled: false, pageLoadStrategy: normal, platformName: windows, proxy: Proxy(), se:cdp: ws://localhost:51645/devtoo..., se:cdpVersion: 151.0.7922.170, setWindowRect: true, strictFileInteractability: false, timeouts: {implicit: 0, pageLoad: 300000, script: 30000}, unhandledPromptBehavior: dismiss and notify, webauthn:extension:credBlob: true, webauthn:extension:largeBlob: true, webauthn:extension:minPinLength: true, webauthn:extension:prf: true, webauthn:virtualAuthenticators: true}
Session ID: 2c6de882354e86e6bf0cd83f3bd969c3
org.openqa.selenium.TimeoutException: Expected condition failed: waiting for element to be clickable: By.xpath: //div[@id="nav-link-accountList"]//button[@class="nav-flyout-button nav-icon nav-arrow"] (tried for 10 second(s) with 500 milliseconds interval)
Build info: version: '4.35.0', revision: '1c58e5028b'
System info: os.name: 'Windows 11', os.arch: 'amd64', os.version: '10.0', java.version: '21.0.12'
Driver info: org.openqa.selenium.chrome.ChromeDriver
Capabilities {acceptInsecureCerts: false, browserName: chrome, browserVersion: 151.0.7922.170, chrome: {chromedriverVersion: 151.0.7922.138 (41fa8244239..., userDataDir: C:\Users\DROOFF~1\AppData\L...}, fedcm:accounts: true, goog:chromeOptions: {debuggerAddress: localhost:51645}, goog:processID: 12324, networkConnectionEnabled: false, pageLoadStrategy: normal, platformName: windows, proxy: Proxy(), se:cdp: ws://localhost:51645/devtoo..., se:cdpVersion: 151.0.7922.170, setWindowRect: true, strictFileInteractability: false, timeouts: {implicit: 0, pageLoad: 300000, script: 30000}, unhandledPromptBehavior: dismiss and notify, webauthn:extension:credBlob: true, webauthn:extension:largeBlob: true, webauthn:extension:minPinLength: true, webauthn:extension:prf: true, webauthn:virtualAuthenticators: true}
Session ID: 2c6de882354e86e6bf0cd83f3bd969c3
	at org.openqa.selenium.support.ui.WebDriverWait.timeoutException(WebDriverWait.java:84)
	at org.openqa.selenium.support.ui.FluentWait.until(FluentWait.java:228)
	at pages.BasePage.click(BasePage.java:25)
	at pages.LoginPage.clickIconAccountListArrow(LoginPage.java:42)
	at pages.LoginPage.loginToApplication(LoginPage.java:86)
	at tests.LoginTest.Log_006_ValidLogout(LoginTest.java:149)
	at java.base/jdk.internal.reflect.DirectMethodHandleAccessor.invoke(DirectMethodHandleAccessor.java:103)
	at java.base/java.lang.reflect.Method.invoke(Method.java:580)
	at org.testng.internal.invokers.MethodInvocationHelper.invokeMethod(MethodInvocationHelper.java:141)
	at org.testng.internal.invokers.TestInvoker.invokeMethod(TestInvoker.java:687)
	at org.testng.internal.invokers.TestInvoker.invokeTestMethod(TestInvoker.java:230)
	at org.testng.internal.invokers.MethodRunner.runInSequence(MethodRunner.java:63)
	at org.testng.internal.invokers.TestInvoker$MethodInvocationAgent.invoke(TestInvoker.java:995)
	at org.testng.internal.invokers.TestInvoker.invokeTestMethods(TestInvoker.java:203)
	at org.testng.internal.invokers.TestMethodWorker.invokeTestMethods(TestMethodWorker.java:154)
	at org.testng.internal.invokers.TestMethodWorker.run(TestMethodWorker.java:134)
	at java.base/java.util.ArrayList.forEach(ArrayList.java:1596)
	at org.testng.TestRunner.privateRun(TestRunner.java:741)
	at org.testng.TestRunner.run(TestRunner.java:616)
	at org.testng.SuiteRunner.runTest(SuiteRunner.java:421)
	at org.testng.SuiteRunner.runSequentially(SuiteRunner.java:413)
	at org.testng.SuiteRunner.privateRun(SuiteRunner.java:373)
	at org.testng.SuiteRunner.run(SuiteRunner.java:312)
	at org.testng.SuiteRunnerWorker.runSuite(SuiteRunnerWorker.java:52)
	at org.testng.SuiteRunnerWorker.run(SuiteRunnerWorker.java:95)
	at org.testng.TestNG.runSuitesSequentially(TestNG.java:1274)
	at org.testng.TestNG.runSuitesLocally(TestNG.java:1208)
	at org.testng.TestNG.runSuites(TestNG.java:1112)
	at org.testng.TestNG.run(TestNG.java:1079)
	at org.testng.remote.AbstractRemoteTestNG.run(AbstractRemoteTestNG.java:115)
	at org.testng.remote.RemoteTestNG.initAndRun(RemoteTestNG.java:293)
	at org.testng.remote.RemoteTestNG.main(RemoteTestNG.java:91)
2026-08-21 20:39:55 [main] INFO  utils.LoggerUtil - Starting test case execution: Log_003
2026-08-21 20:40:27 [main] INFO  utils.LoggerUtil - [PASS] AccountListArrow Icon Clicked.
2026-08-21 20:41:20 [main] INFO  utils.LoggerUtil - [PASS] SignIn Button Clicked.
2026-08-21 20:41:20 [main] INFO  utils.LoggerUtil - [PASS] Username entered: 
2026-08-21 20:41:21 [main] INFO  utils.LoggerUtil - [PASS] Test Case Log_003 Enter your mobile number or email Error message displayed successfully.
2026-08-21 20:41:41 [main] ERROR utils.LoggerUtil - Expected condition failed: waiting for element to be clickable: By.xpath: //div[@id="nav-link-accountList"]//button[@class="nav-flyout-button nav-icon nav-arrow"] (tried for 10 second(s) with 500 milliseconds interval)
Build info: version: '4.35.0', revision: '1c58e5028b'
System info: os.name: 'Windows 11', os.arch: 'amd64', os.version: '10.0', java.version: '21.0.12'
Driver info: org.openqa.selenium.chrome.ChromeDriver
Capabilities {acceptInsecureCerts: false, browserName: chrome, browserVersion: 151.0.7922.170, chrome: {chromedriverVersion: 151.0.7922.138 (41fa8244239..., userDataDir: C:\Users\DROOFF~1\AppData\L...}, fedcm:accounts: true, goog:chromeOptions: {debuggerAddress: localhost:49445}, goog:processID: 18348, networkConnectionEnabled: false, pageLoadStrategy: normal, platformName: windows, proxy: Proxy(), se:cdp: ws://localhost:49445/devtoo..., se:cdpVersion: 151.0.7922.170, setWindowRect: true, strictFileInteractability: false, timeouts: {implicit: 0, pageLoad: 300000, script: 30000}, unhandledPromptBehavior: dismiss and notify, webauthn:extension:credBlob: true, webauthn:extension:largeBlob: true, webauthn:extension:minPinLength: true, webauthn:extension:prf: true, webauthn:virtualAuthenticators: true}
Session ID: 7be7b38a91ba2156eea3c1662c60a84b
org.openqa.selenium.TimeoutException: Expected condition failed: waiting for element to be clickable: By.xpath: //div[@id="nav-link-accountList"]//button[@class="nav-flyout-button nav-icon nav-arrow"] (tried for 10 second(s) with 500 milliseconds interval)
Build info: version: '4.35.0', revision: '1c58e5028b'
System info: os.name: 'Windows 11', os.arch: 'amd64', os.version: '10.0', java.version: '21.0.12'
Driver info: org.openqa.selenium.chrome.ChromeDriver
Capabilities {acceptInsecureCerts: false, browserName: chrome, browserVersion: 151.0.7922.170, chrome: {chromedriverVersion: 151.0.7922.138 (41fa8244239..., userDataDir: C:\Users\DROOFF~1\AppData\L...}, fedcm:accounts: true, goog:chromeOptions: {debuggerAddress: localhost:49445}, goog:processID: 18348, networkConnectionEnabled: false, pageLoadStrategy: normal, platformName: windows, proxy: Proxy(), se:cdp: ws://localhost:49445/devtoo..., se:cdpVersion: 151.0.7922.170, setWindowRect: true, strictFileInteractability: false, timeouts: {implicit: 0, pageLoad: 300000, script: 30000}, unhandledPromptBehavior: dismiss and notify, webauthn:extension:credBlob: true, webauthn:extension:largeBlob: true, webauthn:extension:minPinLength: true, webauthn:extension:prf: true, webauthn:virtualAuthenticators: true}
Session ID: 7be7b38a91ba2156eea3c1662c60a84b
	at org.openqa.selenium.support.ui.WebDriverWait.timeoutException(WebDriverWait.java:84)
	at org.openqa.selenium.support.ui.FluentWait.until(FluentWait.java:228)
	at pages.BasePage.click(BasePage.java:25)
	at pages.LoginPage.clickIconAccountListArrow(LoginPage.java:42)
	at pages.LoginPage.loginToApplication(LoginPage.java:86)
	at tests.LoginTest.Log_006_ValidLogout(LoginTest.java:149)
	at java.base/jdk.internal.reflect.DirectMethodHandleAccessor.invoke(DirectMethodHandleAccessor.java:103)
	at java.base/java.lang.reflect.Method.invoke(Method.java:580)
	at org.testng.internal.invokers.MethodInvocationHelper.invokeMethod(MethodInvocationHelper.java:141)
	at org.testng.internal.invokers.TestInvoker.invokeMethod(TestInvoker.java:687)
	at org.testng.internal.invokers.TestInvoker.invokeTestMethod(TestInvoker.java:230)
	at org.testng.internal.invokers.MethodRunner.runInSequence(MethodRunner.java:63)
	at org.testng.internal.invokers.TestInvoker$MethodInvocationAgent.invoke(TestInvoker.java:995)
	at org.testng.internal.invokers.TestInvoker.invokeTestMethods(TestInvoker.java:203)
	at org.testng.internal.invokers.TestMethodWorker.invokeTestMethods(TestMethodWorker.java:154)
	at org.testng.internal.invokers.TestMethodWorker.run(TestMethodWorker.java:134)
	at java.base/java.util.ArrayList.forEach(ArrayList.java:1596)
	at org.testng.TestRunner.privateRun(TestRunner.java:741)
	at org.testng.TestRunner.run(TestRunner.java:616)
	at org.testng.SuiteRunner.runTest(SuiteRunner.java:421)
	at org.testng.SuiteRunner.runSequentially(SuiteRunner.java:413)
	at org.testng.SuiteRunner.privateRun(SuiteRunner.java:373)
	at org.testng.SuiteRunner.run(SuiteRunner.java:312)
	at org.testng.SuiteRunnerWorker.runSuite(SuiteRunnerWorker.java:52)
	at org.testng.SuiteRunnerWorker.run(SuiteRunnerWorker.java:95)
	at org.testng.TestNG.runSuitesSequentially(TestNG.java:1274)
	at org.testng.TestNG.runSuitesLocally(TestNG.java:1208)
	at org.testng.TestNG.runSuites(TestNG.java:1112)
	at org.testng.TestNG.run(TestNG.java:1079)
	at org.testng.remote.AbstractRemoteTestNG.run(AbstractRemoteTestNG.java:115)
	at org.testng.remote.RemoteTestNG.initAndRun(RemoteTestNG.java:293)
	at org.testng.remote.RemoteTestNG.main(RemoteTestNG.java:91)
2026-08-21 20:43:58 [main] INFO  utils.LoggerUtil - Starting test case execution: Log_004
2026-08-21 20:44:39 [main] ERROR utils.LoggerUtil - Expected condition failed: waiting for element to be clickable: By.xpath: //div[@id="nav-link-accountList"]//button[@class="nav-flyout-button nav-icon nav-arrow"] (tried for 10 second(s) with 500 milliseconds interval)
Build info: version: '4.35.0', revision: '1c58e5028b'
System info: os.name: 'Windows 11', os.arch: 'amd64', os.version: '10.0', java.version: '21.0.12'
Driver info: org.openqa.selenium.chrome.ChromeDriver
Capabilities {acceptInsecureCerts: false, browserName: chrome, browserVersion: 151.0.7922.170, chrome: {chromedriverVersion: 151.0.7922.138 (41fa8244239..., userDataDir: C:\Users\DROOFF~1\AppData\L...}, fedcm:accounts: true, goog:chromeOptions: {debuggerAddress: localhost:61491}, goog:processID: 18216, networkConnectionEnabled: false, pageLoadStrategy: normal, platformName: windows, proxy: Proxy(), se:cdp: ws://localhost:61491/devtoo..., se:cdpVersion: 151.0.7922.170, setWindowRect: true, strictFileInteractability: false, timeouts: {implicit: 0, pageLoad: 300000, script: 30000}, unhandledPromptBehavior: dismiss and notify, webauthn:extension:credBlob: true, webauthn:extension:largeBlob: true, webauthn:extension:minPinLength: true, webauthn:extension:prf: true, webauthn:virtualAuthenticators: true}
Session ID: b8acb2be8db0fe2b0031c4a5db985431
org.openqa.selenium.TimeoutException: Expected condition failed: waiting for element to be clickable: By.xpath: //div[@id="nav-link-accountList"]//button[@class="nav-flyout-button nav-icon nav-arrow"] (tried for 10 second(s) with 500 milliseconds interval)
Build info: version: '4.35.0', revision: '1c58e5028b'
System info: os.name: 'Windows 11', os.arch: 'amd64', os.version: '10.0', java.version: '21.0.12'
Driver info: org.openqa.selenium.chrome.ChromeDriver
Capabilities {acceptInsecureCerts: false, browserName: chrome, browserVersion: 151.0.7922.170, chrome: {chromedriverVersion: 151.0.7922.138 (41fa8244239..., userDataDir: C:\Users\DROOFF~1\AppData\L...}, fedcm:accounts: true, goog:chromeOptions: {debuggerAddress: localhost:61491}, goog:processID: 18216, networkConnectionEnabled: false, pageLoadStrategy: normal, platformName: windows, proxy: Proxy(), se:cdp: ws://localhost:61491/devtoo..., se:cdpVersion: 151.0.7922.170, setWindowRect: true, strictFileInteractability: false, timeouts: {implicit: 0, pageLoad: 300000, script: 30000}, unhandledPromptBehavior: dismiss and notify, webauthn:extension:credBlob: true, webauthn:extension:largeBlob: true, webauthn:extension:minPinLength: true, webauthn:extension:prf: true, webauthn:virtualAuthenticators: true}
Session ID: b8acb2be8db0fe2b0031c4a5db985431
	at org.openqa.selenium.support.ui.WebDriverWait.timeoutException(WebDriverWait.java:84)
	at org.openqa.selenium.support.ui.FluentWait.until(FluentWait.java:228)
	at pages.BasePage.click(BasePage.java:25)
	at pages.LoginPage.clickIconAccountListArrow(LoginPage.java:42)
	at pages.LoginPage.loginToApplication(LoginPage.java:86)
	at tests.LoginTest.Log_006_ValidLogout(LoginTest.java:149)
	at java.base/jdk.internal.reflect.DirectMethodHandleAccessor.invoke(DirectMethodHandleAccessor.java:103)
	at java.base/java.lang.reflect.Method.invoke(Method.java:580)
	at org.testng.internal.invokers.MethodInvocationHelper.invokeMethod(MethodInvocationHelper.java:141)
	at org.testng.internal.invokers.TestInvoker.invokeMethod(TestInvoker.java:687)
	at org.testng.internal.invokers.TestInvoker.invokeTestMethod(TestInvoker.java:230)
	at org.testng.internal.invokers.MethodRunner.runInSequence(MethodRunner.java:63)
	at org.testng.internal.invokers.TestInvoker$MethodInvocationAgent.invoke(TestInvoker.java:995)
	at org.testng.internal.invokers.TestInvoker.invokeTestMethods(TestInvoker.java:203)
	at org.testng.internal.invokers.TestMethodWorker.invokeTestMethods(TestMethodWorker.java:154)
	at org.testng.internal.invokers.TestMethodWorker.run(TestMethodWorker.java:134)
	at java.base/java.util.ArrayList.forEach(ArrayList.java:1596)
	at org.testng.TestRunner.privateRun(TestRunner.java:741)
	at org.testng.TestRunner.run(TestRunner.java:616)
	at org.testng.SuiteRunner.runTest(SuiteRunner.java:421)
	at org.testng.SuiteRunner.runSequentially(SuiteRunner.java:413)
	at org.testng.SuiteRunner.privateRun(SuiteRunner.java:373)
	at org.testng.SuiteRunner.run(SuiteRunner.java:312)
	at org.testng.SuiteRunnerWorker.runSuite(SuiteRunnerWorker.java:52)
	at org.testng.SuiteRunnerWorker.run(SuiteRunnerWorker.java:95)
	at org.testng.TestNG.runSuitesSequentially(TestNG.java:1274)
	at org.testng.TestNG.runSuitesLocally(TestNG.java:1208)
	at org.testng.TestNG.runSuites(TestNG.java:1112)
	at org.testng.TestNG.run(TestNG.java:1079)
	at org.testng.remote.AbstractRemoteTestNG.run(AbstractRemoteTestNG.java:115)
	at org.testng.remote.RemoteTestNG.initAndRun(RemoteTestNG.java:293)
	at org.testng.remote.RemoteTestNG.main(RemoteTestNG.java:91)
2026-08-21 20:49:19 [main] INFO  utils.LoggerUtil - Starting test case execution: Log_004
2026-08-21 20:50:09 [main] INFO  utils.LoggerUtil - [PASS] AccountListArrow Icon Clicked.
2026-08-21 20:50:09 [main] INFO  utils.LoggerUtil - [PASS] SignIn Button Clicked.
2026-08-21 20:50:32 [main] INFO  utils.LoggerUtil - [PASS] Username entered: vinnarasiv17@gmail.com
2026-08-21 20:51:24 [main] INFO  utils.LoggerUtil - [PASS] The Password entered.
2026-08-21 20:51:24 [main] INFO  utils.LoggerUtil - [PASS] SignInSubmit Button Clicked.
2026-08-21 20:51:25 [main] INFO  utils.LoggerUtil - [PASS] Test Case Log_004 Enter your password Error message displayed successfully.
2026-08-21 20:51:25 [main] INFO  utils.LoggerUtil - Starting test case execution: Log_005
2026-08-21 20:52:05 [main] ERROR utils.LoggerUtil - Expected condition failed: waiting for element to be clickable: By.xpath: //div[@id="nav-link-accountList"]//button[@class="nav-flyout-button nav-icon nav-arrow"] (tried for 10 second(s) with 500 milliseconds interval)
Build info: version: '4.35.0', revision: '1c58e5028b'
System info: os.name: 'Windows 11', os.arch: 'amd64', os.version: '10.0', java.version: '21.0.12'
Driver info: org.openqa.selenium.chrome.ChromeDriver
Capabilities {acceptInsecureCerts: false, browserName: chrome, browserVersion: 151.0.7922.170, chrome: {chromedriverVersion: 151.0.7922.138 (41fa8244239..., userDataDir: C:\Users\DROOFF~1\AppData\L...}, fedcm:accounts: true, goog:chromeOptions: {debuggerAddress: localhost:64377}, goog:processID: 4516, networkConnectionEnabled: false, pageLoadStrategy: normal, platformName: windows, proxy: Proxy(), se:cdp: ws://localhost:64377/devtoo..., se:cdpVersion: 151.0.7922.170, setWindowRect: true, strictFileInteractability: false, timeouts: {implicit: 0, pageLoad: 300000, script: 30000}, unhandledPromptBehavior: dismiss and notify, webauthn:extension:credBlob: true, webauthn:extension:largeBlob: true, webauthn:extension:minPinLength: true, webauthn:extension:prf: true, webauthn:virtualAuthenticators: true}
Session ID: 589e505759bebc041aadc6d55d6bdce8
org.openqa.selenium.TimeoutException: Expected condition failed: waiting for element to be clickable: By.xpath: //div[@id="nav-link-accountList"]//button[@class="nav-flyout-button nav-icon nav-arrow"] (tried for 10 second(s) with 500 milliseconds interval)
Build info: version: '4.35.0', revision: '1c58e5028b'
System info: os.name: 'Windows 11', os.arch: 'amd64', os.version: '10.0', java.version: '21.0.12'
Driver info: org.openqa.selenium.chrome.ChromeDriver
Capabilities {acceptInsecureCerts: false, browserName: chrome, browserVersion: 151.0.7922.170, chrome: {chromedriverVersion: 151.0.7922.138 (41fa8244239..., userDataDir: C:\Users\DROOFF~1\AppData\L...}, fedcm:accounts: true, goog:chromeOptions: {debuggerAddress: localhost:64377}, goog:processID: 4516, networkConnectionEnabled: false, pageLoadStrategy: normal, platformName: windows, proxy: Proxy(), se:cdp: ws://localhost:64377/devtoo..., se:cdpVersion: 151.0.7922.170, setWindowRect: true, strictFileInteractability: false, timeouts: {implicit: 0, pageLoad: 300000, script: 30000}, unhandledPromptBehavior: dismiss and notify, webauthn:extension:credBlob: true, webauthn:extension:largeBlob: true, webauthn:extension:minPinLength: true, webauthn:extension:prf: true, webauthn:virtualAuthenticators: true}
Session ID: 589e505759bebc041aadc6d55d6bdce8
	at org.openqa.selenium.support.ui.WebDriverWait.timeoutException(WebDriverWait.java:84)
	at org.openqa.selenium.support.ui.FluentWait.until(FluentWait.java:228)
	at pages.BasePage.click(BasePage.java:25)
	at pages.LoginPage.clickIconAccountListArrow(LoginPage.java:42)
	at pages.LoginPage.loginToApplication(LoginPage.java:86)
	at tests.LoginTest.Log_006_ValidLogout(LoginTest.java:149)
	at java.base/jdk.internal.reflect.DirectMethodHandleAccessor.invoke(DirectMethodHandleAccessor.java:103)
	at java.base/java.lang.reflect.Method.invoke(Method.java:580)
	at org.testng.internal.invokers.MethodInvocationHelper.invokeMethod(MethodInvocationHelper.java:141)
	at org.testng.internal.invokers.TestInvoker.invokeMethod(TestInvoker.java:687)
	at org.testng.internal.invokers.TestInvoker.invokeTestMethod(TestInvoker.java:230)
	at org.testng.internal.invokers.MethodRunner.runInSequence(MethodRunner.java:63)
	at org.testng.internal.invokers.TestInvoker$MethodInvocationAgent.invoke(TestInvoker.java:995)
	at org.testng.internal.invokers.TestInvoker.invokeTestMethods(TestInvoker.java:203)
	at org.testng.internal.invokers.TestMethodWorker.invokeTestMethods(TestMethodWorker.java:154)
	at org.testng.internal.invokers.TestMethodWorker.run(TestMethodWorker.java:134)
	at java.base/java.util.ArrayList.forEach(ArrayList.java:1596)
	at org.testng.TestRunner.privateRun(TestRunner.java:741)
	at org.testng.TestRunner.run(TestRunner.java:616)
	at org.testng.SuiteRunner.runTest(SuiteRunner.java:421)
	at org.testng.SuiteRunner.runSequentially(SuiteRunner.java:413)
	at org.testng.SuiteRunner.privateRun(SuiteRunner.java:373)
	at org.testng.SuiteRunner.run(SuiteRunner.java:312)
	at org.testng.SuiteRunnerWorker.runSuite(SuiteRunnerWorker.java:52)
	at org.testng.SuiteRunnerWorker.run(SuiteRunnerWorker.java:95)
	at org.testng.TestNG.runSuitesSequentially(TestNG.java:1274)
	at org.testng.TestNG.runSuitesLocally(TestNG.java:1208)
	at org.testng.TestNG.runSuites(TestNG.java:1112)
	at org.testng.TestNG.run(TestNG.java:1079)
	at org.testng.remote.AbstractRemoteTestNG.run(AbstractRemoteTestNG.java:115)
	at org.testng.remote.RemoteTestNG.initAndRun(RemoteTestNG.java:293)
	at org.testng.remote.RemoteTestNG.main(RemoteTestNG.java:91)
2026-08-21 20:54:50 [main] INFO  utils.LoggerUtil - Starting test case execution: Log_005
2026-08-21 20:55:57 [main] INFO  utils.LoggerUtil - [PASS] AccountListArrow Icon Clicked.
2026-08-21 20:55:57 [main] INFO  utils.LoggerUtil - [PASS] SignIn Button Clicked.
2026-08-21 20:56:11 [main] INFO  utils.LoggerUtil - [PASS] Username entered: vinnarasiv17@gmail.com
2026-08-21 20:56:33 [main] INFO  utils.LoggerUtil - [PASS] The Password entered.
2026-08-21 20:57:16 [main] INFO  utils.LoggerUtil - [PASS] SignInSubmit Button Clicked.
2026-08-21 20:57:16 [main] INFO  utils.LoggerUtil - [PASS] Test Case Log_005 User is able to login successfully. Dashboard Title: Online Shopping site in India: Shop Online for Mobiles, Books, Watches, Shoes and More - Amazon.in
2026-08-21 20:57:17 [main] INFO  utils.LoggerUtil - [PASS] AccountListArrow Icon Clicked.
2026-08-21 20:57:37 [main] ERROR utils.LoggerUtil - Expected condition failed: waiting for element to be clickable: By.xpath: //div[@class="nav-template nav-flyout-content"]//div[@id="nav-flyout-ya-signin"] (tried for 10 second(s) with 500 milliseconds interval)
Build info: version: '4.35.0', revision: '1c58e5028b'
System info: os.name: 'Windows 11', os.arch: 'amd64', os.version: '10.0', java.version: '21.0.12'
Driver info: org.openqa.selenium.chrome.ChromeDriver
Capabilities {acceptInsecureCerts: false, browserName: chrome, browserVersion: 151.0.7922.170, chrome: {chromedriverVersion: 151.0.7922.138 (41fa8244239..., userDataDir: C:\Users\DROOFF~1\AppData\L...}, fedcm:accounts: true, goog:chromeOptions: {debuggerAddress: localhost:61983}, goog:processID: 3912, networkConnectionEnabled: false, pageLoadStrategy: normal, platformName: windows, proxy: Proxy(), se:cdp: ws://localhost:61983/devtoo..., se:cdpVersion: 151.0.7922.170, setWindowRect: true, strictFileInteractability: false, timeouts: {implicit: 0, pageLoad: 300000, script: 30000}, unhandledPromptBehavior: dismiss and notify, webauthn:extension:credBlob: true, webauthn:extension:largeBlob: true, webauthn:extension:minPinLength: true, webauthn:extension:prf: true, webauthn:virtualAuthenticators: true}
Session ID: 8a8189e4b5bbb07427d837d287055774
org.openqa.selenium.TimeoutException: Expected condition failed: waiting for element to be clickable: By.xpath: //div[@class="nav-template nav-flyout-content"]//div[@id="nav-flyout-ya-signin"] (tried for 10 second(s) with 500 milliseconds interval)
Build info: version: '4.35.0', revision: '1c58e5028b'
System info: os.name: 'Windows 11', os.arch: 'amd64', os.version: '10.0', java.version: '21.0.12'
Driver info: org.openqa.selenium.chrome.ChromeDriver
Capabilities {acceptInsecureCerts: false, browserName: chrome, browserVersion: 151.0.7922.170, chrome: {chromedriverVersion: 151.0.7922.138 (41fa8244239..., userDataDir: C:\Users\DROOFF~1\AppData\L...}, fedcm:accounts: true, goog:chromeOptions: {debuggerAddress: localhost:61983}, goog:processID: 3912, networkConnectionEnabled: false, pageLoadStrategy: normal, platformName: windows, proxy: Proxy(), se:cdp: ws://localhost:61983/devtoo..., se:cdpVersion: 151.0.7922.170, setWindowRect: true, strictFileInteractability: false, timeouts: {implicit: 0, pageLoad: 300000, script: 30000}, unhandledPromptBehavior: dismiss and notify, webauthn:extension:credBlob: true, webauthn:extension:largeBlob: true, webauthn:extension:minPinLength: true, webauthn:extension:prf: true, webauthn:virtualAuthenticators: true}
Session ID: 8a8189e4b5bbb07427d837d287055774
	at org.openqa.selenium.support.ui.WebDriverWait.timeoutException(WebDriverWait.java:84)
	at org.openqa.selenium.support.ui.FluentWait.until(FluentWait.java:228)
	at pages.BasePage.click(BasePage.java:25)
	at pages.LoginPage.clickBtnSignIn(LoginPage.java:46)
	at pages.LoginPage.loginToApplication(LoginPage.java:87)
	at tests.LoginTest.Log_006_ValidLogout(LoginTest.java:149)
	at java.base/jdk.internal.reflect.DirectMethodHandleAccessor.invoke(DirectMethodHandleAccessor.java:103)
	at java.base/java.lang.reflect.Method.invoke(Method.java:580)
	at org.testng.internal.invokers.MethodInvocationHelper.invokeMethod(MethodInvocationHelper.java:141)
	at org.testng.internal.invokers.TestInvoker.invokeMethod(TestInvoker.java:687)
	at org.testng.internal.invokers.TestInvoker.invokeTestMethod(TestInvoker.java:230)
	at org.testng.internal.invokers.MethodRunner.runInSequence(MethodRunner.java:63)
	at org.testng.internal.invokers.TestInvoker$MethodInvocationAgent.invoke(TestInvoker.java:995)
	at org.testng.internal.invokers.TestInvoker.invokeTestMethods(TestInvoker.java:203)
	at org.testng.internal.invokers.TestMethodWorker.invokeTestMethods(TestMethodWorker.java:154)
	at org.testng.internal.invokers.TestMethodWorker.run(TestMethodWorker.java:134)
	at java.base/java.util.ArrayList.forEach(ArrayList.java:1596)
	at org.testng.TestRunner.privateRun(TestRunner.java:741)
	at org.testng.TestRunner.run(TestRunner.java:616)
	at org.testng.SuiteRunner.runTest(SuiteRunner.java:421)
	at org.testng.SuiteRunner.runSequentially(SuiteRunner.java:413)
	at org.testng.SuiteRunner.privateRun(SuiteRunner.java:373)
	at org.testng.SuiteRunner.run(SuiteRunner.java:312)
	at org.testng.SuiteRunnerWorker.runSuite(SuiteRunnerWorker.java:52)
	at org.testng.SuiteRunnerWorker.run(SuiteRunnerWorker.java:95)
	at org.testng.TestNG.runSuitesSequentially(TestNG.java:1274)
	at org.testng.TestNG.runSuitesLocally(TestNG.java:1208)
	at org.testng.TestNG.runSuites(TestNG.java:1112)
	at org.testng.TestNG.run(TestNG.java:1079)
	at org.testng.remote.AbstractRemoteTestNG.run(AbstractRemoteTestNG.java:115)
	at org.testng.remote.RemoteTestNG.initAndRun(RemoteTestNG.java:293)
	at org.testng.remote.RemoteTestNG.main(RemoteTestNG.java:91)
2026-08-21 21:02:32 [main] INFO  utils.LoggerUtil - [PASS] AccountListArrow Icon Clicked.
2026-08-21 21:02:32 [main] INFO  utils.LoggerUtil - [PASS] SignIn Button Clicked.
2026-08-21 21:02:43 [main] INFO  utils.LoggerUtil - [PASS] Username entered: vinnarasiv17@gmail.com
2026-08-21 21:02:58 [main] INFO  utils.LoggerUtil - [PASS] The Password entered.
2026-08-21 21:03:30 [main] INFO  utils.LoggerUtil - [PASS] SignInSubmit Button Clicked.
2026-08-21 21:03:31 [main] INFO  utils.LoggerUtil - [PASS] AccountListArrow Icon Clicked.
2026-08-21 21:03:43 [main] INFO  utils.LoggerUtil - [PASS] Signout link Clicked.
2026-08-21 21:03:43 [main] ERROR utils.LoggerUtil - Skipping execution: Test Case ID 'Log_006' has ExecuteFlag set to 'N' or does not exist.
org.testng.SkipException: Skipping execution: Test Case ID 'Log_006' has ExecuteFlag set to 'N' or does not exist.
	at utils.ExcelUtil.getCellData(ExcelUtil.java:81)
	at pages.LoginPage.logoutApplication(LoginPage.java:108)
	at tests.LoginTest.Log_006_ValidLogout(LoginTest.java:152)
	at java.base/jdk.internal.reflect.DirectMethodHandleAccessor.invoke(DirectMethodHandleAccessor.java:103)
	at java.base/java.lang.reflect.Method.invoke(Method.java:580)
	at org.testng.internal.invokers.MethodInvocationHelper.invokeMethod(MethodInvocationHelper.java:141)
	at org.testng.internal.invokers.TestInvoker.invokeMethod(TestInvoker.java:687)
	at org.testng.internal.invokers.TestInvoker.invokeTestMethod(TestInvoker.java:230)
	at org.testng.internal.invokers.MethodRunner.runInSequence(MethodRunner.java:63)
	at org.testng.internal.invokers.TestInvoker$MethodInvocationAgent.invoke(TestInvoker.java:995)
	at org.testng.internal.invokers.TestInvoker.invokeTestMethods(TestInvoker.java:203)
	at org.testng.internal.invokers.TestMethodWorker.invokeTestMethods(TestMethodWorker.java:154)
	at org.testng.internal.invokers.TestMethodWorker.run(TestMethodWorker.java:134)
	at java.base/java.util.ArrayList.forEach(ArrayList.java:1596)
	at org.testng.TestRunner.privateRun(TestRunner.java:741)
	at org.testng.TestRunner.run(TestRunner.java:616)
	at org.testng.SuiteRunner.runTest(SuiteRunner.java:421)
	at org.testng.SuiteRunner.runSequentially(SuiteRunner.java:413)
	at org.testng.SuiteRunner.privateRun(SuiteRunner.java:373)
	at org.testng.SuiteRunner.run(SuiteRunner.java:312)
	at org.testng.SuiteRunnerWorker.runSuite(SuiteRunnerWorker.java:52)
	at org.testng.SuiteRunnerWorker.run(SuiteRunnerWorker.java:95)
	at org.testng.TestNG.runSuitesSequentially(TestNG.java:1274)
	at org.testng.TestNG.runSuitesLocally(TestNG.java:1208)
	at org.testng.TestNG.runSuites(TestNG.java:1112)
	at org.testng.TestNG.run(TestNG.java:1079)
	at org.testng.remote.AbstractRemoteTestNG.run(AbstractRemoteTestNG.java:115)
	at org.testng.remote.RemoteTestNG.initAndRun(RemoteTestNG.java:293)
	at org.testng.remote.RemoteTestNG.main(RemoteTestNG.java:91)
2026-08-21 21:19:09 [main] INFO  utils.LoggerUtil - Starting test case execution: Log_005
2026-08-21 21:19:18 [main] INFO  utils.LoggerUtil - [PASS] AccountListArrow Icon Clicked.
2026-08-21 21:19:18 [main] INFO  utils.LoggerUtil - [PASS] SignIn Button Clicked.
2026-08-21 21:19:23 [main] INFO  utils.LoggerUtil - [PASS] Username entered: vinnarasiv17@gmail.com
2026-08-21 21:19:27 [main] INFO  utils.LoggerUtil - [PASS] The Password entered.
2026-08-21 21:19:36 [main] INFO  utils.LoggerUtil - [PASS] SignInSubmit Button Clicked.
2026-08-21 21:19:36 [main] INFO  utils.LoggerUtil - [PASS] Test Case Log_005 User is able to login successfully. Dashboard Title: Online Shopping site in India: Shop Online for Mobiles, Books, Watches, Shoes and More - Amazon.in
2026-08-21 21:19:36 [main] ERROR utils.LoggerUtil - Skipping execution: Test Case ID 'Log_006' has ExecuteFlag set to 'N' or does not exist.
org.testng.SkipException: Skipping execution: Test Case ID 'Log_006' has ExecuteFlag set to 'N' or does not exist.
	at utils.ExcelUtil.getCellData(ExcelUtil.java:81)
	at tests.LoginTest.Log_006_ValidLogout(LoginTest.java:163)
	at java.base/jdk.internal.reflect.DirectMethodHandleAccessor.invoke(DirectMethodHandleAccessor.java:103)
	at java.base/java.lang.reflect.Method.invoke(Method.java:580)
	at org.testng.internal.invokers.MethodInvocationHelper.invokeMethod(MethodInvocationHelper.java:141)
	at org.testng.internal.invokers.TestInvoker.invokeMethod(TestInvoker.java:687)
	at org.testng.internal.invokers.TestInvoker.invokeTestMethod(TestInvoker.java:230)
	at org.testng.internal.invokers.MethodRunner.runInSequence(MethodRunner.java:63)
	at org.testng.internal.invokers.TestInvoker$MethodInvocationAgent.invoke(TestInvoker.java:995)
	at org.testng.internal.invokers.TestInvoker.invokeTestMethods(TestInvoker.java:203)
	at org.testng.internal.invokers.TestMethodWorker.invokeTestMethods(TestMethodWorker.java:154)
	at org.testng.internal.invokers.TestMethodWorker.run(TestMethodWorker.java:134)
	at java.base/java.util.ArrayList.forEach(ArrayList.java:1596)
	at org.testng.TestRunner.privateRun(TestRunner.java:741)
	at org.testng.TestRunner.run(TestRunner.java:616)
	at org.testng.SuiteRunner.runTest(SuiteRunner.java:421)
	at org.testng.SuiteRunner.runSequentially(SuiteRunner.java:413)
	at org.testng.SuiteRunner.privateRun(SuiteRunner.java:373)
	at org.testng.SuiteRunner.run(SuiteRunner.java:312)
	at org.testng.SuiteRunnerWorker.runSuite(SuiteRunnerWorker.java:52)
	at org.testng.SuiteRunnerWorker.run(SuiteRunnerWorker.java:95)
	at org.testng.TestNG.runSuitesSequentially(TestNG.java:1274)
	at org.testng.TestNG.runSuitesLocally(TestNG.java:1208)
	at org.testng.TestNG.runSuites(TestNG.java:1112)
	at org.testng.TestNG.run(TestNG.java:1079)
	at org.testng.remote.AbstractRemoteTestNG.run(AbstractRemoteTestNG.java:115)
	at org.testng.remote.RemoteTestNG.initAndRun(RemoteTestNG.java:293)
	at org.testng.remote.RemoteTestNG.main(RemoteTestNG.java:91)
2026-08-21 21:20:51 [main] INFO  utils.LoggerUtil - Starting test case execution: Log_006
2026-08-21 21:20:51 [main] ERROR utils.LoggerUtil - Skipping execution: Test Case ID 'Log_005' has ExecuteFlag set to 'N' or does not exist.
org.testng.SkipException: Skipping execution: Test Case ID 'Log_005' has ExecuteFlag set to 'N' or does not exist.
	at utils.ExcelUtil.getCellData(ExcelUtil.java:81)
	at tests.LoginTest.Log_006_ValidLogout(LoginTest.java:164)
	at java.base/jdk.internal.reflect.DirectMethodHandleAccessor.invoke(DirectMethodHandleAccessor.java:103)
	at java.base/java.lang.reflect.Method.invoke(Method.java:580)
	at org.testng.internal.invokers.MethodInvocationHelper.invokeMethod(MethodInvocationHelper.java:141)
	at org.testng.internal.invokers.TestInvoker.invokeMethod(TestInvoker.java:687)
	at org.testng.internal.invokers.TestInvoker.invokeTestMethod(TestInvoker.java:230)
	at org.testng.internal.invokers.MethodRunner.runInSequence(MethodRunner.java:63)
	at org.testng.internal.invokers.TestInvoker$MethodInvocationAgent.invoke(TestInvoker.java:995)
	at org.testng.internal.invokers.TestInvoker.invokeTestMethods(TestInvoker.java:203)
	at org.testng.internal.invokers.TestMethodWorker.invokeTestMethods(TestMethodWorker.java:154)
	at org.testng.internal.invokers.TestMethodWorker.run(TestMethodWorker.java:134)
	at java.base/java.util.ArrayList.forEach(ArrayList.java:1596)
	at org.testng.TestRunner.privateRun(TestRunner.java:741)
	at org.testng.TestRunner.run(TestRunner.java:616)
	at org.testng.SuiteRunner.runTest(SuiteRunner.java:421)
	at org.testng.SuiteRunner.runSequentially(SuiteRunner.java:413)
	at org.testng.SuiteRunner.privateRun(SuiteRunner.java:373)
	at org.testng.SuiteRunner.run(SuiteRunner.java:312)
	at org.testng.SuiteRunnerWorker.runSuite(SuiteRunnerWorker.java:52)
	at org.testng.SuiteRunnerWorker.run(SuiteRunnerWorker.java:95)
	at org.testng.TestNG.runSuitesSequentially(TestNG.java:1274)
	at org.testng.TestNG.runSuitesLocally(TestNG.java:1208)
	at org.testng.TestNG.runSuites(TestNG.java:1112)
	at org.testng.TestNG.run(TestNG.java:1079)
	at org.testng.remote.AbstractRemoteTestNG.run(AbstractRemoteTestNG.java:115)
	at org.testng.remote.RemoteTestNG.initAndRun(RemoteTestNG.java:293)
	at org.testng.remote.RemoteTestNG.main(RemoteTestNG.java:91)
2026-08-21 21:23:07 [main] INFO  utils.LoggerUtil - Starting test case execution: Log_006
2026-08-21 21:23:07 [main] ERROR utils.LoggerUtil - Skipping execution: Test Case ID 'Log_005' has ExecuteFlag set to 'N' or does not exist.
org.testng.SkipException: Skipping execution: Test Case ID 'Log_005' has ExecuteFlag set to 'N' or does not exist.
	at utils.ExcelUtil.getCellData(ExcelUtil.java:81)
	at tests.LoginTest.Log_006_ValidLogout(LoginTest.java:164)
	at java.base/jdk.internal.reflect.DirectMethodHandleAccessor.invoke(DirectMethodHandleAccessor.java:103)
	at java.base/java.lang.reflect.Method.invoke(Method.java:580)
	at org.testng.internal.invokers.MethodInvocationHelper.invokeMethod(MethodInvocationHelper.java:141)
	at org.testng.internal.invokers.TestInvoker.invokeMethod(TestInvoker.java:687)
	at org.testng.internal.invokers.TestInvoker.invokeTestMethod(TestInvoker.java:230)
	at org.testng.internal.invokers.MethodRunner.runInSequence(MethodRunner.java:63)
	at org.testng.internal.invokers.TestInvoker$MethodInvocationAgent.invoke(TestInvoker.java:995)
	at org.testng.internal.invokers.TestInvoker.invokeTestMethods(TestInvoker.java:203)
	at org.testng.internal.invokers.TestMethodWorker.invokeTestMethods(TestMethodWorker.java:154)
	at org.testng.internal.invokers.TestMethodWorker.run(TestMethodWorker.java:134)
	at java.base/java.util.ArrayList.forEach(ArrayList.java:1596)
	at org.testng.TestRunner.privateRun(TestRunner.java:741)
	at org.testng.TestRunner.run(TestRunner.java:616)
	at org.testng.SuiteRunner.runTest(SuiteRunner.java:421)
	at org.testng.SuiteRunner.runSequentially(SuiteRunner.java:413)
	at org.testng.SuiteRunner.privateRun(SuiteRunner.java:373)
	at org.testng.SuiteRunner.run(SuiteRunner.java:312)
	at org.testng.SuiteRunnerWorker.runSuite(SuiteRunnerWorker.java:52)
	at org.testng.SuiteRunnerWorker.run(SuiteRunnerWorker.java:95)
	at org.testng.TestNG.runSuitesSequentially(TestNG.java:1274)
	at org.testng.TestNG.runSuitesLocally(TestNG.java:1208)
	at org.testng.TestNG.runSuites(TestNG.java:1112)
	at org.testng.TestNG.run(TestNG.java:1079)
	at org.testng.remote.AbstractRemoteTestNG.run(AbstractRemoteTestNG.java:115)
	at org.testng.remote.RemoteTestNG.initAndRun(RemoteTestNG.java:293)
	at org.testng.remote.RemoteTestNG.main(RemoteTestNG.java:91)
2026-08-21 21:25:23 [main] INFO  utils.LoggerUtil - Starting test case execution: Log_006
2026-08-21 21:25:58 [main] INFO  utils.LoggerUtil - [PASS] AccountListArrow Icon Clicked.
2026-08-21 21:25:59 [main] INFO  utils.LoggerUtil - [PASS] SignIn Button Clicked.
2026-08-21 21:26:04 [main] INFO  utils.LoggerUtil - [PASS] Username entered: vinnarasiv17@gmail.com
2026-08-21 21:26:32 [main] INFO  utils.LoggerUtil - [PASS] The Password entered.
2026-08-21 21:26:48 [main] INFO  utils.LoggerUtil - [PASS] SignInSubmit Button Clicked.
2026-08-21 21:29:30 [main] INFO  utils.LoggerUtil - Starting test case execution: Log_006
2026-08-21 21:30:14 [main] INFO  utils.LoggerUtil - [PASS] AccountListArrow Icon Clicked.
2026-08-21 21:30:15 [main] INFO  utils.LoggerUtil - [PASS] SignIn Button Clicked.
2026-08-21 21:30:28 [main] INFO  utils.LoggerUtil - [PASS] Username entered: vinnarasiv17@gmail.com
2026-08-21 21:30:37 [main] INFO  utils.LoggerUtil - [PASS] The Password entered.
2026-08-21 21:30:57 [main] INFO  utils.LoggerUtil - [PASS] SignInSubmit Button Clicked.
2026-08-21 21:35:10 [main] INFO  utils.LoggerUtil - Starting test case execution: Log_006
2026-08-21 21:35:24 [main] INFO  utils.LoggerUtil - [PASS] AccountListArrow Icon Clicked.
2026-08-21 21:35:24 [main] INFO  utils.LoggerUtil - [PASS] SignIn Button Clicked.
2026-08-21 21:35:32 [main] INFO  utils.LoggerUtil - [PASS] Username entered: vinnarasiv17@gmail.com
2026-08-21 21:35:41 [main] INFO  utils.LoggerUtil - [PASS] The Password entered.
2026-08-21 21:35:56 [main] INFO  utils.LoggerUtil - [PASS] SignInSubmit Button Clicked.
2026-08-21 21:39:03 [main] INFO  utils.LoggerUtil - Starting test case execution: Log_006
2026-08-21 21:39:12 [main] INFO  utils.LoggerUtil - [PASS] AccountListArrow Icon Clicked.
2026-08-21 21:39:13 [main] INFO  utils.LoggerUtil - [PASS] SignIn Button Clicked.
2026-08-21 21:39:19 [main] INFO  utils.LoggerUtil - [PASS] Username entered: vinnarasiv17@gmail.com
2026-08-21 21:39:24 [main] INFO  utils.LoggerUtil - [PASS] The Password entered.
2026-08-21 21:39:35 [main] INFO  utils.LoggerUtil - [PASS] SignInSubmit Button Clicked.
2026-08-21 21:39:35 [main] INFO  utils.LoggerUtil - Test Case  User is able to login successfully. Dashboard Title: Online Shopping site in India: Shop Online for Mobiles, Books, Watches, Shoes and More - Amazon.in
2026-08-21 21:39:35 [main] INFO  utils.LoggerUtil - [PASS] AccountListArrow Icon Clicked.
2026-08-21 21:39:40 [main] INFO  utils.LoggerUtil - [PASS] Signout link Clicked.
2026-08-21 21:39:40 [main] INFO  utils.LoggerUtil - [PASS] Test Case Log_006 User is able to logout successfully. Dashboard Title: Amazon Sign-In
2026-08-21 21:41:41 [main] INFO  utils.LoggerUtil - Starting test case execution: Log_001
2026-08-21 21:41:44 [main] INFO  utils.LoggerUtil - [PASS] AccountListArrow Icon Clicked.
2026-08-21 21:41:44 [main] INFO  utils.LoggerUtil - [PASS] SignIn Button Clicked.
2026-08-21 21:41:47 [main] INFO  utils.LoggerUtil - [PASS] Username entered: InvalidUser
2026-08-21 21:41:48 [main] INFO  utils.LoggerUtil - [PASS] Test Case Log_001 Invalid username error message displayed successfully.
2026-08-21 21:41:48 [main] INFO  utils.LoggerUtil - Starting test case execution: Log_002
2026-08-21 21:42:08 [main] INFO  utils.LoggerUtil - Starting test case execution: Log_003
2026-08-21 21:42:29 [main] INFO  utils.LoggerUtil - Starting test case execution: Log_004
2026-08-21 21:42:49 [main] INFO  utils.LoggerUtil - Starting test case execution: Log_005
2026-08-21 21:43:09 [main] INFO  utils.LoggerUtil - Starting test case execution: Log_006
2026-08-21 21:43:46 [main] INFO  utils.LoggerUtil - Starting test case execution: Log_001
2026-08-21 21:44:06 [main] INFO  utils.LoggerUtil - [PASS] AccountListArrow Icon Clicked.
2026-08-21 21:44:06 [main] INFO  utils.LoggerUtil - [PASS] SignIn Button Clicked.
2026-08-21 21:44:09 [main] INFO  utils.LoggerUtil - [PASS] Username entered: InvalidUser
2026-08-21 21:44:10 [main] INFO  utils.LoggerUtil - [PASS] Test Case Log_001 Invalid username error message displayed successfully.
2026-08-21 21:44:10 [main] INFO  utils.LoggerUtil - Starting test case execution: Log_002
2026-08-21 21:44:30 [main] INFO  utils.LoggerUtil - Starting test case execution: Log_003
2026-08-21 21:44:51 [main] INFO  utils.LoggerUtil - Starting test case execution: Log_004
2026-08-21 21:45:11 [main] INFO  utils.LoggerUtil - Starting test case execution: Log_005
2026-08-21 21:47:02 [main] INFO  utils.LoggerUtil - Starting test case execution: Log_001
2026-08-21 21:47:12 [main] INFO  utils.LoggerUtil - [PASS] AccountListArrow Icon Clicked.
2026-08-21 21:47:12 [main] INFO  utils.LoggerUtil - [PASS] SignIn Button Clicked.
2026-08-21 21:47:15 [main] INFO  utils.LoggerUtil - [PASS] Username entered: InvalidUser
2026-08-21 21:47:16 [main] INFO  utils.LoggerUtil - [PASS] Test Case Log_001 Invalid username error message displayed successfully.
2026-08-21 21:47:16 [main] INFO  utils.LoggerUtil - Starting test case execution: Log_002
2026-08-21 21:47:37 [main] INFO  utils.LoggerUtil - Starting test case execution: Log_003
2026-08-21 21:48:39 [main] INFO  utils.LoggerUtil - Starting test case execution: Log_001
2026-08-21 21:48:49 [main] INFO  utils.LoggerUtil - [PASS] AccountListArrow Icon Clicked.
2026-08-21 21:48:54 [main] INFO  utils.LoggerUtil - [PASS] SignIn Button Clicked.
2026-08-21 21:48:54 [main] INFO  utils.LoggerUtil - [PASS] Username entered: InvalidUser
2026-08-21 21:48:55 [main] INFO  utils.LoggerUtil - [PASS] Test Case Log_001 Invalid username error message displayed successfully.
2026-08-21 21:48:55 [main] INFO  utils.LoggerUtil - Starting test case execution: Log_002
2026-08-21 21:49:15 [main] INFO  utils.LoggerUtil - Starting test case execution: Log_003
2026-08-21 21:49:36 [main] INFO  utils.LoggerUtil - Starting test case execution: Log_004
2026-08-21 21:49:56 [main] INFO  utils.LoggerUtil - Starting test case execution: Log_005
2026-08-21 21:50:16 [main] INFO  utils.LoggerUtil - Starting test case execution: Log_006
2026-08-21 21:50:37 [main] ERROR utils.LoggerUtil - Expected condition failed: waiting for element to be clickable: By.xpath: //div[@id="nav-link-accountList"]//button[@class="nav-flyout-button nav-icon nav-arrow"] (tried for 10 second(s) with 500 milliseconds interval)
Build info: version: '4.35.0', revision: '1c58e5028b'
System info: os.name: 'Windows 11', os.arch: 'amd64', os.version: '10.0', java.version: '21.0.12'
Driver info: org.openqa.selenium.chrome.ChromeDriver
Capabilities {acceptInsecureCerts: false, browserName: chrome, browserVersion: 151.0.7922.170, chrome: {chromedriverVersion: 151.0.7922.138 (41fa8244239..., userDataDir: C:\Users\DROOFF~1\AppData\L...}, fedcm:accounts: true, goog:chromeOptions: {debuggerAddress: localhost:63971}, goog:processID: 4092, networkConnectionEnabled: false, pageLoadStrategy: normal, platformName: windows, proxy: Proxy(), se:cdp: ws://localhost:63971/devtoo..., se:cdpVersion: 151.0.7922.170, setWindowRect: true, strictFileInteractability: false, timeouts: {implicit: 0, pageLoad: 300000, script: 30000}, unhandledPromptBehavior: dismiss and notify, webauthn:extension:credBlob: true, webauthn:extension:largeBlob: true, webauthn:extension:minPinLength: true, webauthn:extension:prf: true, webauthn:virtualAuthenticators: true}
Session ID: 46a3590efa65a408230e2cbe4ebcdde0
org.openqa.selenium.TimeoutException: Expected condition failed: waiting for element to be clickable: By.xpath: //div[@id="nav-link-accountList"]//button[@class="nav-flyout-button nav-icon nav-arrow"] (tried for 10 second(s) with 500 milliseconds interval)
Build info: version: '4.35.0', revision: '1c58e5028b'
System info: os.name: 'Windows 11', os.arch: 'amd64', os.version: '10.0', java.version: '21.0.12'
Driver info: org.openqa.selenium.chrome.ChromeDriver
Capabilities {acceptInsecureCerts: false, browserName: chrome, browserVersion: 151.0.7922.170, chrome: {chromedriverVersion: 151.0.7922.138 (41fa8244239..., userDataDir: C:\Users\DROOFF~1\AppData\L...}, fedcm:accounts: true, goog:chromeOptions: {debuggerAddress: localhost:63971}, goog:processID: 4092, networkConnectionEnabled: false, pageLoadStrategy: normal, platformName: windows, proxy: Proxy(), se:cdp: ws://localhost:63971/devtoo..., se:cdpVersion: 151.0.7922.170, setWindowRect: true, strictFileInteractability: false, timeouts: {implicit: 0, pageLoad: 300000, script: 30000}, unhandledPromptBehavior: dismiss and notify, webauthn:extension:credBlob: true, webauthn:extension:largeBlob: true, webauthn:extension:minPinLength: true, webauthn:extension:prf: true, webauthn:virtualAuthenticators: true}
Session ID: 46a3590efa65a408230e2cbe4ebcdde0
	at org.openqa.selenium.support.ui.WebDriverWait.timeoutException(WebDriverWait.java:84)
	at org.openqa.selenium.support.ui.FluentWait.until(FluentWait.java:228)
	at pages.BasePage.click(BasePage.java:25)
	at pages.LoginPage.clickIconAccountListArrow(LoginPage.java:42)
	at tests.LoginTest.Log_006_ValidLogout(LoginTest.java:168)
	at java.base/jdk.internal.reflect.DirectMethodHandleAccessor.invoke(DirectMethodHandleAccessor.java:103)
	at java.base/java.lang.reflect.Method.invoke(Method.java:580)
	at org.testng.internal.invokers.MethodInvocationHelper.invokeMethod(MethodInvocationHelper.java:141)
	at org.testng.internal.invokers.TestInvoker.invokeMethod(TestInvoker.java:687)
	at org.testng.internal.invokers.TestInvoker.invokeTestMethod(TestInvoker.java:230)
	at org.testng.internal.invokers.MethodRunner.runInSequence(MethodRunner.java:63)
	at org.testng.internal.invokers.TestInvoker$MethodInvocationAgent.invoke(TestInvoker.java:995)
	at org.testng.internal.invokers.TestInvoker.invokeTestMethods(TestInvoker.java:203)
	at org.testng.internal.invokers.TestMethodWorker.invokeTestMethods(TestMethodWorker.java:154)
	at org.testng.internal.invokers.TestMethodWorker.run(TestMethodWorker.java:134)
	at java.base/java.util.ArrayList.forEach(ArrayList.java:1596)
	at org.testng.TestRunner.privateRun(TestRunner.java:741)
	at org.testng.TestRunner.run(TestRunner.java:616)
	at org.testng.SuiteRunner.runTest(SuiteRunner.java:421)
	at org.testng.SuiteRunner.runSequentially(SuiteRunner.java:413)
	at org.testng.SuiteRunner.privateRun(SuiteRunner.java:373)
	at org.testng.SuiteRunner.run(SuiteRunner.java:312)
	at org.testng.SuiteRunnerWorker.runSuite(SuiteRunnerWorker.java:52)
	at org.testng.SuiteRunnerWorker.run(SuiteRunnerWorker.java:95)
	at org.testng.TestNG.runSuitesSequentially(TestNG.java:1274)
	at org.testng.TestNG.runSuitesLocally(TestNG.java:1208)
	at org.testng.TestNG.runSuites(TestNG.java:1112)
	at org.testng.TestNG.run(TestNG.java:1079)
	at org.testng.remote.AbstractRemoteTestNG.run(AbstractRemoteTestNG.java:115)
	at org.testng.remote.RemoteTestNG.initAndRun(RemoteTestNG.java:293)
	at org.testng.remote.RemoteTestNG.main(RemoteTestNG.java:91)
2026-08-21 21:53:36 [main] INFO  utils.LoggerUtil - Starting test case execution: Log_001
2026-08-21 21:53:48 [main] INFO  utils.LoggerUtil - [PASS] AccountListArrow Icon Clicked.
2026-08-21 21:53:48 [main] INFO  utils.LoggerUtil - [PASS] SignIn Button Clicked.
2026-08-21 21:53:54 [main] INFO  utils.LoggerUtil - [PASS] Username entered: InvalidUser
2026-08-21 21:53:54 [main] INFO  utils.LoggerUtil - [PASS] Test Case Log_001 Invalid username error message displayed successfully.
2026-08-21 21:53:54 [main] INFO  utils.LoggerUtil - Starting test case execution: Log_002
2026-08-21 21:54:15 [main] INFO  utils.LoggerUtil - Starting test case execution: Log_003
2026-08-21 21:54:35 [main] INFO  utils.LoggerUtil - Starting test case execution: Log_004
2026-08-21 21:54:55 [main] INFO  utils.LoggerUtil - Starting test case execution: Log_005
2026-08-21 21:55:16 [main] INFO  utils.LoggerUtil - Starting test case execution: Log_006
2026-08-21 21:55:36 [main] ERROR utils.LoggerUtil - Expected condition failed: waiting for element to be clickable: By.xpath: //div[@id="nav-link-accountList"]//button[@class="nav-flyout-button nav-icon nav-arrow"] (tried for 10 second(s) with 500 milliseconds interval)
Build info: version: '4.35.0', revision: '1c58e5028b'
System info: os.name: 'Windows 11', os.arch: 'amd64', os.version: '10.0', java.version: '21.0.12'
Driver info: org.openqa.selenium.chrome.ChromeDriver
Capabilities {acceptInsecureCerts: false, browserName: chrome, browserVersion: 151.0.7922.170, chrome: {chromedriverVersion: 151.0.7922.138 (41fa8244239..., userDataDir: C:\Users\DROOFF~1\AppData\L...}, fedcm:accounts: true, goog:chromeOptions: {debuggerAddress: localhost:61981}, goog:processID: 15556, networkConnectionEnabled: false, pageLoadStrategy: normal, platformName: windows, proxy: Proxy(), se:cdp: ws://localhost:61981/devtoo..., se:cdpVersion: 151.0.7922.170, setWindowRect: true, strictFileInteractability: false, timeouts: {implicit: 0, pageLoad: 300000, script: 30000}, unhandledPromptBehavior: dismiss and notify, webauthn:extension:credBlob: true, webauthn:extension:largeBlob: true, webauthn:extension:minPinLength: true, webauthn:extension:prf: true, webauthn:virtualAuthenticators: true}
Session ID: d9ac556856bc796db6f20025eada9035
org.openqa.selenium.TimeoutException: Expected condition failed: waiting for element to be clickable: By.xpath: //div[@id="nav-link-accountList"]//button[@class="nav-flyout-button nav-icon nav-arrow"] (tried for 10 second(s) with 500 milliseconds interval)
Build info: version: '4.35.0', revision: '1c58e5028b'
System info: os.name: 'Windows 11', os.arch: 'amd64', os.version: '10.0', java.version: '21.0.12'
Driver info: org.openqa.selenium.chrome.ChromeDriver
Capabilities {acceptInsecureCerts: false, browserName: chrome, browserVersion: 151.0.7922.170, chrome: {chromedriverVersion: 151.0.7922.138 (41fa8244239..., userDataDir: C:\Users\DROOFF~1\AppData\L...}, fedcm:accounts: true, goog:chromeOptions: {debuggerAddress: localhost:61981}, goog:processID: 15556, networkConnectionEnabled: false, pageLoadStrategy: normal, platformName: windows, proxy: Proxy(), se:cdp: ws://localhost:61981/devtoo..., se:cdpVersion: 151.0.7922.170, setWindowRect: true, strictFileInteractability: false, timeouts: {implicit: 0, pageLoad: 300000, script: 30000}, unhandledPromptBehavior: dismiss and notify, webauthn:extension:credBlob: true, webauthn:extension:largeBlob: true, webauthn:extension:minPinLength: true, webauthn:extension:prf: true, webauthn:virtualAuthenticators: true}
Session ID: d9ac556856bc796db6f20025eada9035
	at org.openqa.selenium.support.ui.WebDriverWait.timeoutException(WebDriverWait.java:84)
	at org.openqa.selenium.support.ui.FluentWait.until(FluentWait.java:228)
	at pages.BasePage.click(BasePage.java:25)
	at pages.LoginPage.clickIconAccountListArrow(LoginPage.java:42)
	at tests.LoginTest.Log_006_ValidLogout(LoginTest.java:168)
	at java.base/jdk.internal.reflect.DirectMethodHandleAccessor.invoke(DirectMethodHandleAccessor.java:103)
	at java.base/java.lang.reflect.Method.invoke(Method.java:580)
	at org.testng.internal.invokers.MethodInvocationHelper.invokeMethod(MethodInvocationHelper.java:141)
	at org.testng.internal.invokers.TestInvoker.invokeMethod(TestInvoker.java:687)
	at org.testng.internal.invokers.TestInvoker.invokeTestMethod(TestInvoker.java:230)
	at org.testng.internal.invokers.MethodRunner.runInSequence(MethodRunner.java:63)
	at org.testng.internal.invokers.TestInvoker$MethodInvocationAgent.invoke(TestInvoker.java:995)
	at org.testng.internal.invokers.TestInvoker.invokeTestMethods(TestInvoker.java:203)
	at org.testng.internal.invokers.TestMethodWorker.invokeTestMethods(TestMethodWorker.java:154)
	at org.testng.internal.invokers.TestMethodWorker.run(TestMethodWorker.java:134)
	at java.base/java.util.ArrayList.forEach(ArrayList.java:1596)
	at org.testng.TestRunner.privateRun(TestRunner.java:741)
	at org.testng.TestRunner.run(TestRunner.java:616)
	at org.testng.SuiteRunner.runTest(SuiteRunner.java:421)
	at org.testng.SuiteRunner.runSequentially(SuiteRunner.java:413)
	at org.testng.SuiteRunner.privateRun(SuiteRunner.java:373)
	at org.testng.SuiteRunner.run(SuiteRunner.java:312)
	at org.testng.SuiteRunnerWorker.runSuite(SuiteRunnerWorker.java:52)
	at org.testng.SuiteRunnerWorker.run(SuiteRunnerWorker.java:95)
	at org.testng.TestNG.runSuitesSequentially(TestNG.java:1274)
	at org.testng.TestNG.runSuitesLocally(TestNG.java:1208)
	at org.testng.TestNG.runSuites(TestNG.java:1112)
	at org.testng.TestNG.run(TestNG.java:1079)
	at org.testng.remote.AbstractRemoteTestNG.run(AbstractRemoteTestNG.java:115)
	at org.testng.remote.RemoteTestNG.initAndRun(RemoteTestNG.java:293)
	at org.testng.remote.RemoteTestNG.main(RemoteTestNG.java:91)
2026-08-21 21:58:51 [main] INFO  utils.LoggerUtil - Starting test case execution: Log_002
2026-08-21 21:58:56 [main] INFO  utils.LoggerUtil - [PASS] AccountListArrow Icon Clicked.
2026-08-21 21:58:58 [main] INFO  utils.LoggerUtil - [PASS] SignIn Button Clicked.
2026-08-21 21:58:59 [main] INFO  utils.LoggerUtil - [PASS] Username entered: vinnarasiv17@gmail.com
2026-08-21 21:59:03 [main] INFO  utils.LoggerUtil - [PASS] The Password entered.
2026-08-21 21:59:05 [main] INFO  utils.LoggerUtil - [PASS] SignInSubmit Button Clicked.
2026-08-21 21:59:05 [main] INFO  utils.LoggerUtil - [PASS] Test Case Log_002 Invalid username error message displayed successfully.
2026-08-21 21:59:05 [main] INFO  utils.LoggerUtil - Starting test case execution: Log_003
2026-08-21 21:59:25 [main] INFO  utils.LoggerUtil - Starting test case execution: Log_004
2026-08-21 21:59:46 [main] INFO  utils.LoggerUtil - Starting test case execution: Log_005
2026-08-21 22:00:06 [main] INFO  utils.LoggerUtil - Starting test case execution: Log_006
2026-08-21 22:00:26 [main] ERROR utils.LoggerUtil - Expected condition failed: waiting for element to be clickable: By.xpath: //div[@id="nav-link-accountList"]//button[@class="nav-flyout-button nav-icon nav-arrow"] (tried for 10 second(s) with 500 milliseconds interval)
Build info: version: '4.35.0', revision: '1c58e5028b'
System info: os.name: 'Windows 11', os.arch: 'amd64', os.version: '10.0', java.version: '21.0.12'
Driver info: org.openqa.selenium.chrome.ChromeDriver
Capabilities {acceptInsecureCerts: false, browserName: chrome, browserVersion: 151.0.7922.170, chrome: {chromedriverVersion: 151.0.7922.138 (41fa8244239..., userDataDir: C:\Users\DROOFF~1\AppData\L...}, fedcm:accounts: true, goog:chromeOptions: {debuggerAddress: localhost:54727}, goog:processID: 14664, networkConnectionEnabled: false, pageLoadStrategy: normal, platformName: windows, proxy: Proxy(), se:cdp: ws://localhost:54727/devtoo..., se:cdpVersion: 151.0.7922.170, setWindowRect: true, strictFileInteractability: false, timeouts: {implicit: 0, pageLoad: 300000, script: 30000}, unhandledPromptBehavior: dismiss and notify, webauthn:extension:credBlob: true, webauthn:extension:largeBlob: true, webauthn:extension:minPinLength: true, webauthn:extension:prf: true, webauthn:virtualAuthenticators: true}
Session ID: c86a63b41fa4006445483ff9224d29a3
org.openqa.selenium.TimeoutException: Expected condition failed: waiting for element to be clickable: By.xpath: //div[@id="nav-link-accountList"]//button[@class="nav-flyout-button nav-icon nav-arrow"] (tried for 10 second(s) with 500 milliseconds interval)
Build info: version: '4.35.0', revision: '1c58e5028b'
System info: os.name: 'Windows 11', os.arch: 'amd64', os.version: '10.0', java.version: '21.0.12'
Driver info: org.openqa.selenium.chrome.ChromeDriver
Capabilities {acceptInsecureCerts: false, browserName: chrome, browserVersion: 151.0.7922.170, chrome: {chromedriverVersion: 151.0.7922.138 (41fa8244239..., userDataDir: C:\Users\DROOFF~1\AppData\L...}, fedcm:accounts: true, goog:chromeOptions: {debuggerAddress: localhost:54727}, goog:processID: 14664, networkConnectionEnabled: false, pageLoadStrategy: normal, platformName: windows, proxy: Proxy(), se:cdp: ws://localhost:54727/devtoo..., se:cdpVersion: 151.0.7922.170, setWindowRect: true, strictFileInteractability: false, timeouts: {implicit: 0, pageLoad: 300000, script: 30000}, unhandledPromptBehavior: dismiss and notify, webauthn:extension:credBlob: true, webauthn:extension:largeBlob: true, webauthn:extension:minPinLength: true, webauthn:extension:prf: true, webauthn:virtualAuthenticators: true}
Session ID: c86a63b41fa4006445483ff9224d29a3
	at org.openqa.selenium.support.ui.WebDriverWait.timeoutException(WebDriverWait.java:84)
	at org.openqa.selenium.support.ui.FluentWait.until(FluentWait.java:228)
	at pages.BasePage.click(BasePage.java:25)
	at pages.LoginPage.clickIconAccountListArrow(LoginPage.java:42)
	at tests.LoginTest.Log_006_ValidLogout(LoginTest.java:168)
	at java.base/jdk.internal.reflect.DirectMethodHandleAccessor.invoke(DirectMethodHandleAccessor.java:103)
	at java.base/java.lang.reflect.Method.invoke(Method.java:580)
	at org.testng.internal.invokers.MethodInvocationHelper.invokeMethod(MethodInvocationHelper.java:141)
	at org.testng.internal.invokers.TestInvoker.invokeMethod(TestInvoker.java:687)
	at org.testng.internal.invokers.TestInvoker.invokeTestMethod(TestInvoker.java:230)
	at org.testng.internal.invokers.MethodRunner.runInSequence(MethodRunner.java:63)
	at org.testng.internal.invokers.TestInvoker$MethodInvocationAgent.invoke(TestInvoker.java:995)
	at org.testng.internal.invokers.TestInvoker.invokeTestMethods(TestInvoker.java:203)
	at org.testng.internal.invokers.TestMethodWorker.invokeTestMethods(TestMethodWorker.java:154)
	at org.testng.internal.invokers.TestMethodWorker.run(TestMethodWorker.java:134)
	at java.base/java.util.ArrayList.forEach(ArrayList.java:1596)
	at org.testng.TestRunner.privateRun(TestRunner.java:741)
	at org.testng.TestRunner.run(TestRunner.java:616)
	at org.testng.SuiteRunner.runTest(SuiteRunner.java:421)
	at org.testng.SuiteRunner.runSequentially(SuiteRunner.java:413)
	at org.testng.SuiteRunner.privateRun(SuiteRunner.java:373)
	at org.testng.SuiteRunner.run(SuiteRunner.java:312)
	at org.testng.SuiteRunnerWorker.runSuite(SuiteRunnerWorker.java:52)
	at org.testng.SuiteRunnerWorker.run(SuiteRunnerWorker.java:95)
	at org.testng.TestNG.runSuitesSequentially(TestNG.java:1274)
	at org.testng.TestNG.runSuitesLocally(TestNG.java:1208)
	at org.testng.TestNG.runSuites(TestNG.java:1112)
	at org.testng.TestNG.run(TestNG.java:1079)
	at org.testng.remote.AbstractRemoteTestNG.run(AbstractRemoteTestNG.java:115)
	at org.testng.remote.RemoteTestNG.initAndRun(RemoteTestNG.java:293)
	at org.testng.remote.RemoteTestNG.main(RemoteTestNG.java:91)
2026-08-21 22:06:04 [main] INFO  utils.LoggerUtil - Starting test case execution: Log_001
2026-08-21 22:06:07 [main] INFO  utils.LoggerUtil - [PASS] AccountListArrow Icon Clicked.
2026-08-21 22:06:07 [main] INFO  utils.LoggerUtil - [PASS] SignIn Button Clicked.
2026-08-21 22:06:12 [main] INFO  utils.LoggerUtil - [PASS] Username entered: InvalidUser
2026-08-21 22:06:12 [main] INFO  utils.LoggerUtil - [PASS] Test Case Log_001 Invalid username error message displayed successfully.
2026-08-21 22:06:12 [main] INFO  utils.LoggerUtil - Starting test case execution: Log_002
2026-08-21 22:06:33 [main] INFO  utils.LoggerUtil - Starting test case execution: Log_003
2026-08-21 22:06:53 [main] INFO  utils.LoggerUtil - Starting test case execution: Log_004
2026-08-21 22:07:13 [main] INFO  utils.LoggerUtil - Starting test case execution: Log_005
2026-08-21 22:07:34 [main] INFO  utils.LoggerUtil - Starting test case execution: Log_006
2026-08-21 22:10:27 [main] INFO  utils.LoggerUtil - Starting test case execution: Log_001
2026-08-21 22:10:39 [main] INFO  utils.LoggerUtil - [PASS] AccountListArrow Icon Clicked.
2026-08-21 22:10:39 [main] INFO  utils.LoggerUtil - [PASS] SignIn Button Clicked.
2026-08-21 22:10:43 [main] INFO  utils.LoggerUtil - [PASS] Username entered: InvalidUser
2026-08-21 22:10:44 [main] INFO  utils.LoggerUtil - [PASS] Test Case Log_001 Invalid username error message displayed successfully.
2026-08-21 22:10:44 [main] ERROR utils.LoggerUtil - Skipping execution: Test Case ID 'Log_006' has ExecuteFlag set to 'N' or does not exist.
org.testng.SkipException: Skipping execution: Test Case ID 'Log_006' has ExecuteFlag set to 'N' or does not exist.
	at utils.ExcelUtil.getCellData(ExcelUtil.java:81)
	at tests.LoginTest.Log_006_ValidLogout(LoginTest.java:163)
	at java.base/jdk.internal.reflect.DirectMethodHandleAccessor.invoke(DirectMethodHandleAccessor.java:103)
	at java.base/java.lang.reflect.Method.invoke(Method.java:580)
	at org.testng.internal.invokers.MethodInvocationHelper.invokeMethod(MethodInvocationHelper.java:141)
	at org.testng.internal.invokers.TestInvoker.invokeMethod(TestInvoker.java:687)
	at org.testng.internal.invokers.TestInvoker.invokeTestMethod(TestInvoker.java:230)
	at org.testng.internal.invokers.MethodRunner.runInSequence(MethodRunner.java:63)
	at org.testng.internal.invokers.TestInvoker$MethodInvocationAgent.invoke(TestInvoker.java:995)
	at org.testng.internal.invokers.TestInvoker.invokeTestMethods(TestInvoker.java:203)
	at org.testng.internal.invokers.TestMethodWorker.invokeTestMethods(TestMethodWorker.java:154)
	at org.testng.internal.invokers.TestMethodWorker.run(TestMethodWorker.java:134)
	at java.base/java.util.ArrayList.forEach(ArrayList.java:1596)
	at org.testng.TestRunner.privateRun(TestRunner.java:741)
	at org.testng.TestRunner.run(TestRunner.java:616)
	at org.testng.SuiteRunner.runTest(SuiteRunner.java:421)
	at org.testng.SuiteRunner.runSequentially(SuiteRunner.java:413)
	at org.testng.SuiteRunner.privateRun(SuiteRunner.java:373)
	at org.testng.SuiteRunner.run(SuiteRunner.java:312)
	at org.testng.SuiteRunnerWorker.runSuite(SuiteRunnerWorker.java:52)
	at org.testng.SuiteRunnerWorker.run(SuiteRunnerWorker.java:95)
	at org.testng.TestNG.runSuitesSequentially(TestNG.java:1274)
	at org.testng.TestNG.runSuitesLocally(TestNG.java:1208)
	at org.testng.TestNG.runSuites(TestNG.java:1112)
	at org.testng.TestNG.run(TestNG.java:1079)
	at org.testng.remote.AbstractRemoteTestNG.run(AbstractRemoteTestNG.java:115)
	at org.testng.remote.RemoteTestNG.initAndRun(RemoteTestNG.java:293)
	at org.testng.remote.RemoteTestNG.main(RemoteTestNG.java:91)
2026-08-21 22:14:25 [main] INFO  utils.LoggerUtil - Starting test case execution: Log_002
2026-08-21 22:14:31 [main] INFO  utils.LoggerUtil - [PASS] AccountListArrow Icon Clicked.
2026-08-21 22:14:31 [main] INFO  utils.LoggerUtil - [PASS] SignIn Button Clicked.
2026-08-21 22:14:33 [main] INFO  utils.LoggerUtil - [PASS] Username entered: vinnarasiv17@gmail.com
2026-08-21 22:14:36 [main] INFO  utils.LoggerUtil - [PASS] The Password entered.
2026-08-21 22:14:37 [main] INFO  utils.LoggerUtil - [PASS] SignInSubmit Button Clicked.
2026-08-21 22:14:37 [main] INFO  utils.LoggerUtil - [PASS] Test Case Log_002 Invalid username error message displayed successfully.
2026-08-21 22:14:38 [main] ERROR utils.LoggerUtil - Skipping execution: Test Case ID 'Log_006' has ExecuteFlag set to 'N' or does not exist.
org.testng.SkipException: Skipping execution: Test Case ID 'Log_006' has ExecuteFlag set to 'N' or does not exist.
	at utils.ExcelUtil.getCellData(ExcelUtil.java:81)
	at tests.LoginTest.Log_006_ValidLogout(LoginTest.java:149)
	at java.base/jdk.internal.reflect.DirectMethodHandleAccessor.invoke(DirectMethodHandleAccessor.java:103)
	at java.base/java.lang.reflect.Method.invoke(Method.java:580)
	at org.testng.internal.invokers.MethodInvocationHelper.invokeMethod(MethodInvocationHelper.java:141)
	at org.testng.internal.invokers.TestInvoker.invokeMethod(TestInvoker.java:687)
	at org.testng.internal.invokers.TestInvoker.invokeTestMethod(TestInvoker.java:230)
	at org.testng.internal.invokers.MethodRunner.runInSequence(MethodRunner.java:63)
	at org.testng.internal.invokers.TestInvoker$MethodInvocationAgent.invoke(TestInvoker.java:995)
	at org.testng.internal.invokers.TestInvoker.invokeTestMethods(TestInvoker.java:203)
	at org.testng.internal.invokers.TestMethodWorker.invokeTestMethods(TestMethodWorker.java:154)
	at org.testng.internal.invokers.TestMethodWorker.run(TestMethodWorker.java:134)
	at java.base/java.util.ArrayList.forEach(ArrayList.java:1596)
	at org.testng.TestRunner.privateRun(TestRunner.java:741)
	at org.testng.TestRunner.run(TestRunner.java:616)
	at org.testng.SuiteRunner.runTest(SuiteRunner.java:421)
	at org.testng.SuiteRunner.runSequentially(SuiteRunner.java:413)
	at org.testng.SuiteRunner.privateRun(SuiteRunner.java:373)
	at org.testng.SuiteRunner.run(SuiteRunner.java:312)
	at org.testng.SuiteRunnerWorker.runSuite(SuiteRunnerWorker.java:52)
	at org.testng.SuiteRunnerWorker.run(SuiteRunnerWorker.java:95)
	at org.testng.TestNG.runSuitesSequentially(TestNG.java:1274)
	at org.testng.TestNG.runSuitesLocally(TestNG.java:1208)
	at org.testng.TestNG.runSuites(TestNG.java:1112)
	at org.testng.TestNG.run(TestNG.java:1079)
	at org.testng.remote.AbstractRemoteTestNG.run(AbstractRemoteTestNG.java:115)
	at org.testng.remote.RemoteTestNG.initAndRun(RemoteTestNG.java:293)
	at org.testng.remote.RemoteTestNG.main(RemoteTestNG.java:91)
2026-08-21 22:17:24 [main] INFO  utils.LoggerUtil - Starting test case execution: Log_002
2026-08-21 22:17:28 [main] INFO  utils.LoggerUtil - [PASS] AccountListArrow Icon Clicked.
2026-08-21 22:17:28 [main] INFO  utils.LoggerUtil - [PASS] SignIn Button Clicked.
2026-08-21 22:17:30 [main] INFO  utils.LoggerUtil - [PASS] Username entered: vinnarasiv17@gmail.com
2026-08-21 22:17:32 [main] INFO  utils.LoggerUtil - [PASS] The Password entered.
2026-08-21 22:17:34 [main] INFO  utils.LoggerUtil - [PASS] SignInSubmit Button Clicked.
2026-08-21 22:17:34 [main] INFO  utils.LoggerUtil - [PASS] Test Case Log_002 Invalid username error message displayed successfully.
2026-08-21 22:18:35 [main] INFO  utils.LoggerUtil - Starting test case execution: Log_001
2026-08-21 22:18:42 [main] INFO  utils.LoggerUtil - [PASS] AccountListArrow Icon Clicked.
2026-08-21 22:18:42 [main] INFO  utils.LoggerUtil - [PASS] SignIn Button Clicked.
2026-08-21 22:18:45 [main] INFO  utils.LoggerUtil - [PASS] Username entered: InvalidUser
2026-08-21 22:18:45 [main] INFO  utils.LoggerUtil - [PASS] Test Case Log_001 Invalid username error message displayed successfully.
2026-08-21 22:18:45 [main] INFO  utils.LoggerUtil - Starting test case execution: Log_002
2026-08-21 22:19:06 [main] INFO  utils.LoggerUtil - Starting test case execution: Log_003
2026-08-21 22:19:26 [main] INFO  utils.LoggerUtil - Starting test case execution: Log_004
2026-08-21 22:19:46 [main] INFO  utils.LoggerUtil - Starting test case execution: Log_005
2026-08-21 22:22:56 [main] INFO  utils.LoggerUtil - Starting test case execution: Log_001
2026-08-21 22:23:01 [main] INFO  utils.LoggerUtil - [PASS] AccountListArrow Icon Clicked.
2026-08-21 22:23:01 [main] INFO  utils.LoggerUtil - [PASS] SignIn Button Clicked.
2026-08-21 22:23:04 [main] INFO  utils.LoggerUtil - [PASS] Username entered: InvalidUser
2026-08-21 22:23:04 [main] INFO  utils.LoggerUtil - [PASS] Test Case Log_001 Invalid username error message displayed successfully.
2026-08-21 22:23:04 [main] INFO  utils.LoggerUtil - Starting test case execution: Log_002
2026-08-21 22:23:25 [main] INFO  utils.LoggerUtil - Starting test case execution: Log_003
2026-08-21 22:23:45 [main] INFO  utils.LoggerUtil - Starting test case execution: Log_004
2026-08-21 22:24:05 [main] INFO  utils.LoggerUtil - Starting test case execution: Log_005
2026-08-21 22:25:40 [main] INFO  utils.LoggerUtil - Starting test case execution: Log_001
2026-08-21 22:25:47 [main] INFO  utils.LoggerUtil - [PASS] AccountListArrow Icon Clicked.
2026-08-21 22:25:47 [main] INFO  utils.LoggerUtil - [PASS] SignIn Button Clicked.
2026-08-21 22:25:50 [main] INFO  utils.LoggerUtil - [PASS] Username entered: InvalidUser
2026-08-21 22:25:51 [main] INFO  utils.LoggerUtil - [PASS] Test Case Log_001 Invalid username error message displayed successfully.
2026-08-21 22:25:54 [main] INFO  utils.LoggerUtil - Starting test case execution: Log_002
2026-08-21 22:26:02 [main] INFO  utils.LoggerUtil - [PASS] AccountListArrow Icon Clicked.
2026-08-21 22:26:02 [main] INFO  utils.LoggerUtil - [PASS] SignIn Button Clicked.
2026-08-21 22:26:04 [main] INFO  utils.LoggerUtil - [PASS] Username entered: vinnarasiv17@gmail.com
2026-08-21 22:26:06 [main] INFO  utils.LoggerUtil - [PASS] The Password entered.
2026-08-21 22:26:07 [main] INFO  utils.LoggerUtil - [PASS] SignInSubmit Button Clicked.
2026-08-21 22:26:07 [main] INFO  utils.LoggerUtil - [PASS] Test Case Log_002 Invalid username error message displayed successfully.
2026-08-21 22:26:15 [main] INFO  utils.LoggerUtil - Starting test case execution: Log_003
2026-08-21 22:26:19 [main] INFO  utils.LoggerUtil - [PASS] AccountListArrow Icon Clicked.
2026-08-21 22:26:20 [main] INFO  utils.LoggerUtil - [PASS] SignIn Button Clicked.
2026-08-21 22:26:22 [main] INFO  utils.LoggerUtil - [PASS] Username entered: 
2026-08-21 22:26:22 [main] INFO  utils.LoggerUtil - [PASS] Test Case Log_003 Enter your mobile number or email Error message displayed successfully.
2026-08-21 22:26:26 [main] INFO  utils.LoggerUtil - Starting test case execution: Log_004
2026-08-21 22:26:30 [main] INFO  utils.LoggerUtil - [PASS] AccountListArrow Icon Clicked.
2026-08-21 22:26:31 [main] INFO  utils.LoggerUtil - [PASS] SignIn Button Clicked.
2026-08-21 22:26:33 [main] INFO  utils.LoggerUtil - [PASS] Username entered: vinnarasiv17@gmail.com
2026-08-21 22:26:34 [main] INFO  utils.LoggerUtil - [PASS] The Password entered.
2026-08-21 22:26:35 [main] INFO  utils.LoggerUtil - [PASS] SignInSubmit Button Clicked.
2026-08-21 22:26:35 [main] INFO  utils.LoggerUtil - [PASS] Test Case Log_004 Enter your password Error message displayed successfully.
2026-08-21 22:26:38 [main] INFO  utils.LoggerUtil - Starting test case execution: Log_005
2026-08-21 22:26:43 [main] INFO  utils.LoggerUtil - [PASS] AccountListArrow Icon Clicked.
2026-08-21 22:26:43 [main] INFO  utils.LoggerUtil - [PASS] SignIn Button Clicked.
2026-08-21 22:26:45 [main] INFO  utils.LoggerUtil - [PASS] Username entered: vinnarasiv17@gmail.com
2026-08-21 22:26:47 [main] INFO  utils.LoggerUtil - [PASS] The Password entered.
2026-08-21 22:26:52 [main] INFO  utils.LoggerUtil - [PASS] SignInSubmit Button Clicked.
2026-08-21 22:26:52 [main] INFO  utils.LoggerUtil - [PASS] Test Case Log_005 User is able to login successfully. Dashboard Title: Online Shopping site in India: Shop Online for Mobiles, Books, Watches, Shoes and More - Amazon.in
2026-08-21 22:30:34 [main] INFO  utils.LoggerUtil - Starting test case execution: Log_001
2026-08-21 22:30:42 [main] INFO  utils.LoggerUtil - [PASS] AccountListArrow Icon Clicked.
2026-08-21 22:30:42 [main] INFO  utils.LoggerUtil - [PASS] SignIn Button Clicked.
2026-08-21 22:30:46 [main] INFO  utils.LoggerUtil - [PASS] Username entered: InvalidUser
2026-08-21 22:30:47 [main] INFO  utils.LoggerUtil - [PASS] Test Case Log_001 Invalid username error message displayed successfully.
2026-08-21 22:30:47 [main] INFO  utils.LoggerUtil - Starting test case execution: Log_002
2026-08-21 22:31:07 [main] INFO  utils.LoggerUtil - Starting test case execution: Log_003
2026-08-21 22:31:28 [main] INFO  utils.LoggerUtil - Starting test case execution: Log_004
2026-08-21 22:33:18 [main] INFO  utils.LoggerUtil - Starting test case execution: Log_001
2026-08-21 22:33:20 [main] INFO  utils.LoggerUtil - [PASS] AccountListArrow Icon Clicked.
2026-08-21 22:33:21 [main] INFO  utils.LoggerUtil - [PASS] SignIn Button Clicked.
2026-08-21 22:33:23 [main] INFO  utils.LoggerUtil - [PASS] Username entered: InvalidUser
2026-08-21 22:33:23 [main] INFO  utils.LoggerUtil - [PASS] Test Case Log_001 Invalid username error message displayed successfully.
2026-08-21 22:33:27 [main] INFO  utils.LoggerUtil - Starting test case execution: Log_002
2026-08-21 22:33:32 [main] INFO  utils.LoggerUtil - [PASS] AccountListArrow Icon Clicked.
2026-08-21 22:33:32 [main] INFO  utils.LoggerUtil - [PASS] SignIn Button Clicked.
2026-08-21 22:33:34 [main] INFO  utils.LoggerUtil - [PASS] Username entered: vinnarasiv17@gmail.com
2026-08-21 22:33:36 [main] INFO  utils.LoggerUtil - [PASS] The Password entered.
2026-08-21 22:33:38 [main] INFO  utils.LoggerUtil - [PASS] SignInSubmit Button Clicked.
2026-08-21 22:33:38 [main] INFO  utils.LoggerUtil - [PASS] Test Case Log_002 Invalid username error message displayed successfully.
2026-08-21 22:33:45 [main] INFO  utils.LoggerUtil - Starting test case execution: Log_003
2026-08-21 22:33:50 [main] INFO  utils.LoggerUtil - [PASS] AccountListArrow Icon Clicked.
2026-08-21 22:33:50 [main] INFO  utils.LoggerUtil - [PASS] SignIn Button Clicked.
2026-08-21 22:33:52 [main] INFO  utils.LoggerUtil - [PASS] Username entered: 
2026-08-21 22:33:52 [main] INFO  utils.LoggerUtil - [PASS] Test Case Log_003 Enter your mobile number or email Error message displayed successfully.
2026-08-21 22:33:56 [main] INFO  utils.LoggerUtil - Starting test case execution: Log_004
2026-08-21 22:34:02 [main] INFO  utils.LoggerUtil - [PASS] AccountListArrow Icon Clicked.
2026-08-21 22:34:02 [main] INFO  utils.LoggerUtil - [PASS] SignIn Button Clicked.
2026-08-21 22:34:05 [main] INFO  utils.LoggerUtil - [PASS] Username entered: vinnarasiv17@gmail.com
2026-08-21 22:34:07 [main] INFO  utils.LoggerUtil - [PASS] The Password entered.
2026-08-21 22:34:07 [main] INFO  utils.LoggerUtil - [PASS] SignInSubmit Button Clicked.
2026-08-21 22:34:07 [main] INFO  utils.LoggerUtil - [PASS] Test Case Log_004 Enter your password Error message displayed successfully.
2026-08-21 22:34:11 [main] INFO  utils.LoggerUtil - Starting test case execution: Log_005
2026-08-21 22:34:21 [main] INFO  utils.LoggerUtil - [PASS] AccountListArrow Icon Clicked.
2026-08-21 22:34:21 [main] INFO  utils.LoggerUtil - [PASS] SignIn Button Clicked.
2026-08-21 22:34:24 [main] INFO  utils.LoggerUtil - [PASS] Username entered: vinnarasiv17@gmail.com
2026-08-21 22:34:26 [main] INFO  utils.LoggerUtil - [PASS] The Password entered.
2026-08-21 22:34:36 [main] INFO  utils.LoggerUtil - [PASS] SignInSubmit Button Clicked.
2026-08-21 22:34:36 [main] INFO  utils.LoggerUtil - [PASS] Test Case Log_005 User is able to login successfully. Dashboard Title: Online Shopping site in India: Shop Online for Mobiles, Books, Watches, Shoes and More - Amazon.in
2026-08-21 22:34:40 [main] INFO  utils.LoggerUtil - Starting test case execution: Log_006
2026-08-21 22:34:46 [main] INFO  utils.LoggerUtil - [PASS] AccountListArrow Icon Clicked.
2026-08-21 22:34:46 [main] INFO  utils.LoggerUtil - [PASS] SignIn Button Clicked.
2026-08-21 22:34:48 [main] INFO  utils.LoggerUtil - [PASS] Username entered: vinnarasiv17@gmail.com
2026-08-21 22:34:51 [main] INFO  utils.LoggerUtil - [PASS] The Password entered.
2026-08-21 22:34:56 [main] INFO  utils.LoggerUtil - [PASS] SignInSubmit Button Clicked.
2026-08-21 22:34:56 [main] INFO  utils.LoggerUtil - Test Case  User is able to login successfully. Dashboard Title: Online Shopping site in India: Shop Online for Mobiles, Books, Watches, Shoes and More - Amazon.in
2026-08-21 22:34:57 [main] INFO  utils.LoggerUtil - [PASS] AccountListArrow Icon Clicked.
2026-08-21 22:35:01 [main] INFO  utils.LoggerUtil - [PASS] Signout link Clicked.
2026-08-21 22:35:01 [main] INFO  utils.LoggerUtil - [PASS] Test Case Log_006 User is able to logout successfully. Dashboard Title: Amazon Sign-In
2026-08-21 22:37:27 [main] INFO  utils.LoggerUtil - Starting test case execution: Log_005
2026-08-21 22:37:33 [main] INFO  utils.LoggerUtil - [PASS] AccountListArrow Icon Clicked.
2026-08-21 22:37:33 [main] INFO  utils.LoggerUtil - [PASS] SignIn Button Clicked.
2026-08-21 22:37:35 [main] INFO  utils.LoggerUtil - [PASS] Username entered: vinnarasiv17@gmail.com
2026-08-21 22:37:37 [main] INFO  utils.LoggerUtil - [PASS] The Password entered.
2026-08-21 22:37:44 [main] INFO  utils.LoggerUtil - [PASS] SignInSubmit Button Clicked.
2026-08-21 22:37:45 [main] INFO  utils.LoggerUtil - [PASS] Test Case Log_005 User is able to login successfully. Dashboard Title: Online Shopping site in India: Shop Online for Mobiles, Books, Watches, Shoes and More - Amazon.in
2026-08-21 22:37:48 [main] INFO  utils.LoggerUtil - Starting test case execution: Log_006
2026-08-21 22:37:54 [main] INFO  utils.LoggerUtil - [PASS] AccountListArrow Icon Clicked.
2026-08-21 22:37:55 [main] INFO  utils.LoggerUtil - [PASS] SignIn Button Clicked.
2026-08-21 22:37:57 [main] INFO  utils.LoggerUtil - [PASS] Username entered: vinnarasiv17@gmail.com
2026-08-21 22:37:59 [main] INFO  utils.LoggerUtil - [PASS] The Password entered.
2026-08-21 22:38:04 [main] INFO  utils.LoggerUtil - [PASS] SignInSubmit Button Clicked.
2026-08-21 22:38:05 [main] INFO  utils.LoggerUtil - Test Case  User is able to login successfully. Dashboard Title: Online Shopping site in India: Shop Online for Mobiles, Books, Watches, Shoes and More - Amazon.in
2026-08-21 22:38:05 [main] INFO  utils.LoggerUtil - [PASS] AccountListArrow Icon Clicked.
2026-08-21 22:38:08 [main] INFO  utils.LoggerUtil - [PASS] Signout link Clicked.
2026-08-21 22:38:08 [main] INFO  utils.LoggerUtil - [PASS] Test Case Log_006 User is able to logout successfully. Dashboard Title: Amazon Sign-In
2026-08-21 22:39:05 [main] INFO  utils.LoggerUtil - Starting test case execution: Log_005
2026-08-21 22:39:08 [main] INFO  utils.LoggerUtil - [PASS] AccountListArrow Icon Clicked.
2026-08-21 22:39:09 [main] INFO  utils.LoggerUtil - [PASS] SignIn Button Clicked.
2026-08-21 22:39:11 [main] INFO  utils.LoggerUtil - [PASS] Username entered: vinnarasiv17@gmail.com
2026-08-21 22:39:14 [main] INFO  utils.LoggerUtil - [PASS] The Password entered.
2026-08-21 22:39:19 [main] INFO  utils.LoggerUtil - [PASS] SignInSubmit Button Clicked.
2026-08-21 22:39:20 [main] INFO  utils.LoggerUtil - [PASS] Test Case Log_005 User is able to login successfully. Dashboard Title: Online Shopping site in India: Shop Online for Mobiles, Books, Watches, Shoes and More - Amazon.in
2026-08-21 22:39:20 [main] INFO  utils.LoggerUtil - Starting test case execution: Log_006
2026-08-21 22:39:21 [main] INFO  utils.LoggerUtil - [PASS] AccountListArrow Icon Clicked.
2026-08-21 22:39:41 [main] ERROR utils.LoggerUtil - Expected condition failed: waiting for element to be clickable: By.xpath: //div[@class="nav-template nav-flyout-content"]//div[@id="nav-flyout-ya-signin"] (tried for 10 second(s) with 500 milliseconds interval)
Build info: version: '4.35.0', revision: '1c58e5028b'
System info: os.name: 'Windows 11', os.arch: 'amd64', os.version: '10.0', java.version: '21.0.12'
Driver info: org.openqa.selenium.chrome.ChromeDriver
Capabilities {acceptInsecureCerts: false, browserName: chrome, browserVersion: 151.0.7922.170, chrome: {chromedriverVersion: 151.0.7922.138 (41fa8244239..., userDataDir: C:\Users\DROOFF~1\AppData\L...}, fedcm:accounts: true, goog:chromeOptions: {debuggerAddress: localhost:62469}, goog:processID: 8872, networkConnectionEnabled: false, pageLoadStrategy: normal, platformName: windows, proxy: Proxy(), se:cdp: ws://localhost:62469/devtoo..., se:cdpVersion: 151.0.7922.170, setWindowRect: true, strictFileInteractability: false, timeouts: {implicit: 0, pageLoad: 300000, script: 30000}, unhandledPromptBehavior: dismiss and notify, webauthn:extension:credBlob: true, webauthn:extension:largeBlob: true, webauthn:extension:minPinLength: true, webauthn:extension:prf: true, webauthn:virtualAuthenticators: true}
Session ID: 233ce93cb6a16bff65e0e6bf6071790c
org.openqa.selenium.TimeoutException: Expected condition failed: waiting for element to be clickable: By.xpath: //div[@class="nav-template nav-flyout-content"]//div[@id="nav-flyout-ya-signin"] (tried for 10 second(s) with 500 milliseconds interval)
Build info: version: '4.35.0', revision: '1c58e5028b'
System info: os.name: 'Windows 11', os.arch: 'amd64', os.version: '10.0', java.version: '21.0.12'
Driver info: org.openqa.selenium.chrome.ChromeDriver
Capabilities {acceptInsecureCerts: false, browserName: chrome, browserVersion: 151.0.7922.170, chrome: {chromedriverVersion: 151.0.7922.138 (41fa8244239..., userDataDir: C:\Users\DROOFF~1\AppData\L...}, fedcm:accounts: true, goog:chromeOptions: {debuggerAddress: localhost:62469}, goog:processID: 8872, networkConnectionEnabled: false, pageLoadStrategy: normal, platformName: windows, proxy: Proxy(), se:cdp: ws://localhost:62469/devtoo..., se:cdpVersion: 151.0.7922.170, setWindowRect: true, strictFileInteractability: false, timeouts: {implicit: 0, pageLoad: 300000, script: 30000}, unhandledPromptBehavior: dismiss and notify, webauthn:extension:credBlob: true, webauthn:extension:largeBlob: true, webauthn:extension:minPinLength: true, webauthn:extension:prf: true, webauthn:virtualAuthenticators: true}
Session ID: 233ce93cb6a16bff65e0e6bf6071790c
	at org.openqa.selenium.support.ui.WebDriverWait.timeoutException(WebDriverWait.java:84)
	at org.openqa.selenium.support.ui.FluentWait.until(FluentWait.java:228)
	at pages.BasePage.click(BasePage.java:25)
	at pages.LoginPage.clickBtnSignIn(LoginPage.java:46)
	at tests.LoginTest.Log_006_ValidLogout(LoginTest.java:155)
	at java.base/jdk.internal.reflect.DirectMethodHandleAccessor.invoke(DirectMethodHandleAccessor.java:103)
	at java.base/java.lang.reflect.Method.invoke(Method.java:580)
	at org.testng.internal.invokers.MethodInvocationHelper.invokeMethod(MethodInvocationHelper.java:141)
	at org.testng.internal.invokers.TestInvoker.invokeMethod(TestInvoker.java:687)
	at org.testng.internal.invokers.TestInvoker.invokeTestMethod(TestInvoker.java:230)
	at org.testng.internal.invokers.MethodRunner.runInSequence(MethodRunner.java:63)
	at org.testng.internal.invokers.TestInvoker$MethodInvocationAgent.invoke(TestInvoker.java:995)
	at org.testng.internal.invokers.TestInvoker.invokeTestMethods(TestInvoker.java:203)
	at org.testng.internal.invokers.TestMethodWorker.invokeTestMethods(TestMethodWorker.java:154)
	at org.testng.internal.invokers.TestMethodWorker.run(TestMethodWorker.java:134)
	at java.base/java.util.ArrayList.forEach(ArrayList.java:1596)
	at org.testng.TestRunner.privateRun(TestRunner.java:741)
	at org.testng.TestRunner.run(TestRunner.java:616)
	at org.testng.SuiteRunner.runTest(SuiteRunner.java:421)
	at org.testng.SuiteRunner.runSequentially(SuiteRunner.java:413)
	at org.testng.SuiteRunner.privateRun(SuiteRunner.java:373)
	at org.testng.SuiteRunner.run(SuiteRunner.java:312)
	at org.testng.SuiteRunnerWorker.runSuite(SuiteRunnerWorker.java:52)
	at org.testng.SuiteRunnerWorker.run(SuiteRunnerWorker.java:95)
	at org.testng.TestNG.runSuitesSequentially(TestNG.java:1274)
	at org.testng.TestNG.runSuitesLocally(TestNG.java:1208)
	at org.testng.TestNG.runSuites(TestNG.java:1112)
	at org.testng.TestNG.run(TestNG.java:1079)
	at org.testng.remote.AbstractRemoteTestNG.run(AbstractRemoteTestNG.java:115)
	at org.testng.remote.RemoteTestNG.initAndRun(RemoteTestNG.java:293)
	at org.testng.remote.RemoteTestNG.main(RemoteTestNG.java:91)
2026-08-21 22:41:42 [main] INFO  utils.LoggerUtil - Starting test case execution: Log_005
2026-08-21 22:42:05 [main] INFO  utils.LoggerUtil - Starting test case execution: Log_006
2026-08-21 22:42:24 [main] ERROR utils.LoggerUtil - invalid session id: session deleted as the browser has closed the connection
from disconnected: unable to send message to renderer
  (Session info: chrome=151.0.7922.170)
Build info: version: '4.35.0', revision: '1c58e5028b'
System info: os.name: 'Windows 11', os.arch: 'amd64', os.version: '10.0', java.version: '21.0.12'
Driver info: org.openqa.selenium.chrome.ChromeDriver
Command: [e6ae3f8878740a3911d8a674b0c30436, findElement {using=xpath, value=//div[@id="nav-link-accountList"]//button[@class="nav-flyout-button nav-icon nav-arrow"]}]
Capabilities {acceptInsecureCerts: false, browserName: chrome, browserVersion: 151.0.7922.170, chrome: {chromedriverVersion: 151.0.7922.138 (41fa8244239..., userDataDir: C:\Users\DROOFF~1\AppData\L...}, fedcm:accounts: true, goog:chromeOptions: {debuggerAddress: localhost:54780}, goog:processID: 11248, networkConnectionEnabled: false, pageLoadStrategy: normal, platformName: windows, proxy: Proxy(), se:cdp: ws://localhost:54780/devtoo..., se:cdpVersion: 151.0.7922.170, setWindowRect: true, strictFileInteractability: false, timeouts: {implicit: 0, pageLoad: 300000, script: 30000}, unhandledPromptBehavior: dismiss and notify, webauthn:extension:credBlob: true, webauthn:extension:largeBlob: true, webauthn:extension:minPinLength: true, webauthn:extension:prf: true, webauthn:virtualAuthenticators: true}
Session ID: e6ae3f8878740a3911d8a674b0c30436
org.openqa.selenium.NoSuchSessionException: invalid session id: session deleted as the browser has closed the connection
from disconnected: unable to send message to renderer
  (Session info: chrome=151.0.7922.170)
Build info: version: '4.35.0', revision: '1c58e5028b'
System info: os.name: 'Windows 11', os.arch: 'amd64', os.version: '10.0', java.version: '21.0.12'
Driver info: org.openqa.selenium.chrome.ChromeDriver
Command: [e6ae3f8878740a3911d8a674b0c30436, findElement {using=xpath, value=//div[@id="nav-link-accountList"]//button[@class="nav-flyout-button nav-icon nav-arrow"]}]
Capabilities {acceptInsecureCerts: false, browserName: chrome, browserVersion: 151.0.7922.170, chrome: {chromedriverVersion: 151.0.7922.138 (41fa8244239..., userDataDir: C:\Users\DROOFF~1\AppData\L...}, fedcm:accounts: true, goog:chromeOptions: {debuggerAddress: localhost:54780}, goog:processID: 11248, networkConnectionEnabled: false, pageLoadStrategy: normal, platformName: windows, proxy: Proxy(), se:cdp: ws://localhost:54780/devtoo..., se:cdpVersion: 151.0.7922.170, setWindowRect: true, strictFileInteractability: false, timeouts: {implicit: 0, pageLoad: 300000, script: 30000}, unhandledPromptBehavior: dismiss and notify, webauthn:extension:credBlob: true, webauthn:extension:largeBlob: true, webauthn:extension:minPinLength: true, webauthn:extension:prf: true, webauthn:virtualAuthenticators: true}
Session ID: e6ae3f8878740a3911d8a674b0c30436
	at java.base/jdk.internal.reflect.DirectConstructorHandleAccessor.newInstance(DirectConstructorHandleAccessor.java:62)
	at java.base/java.lang.reflect.Constructor.newInstanceWithCaller(Constructor.java:502)
	at java.base/java.lang.reflect.Constructor.newInstance(Constructor.java:486)
	at org.openqa.selenium.remote.ErrorCodec.decode(ErrorCodec.java:167)
	at org.openqa.selenium.remote.codec.w3c.W3CHttpResponseCodec.decode(W3CHttpResponseCodec.java:138)
	at org.openqa.selenium.remote.codec.w3c.W3CHttpResponseCodec.decode(W3CHttpResponseCodec.java:50)
	at org.openqa.selenium.remote.HttpCommandExecutor.execute(HttpCommandExecutor.java:215)
	at org.openqa.selenium.remote.service.DriverCommandExecutor.invokeExecute(DriverCommandExecutor.java:216)
	at org.openqa.selenium.remote.service.DriverCommandExecutor.execute(DriverCommandExecutor.java:174)
	at org.openqa.selenium.remote.RemoteWebDriver.execute(RemoteWebDriver.java:557)
	at org.openqa.selenium.remote.ElementLocation$ElementFinder$2.findElement(ElementLocation.java:165)
	at org.openqa.selenium.remote.ElementLocation.findElement(ElementLocation.java:59)
	at org.openqa.selenium.remote.RemoteWebDriver.findElement(RemoteWebDriver.java:380)
	at org.openqa.selenium.remote.RemoteWebDriver.findElement(RemoteWebDriver.java:374)
	at org.openqa.selenium.support.ui.ExpectedConditions$7.apply(ExpectedConditions.java:194)
	at org.openqa.selenium.support.ui.ExpectedConditions$7.apply(ExpectedConditions.java:190)
	at org.openqa.selenium.support.ui.ExpectedConditions$22.apply(ExpectedConditions.java:627)
	at org.openqa.selenium.support.ui.ExpectedConditions$22.apply(ExpectedConditions.java:624)
	at org.openqa.selenium.support.ui.FluentWait.until(FluentWait.java:203)
	at pages.BasePage.click(BasePage.java:25)
	at pages.LoginPage.clickIconAccountListArrow(LoginPage.java:42)
	at tests.LoginTest.Log_006_ValidLogout(LoginTest.java:154)
	at java.base/jdk.internal.reflect.DirectMethodHandleAccessor.invoke(DirectMethodHandleAccessor.java:103)
	at java.base/java.lang.reflect.Method.invoke(Method.java:580)
	at org.testng.internal.invokers.MethodInvocationHelper.invokeMethod(MethodInvocationHelper.java:141)
	at org.testng.internal.invokers.TestInvoker.invokeMethod(TestInvoker.java:687)
	at org.testng.internal.invokers.TestInvoker.invokeTestMethod(TestInvoker.java:230)
	at org.testng.internal.invokers.MethodRunner.runInSequence(MethodRunner.java:63)
	at org.testng.internal.invokers.TestInvoker$MethodInvocationAgent.invoke(TestInvoker.java:995)
	at org.testng.internal.invokers.TestInvoker.invokeTestMethods(TestInvoker.java:203)
	at org.testng.internal.invokers.TestMethodWorker.invokeTestMethods(TestMethodWorker.java:154)
	at org.testng.internal.invokers.TestMethodWorker.run(TestMethodWorker.java:134)
	at java.base/java.util.ArrayList.forEach(ArrayList.java:1596)
	at org.testng.TestRunner.privateRun(TestRunner.java:741)
	at org.testng.TestRunner.run(TestRunner.java:616)
	at org.testng.SuiteRunner.runTest(SuiteRunner.java:421)
	at org.testng.SuiteRunner.runSequentially(SuiteRunner.java:413)
	at org.testng.SuiteRunner.privateRun(SuiteRunner.java:373)
	at org.testng.SuiteRunner.run(SuiteRunner.java:312)
	at org.testng.SuiteRunnerWorker.runSuite(SuiteRunnerWorker.java:52)
	at org.testng.SuiteRunnerWorker.run(SuiteRunnerWorker.java:95)
	at org.testng.TestNG.runSuitesSequentially(TestNG.java:1274)
	at org.testng.TestNG.runSuitesLocally(TestNG.java:1208)
	at org.testng.TestNG.runSuites(TestNG.java:1112)
	at org.testng.TestNG.run(TestNG.java:1079)
	at org.testng.remote.AbstractRemoteTestNG.run(AbstractRemoteTestNG.java:115)
	at org.testng.remote.RemoteTestNG.initAndRun(RemoteTestNG.java:293)
	at org.testng.remote.RemoteTestNG.main(RemoteTestNG.java:91)
2026-08-21 22:51:57 [main] INFO  utils.LoggerUtil - Starting test case execution: Log_005
2026-08-21 22:52:02 [main] INFO  utils.LoggerUtil - [PASS] AccountListArrow Icon Clicked.
2026-08-21 22:52:02 [main] INFO  utils.LoggerUtil - [PASS] SignIn Button Clicked.
2026-08-21 22:52:04 [main] INFO  utils.LoggerUtil - [PASS] Username entered: vinnarasiv17@gmail.com
2026-08-21 22:52:06 [main] INFO  utils.LoggerUtil - [PASS] The Password entered.
2026-08-21 22:52:13 [main] INFO  utils.LoggerUtil - [PASS] SignInSubmit Button Clicked.
2026-08-21 22:52:13 [main] INFO  utils.LoggerUtil - [PASS] Test Case Log_005 User is able to login successfully. Dashboard Title: Online Shopping site in India: Shop Online for Mobiles, Books, Watches, Shoes and More - Amazon.in
2026-08-21 22:52:13 [main] INFO  utils.LoggerUtil - Starting test case execution: Log_006
2026-08-21 22:52:14 [main] INFO  utils.LoggerUtil - [PASS] AccountListArrow Icon Clicked.
2026-08-21 22:52:34 [main] ERROR utils.LoggerUtil - Expected condition failed: waiting for element to be clickable: By.xpath: //div[@class="nav-template nav-flyout-content"]//div[@id="nav-flyout-ya-signin"] (tried for 10 second(s) with 500 milliseconds interval)
Build info: version: '4.35.0', revision: '1c58e5028b'
System info: os.name: 'Windows 11', os.arch: 'amd64', os.version: '10.0', java.version: '21.0.12'
Driver info: org.openqa.selenium.chrome.ChromeDriver
Capabilities {acceptInsecureCerts: false, browserName: chrome, browserVersion: 151.0.7922.170, chrome: {chromedriverVersion: 151.0.7922.138 (41fa8244239..., userDataDir: C:\Users\DROOFF~1\AppData\L...}, fedcm:accounts: true, goog:chromeOptions: {debuggerAddress: localhost:49287}, goog:processID: 14728, networkConnectionEnabled: false, pageLoadStrategy: normal, platformName: windows, proxy: Proxy(), se:cdp: ws://localhost:49287/devtoo..., se:cdpVersion: 151.0.7922.170, setWindowRect: true, strictFileInteractability: false, timeouts: {implicit: 0, pageLoad: 300000, script: 30000}, unhandledPromptBehavior: dismiss and notify, webauthn:extension:credBlob: true, webauthn:extension:largeBlob: true, webauthn:extension:minPinLength: true, webauthn:extension:prf: true, webauthn:virtualAuthenticators: true}
Session ID: db6a8cf0eb3f1d470517e15910099a35
org.openqa.selenium.TimeoutException: Expected condition failed: waiting for element to be clickable: By.xpath: //div[@class="nav-template nav-flyout-content"]//div[@id="nav-flyout-ya-signin"] (tried for 10 second(s) with 500 milliseconds interval)
Build info: version: '4.35.0', revision: '1c58e5028b'
System info: os.name: 'Windows 11', os.arch: 'amd64', os.version: '10.0', java.version: '21.0.12'
Driver info: org.openqa.selenium.chrome.ChromeDriver
Capabilities {acceptInsecureCerts: false, browserName: chrome, browserVersion: 151.0.7922.170, chrome: {chromedriverVersion: 151.0.7922.138 (41fa8244239..., userDataDir: C:\Users\DROOFF~1\AppData\L...}, fedcm:accounts: true, goog:chromeOptions: {debuggerAddress: localhost:49287}, goog:processID: 14728, networkConnectionEnabled: false, pageLoadStrategy: normal, platformName: windows, proxy: Proxy(), se:cdp: ws://localhost:49287/devtoo..., se:cdpVersion: 151.0.7922.170, setWindowRect: true, strictFileInteractability: false, timeouts: {implicit: 0, pageLoad: 300000, script: 30000}, unhandledPromptBehavior: dismiss and notify, webauthn:extension:credBlob: true, webauthn:extension:largeBlob: true, webauthn:extension:minPinLength: true, webauthn:extension:prf: true, webauthn:virtualAuthenticators: true}
Session ID: db6a8cf0eb3f1d470517e15910099a35
	at org.openqa.selenium.support.ui.WebDriverWait.timeoutException(WebDriverWait.java:84)
	at org.openqa.selenium.support.ui.FluentWait.until(FluentWait.java:228)
	at pages.BasePage.click(BasePage.java:25)
	at pages.LoginPage.clickBtnSignIn(LoginPage.java:46)
	at tests.LoginTest.Log_006_ValidLogout(LoginTest.java:155)
	at java.base/jdk.internal.reflect.DirectMethodHandleAccessor.invoke(DirectMethodHandleAccessor.java:103)
	at java.base/java.lang.reflect.Method.invoke(Method.java:580)
	at org.testng.internal.invokers.MethodInvocationHelper.invokeMethod(MethodInvocationHelper.java:141)
	at org.testng.internal.invokers.TestInvoker.invokeMethod(TestInvoker.java:687)
	at org.testng.internal.invokers.TestInvoker.invokeTestMethod(TestInvoker.java:230)
	at org.testng.internal.invokers.MethodRunner.runInSequence(MethodRunner.java:63)
	at org.testng.internal.invokers.TestInvoker$MethodInvocationAgent.invoke(TestInvoker.java:995)
	at org.testng.internal.invokers.TestInvoker.invokeTestMethods(TestInvoker.java:203)
	at org.testng.internal.invokers.TestMethodWorker.invokeTestMethods(TestMethodWorker.java:154)
	at org.testng.internal.invokers.TestMethodWorker.run(TestMethodWorker.java:134)
	at java.base/java.util.ArrayList.forEach(ArrayList.java:1596)
	at org.testng.TestRunner.privateRun(TestRunner.java:741)
	at org.testng.TestRunner.run(TestRunner.java:616)
	at org.testng.SuiteRunner.runTest(SuiteRunner.java:421)
	at org.testng.SuiteRunner.runSequentially(SuiteRunner.java:413)
	at org.testng.SuiteRunner.privateRun(SuiteRunner.java:373)
	at org.testng.SuiteRunner.run(SuiteRunner.java:312)
	at org.testng.SuiteRunnerWorker.runSuite(SuiteRunnerWorker.java:52)
	at org.testng.SuiteRunnerWorker.run(SuiteRunnerWorker.java:95)
	at org.testng.TestNG.runSuitesSequentially(TestNG.java:1274)
	at org.testng.TestNG.runSuitesLocally(TestNG.java:1208)
	at org.testng.TestNG.runSuites(TestNG.java:1112)
	at org.testng.TestNG.run(TestNG.java:1079)
	at org.testng.remote.AbstractRemoteTestNG.run(AbstractRemoteTestNG.java:115)
	at org.testng.remote.RemoteTestNG.initAndRun(RemoteTestNG.java:293)
	at org.testng.remote.RemoteTestNG.main(RemoteTestNG.java:91)
2026-08-21 22:54:16 [main] INFO  utils.LoggerUtil - Starting test case execution: Log_005
2026-08-21 22:54:22 [main] INFO  utils.LoggerUtil - [PASS] AccountListArrow Icon Clicked.
2026-08-21 22:54:22 [main] INFO  utils.LoggerUtil - [PASS] SignIn Button Clicked.
2026-08-21 22:54:24 [main] INFO  utils.LoggerUtil - [PASS] Username entered: vinnarasiv17@gmail.com
2026-08-21 22:54:25 [main] INFO  utils.LoggerUtil - [PASS] The Password entered.
2026-08-21 22:54:31 [main] INFO  utils.LoggerUtil - [PASS] SignInSubmit Button Clicked.
2026-08-21 22:54:31 [main] INFO  utils.LoggerUtil - [PASS] Test Case Log_005 User is able to login successfully. Dashboard Title: Online Shopping site in India: Shop Online for Mobiles, Books, Watches, Shoes and More - Amazon.in
2026-08-21 22:54:35 [main] INFO  utils.LoggerUtil - Starting test case execution: Log_006
2026-08-21 22:54:42 [main] INFO  utils.LoggerUtil - [PASS] AccountListArrow Icon Clicked.
2026-08-21 22:54:42 [main] INFO  utils.LoggerUtil - [PASS] SignIn Button Clicked.
2026-08-21 22:54:45 [main] INFO  utils.LoggerUtil - [PASS] Username entered: vinnarasiv17@gmail.com
2026-08-21 22:54:47 [main] INFO  utils.LoggerUtil - [PASS] The Password entered.
2026-08-21 22:54:53 [main] INFO  utils.LoggerUtil - [PASS] SignInSubmit Button Clicked.
2026-08-21 22:54:53 [main] INFO  utils.LoggerUtil - Test Case  User is able to login successfully. Dashboard Title: Online Shopping site in India: Shop Online for Mobiles, Books, Watches, Shoes and More - Amazon.in
2026-08-21 22:54:54 [main] INFO  utils.LoggerUtil - [PASS] AccountListArrow Icon Clicked.
2026-08-21 22:54:58 [main] INFO  utils.LoggerUtil - [PASS] Signout link Clicked.
2026-08-21 22:54:58 [main] INFO  utils.LoggerUtil - [PASS] Test Case Log_006 User is able to logout successfully. Dashboard Title: Amazon Sign-In
2026-08-21 22:58:35 [main] INFO  utils.LoggerUtil - Starting test case execution: Log_005
2026-08-21 22:58:37 [main] INFO  utils.LoggerUtil - [PASS] AccountListArrow Icon Clicked.
2026-08-21 22:58:37 [main] INFO  utils.LoggerUtil - [PASS] SignIn Button Clicked.
2026-08-21 22:58:39 [main] INFO  utils.LoggerUtil - [PASS] Username entered: vinnarasiv17@gmail.com
2026-08-21 22:58:41 [main] INFO  utils.LoggerUtil - [PASS] The Password entered.
2026-08-21 22:58:46 [main] INFO  utils.LoggerUtil - [PASS] SignInSubmit Button Clicked.
2026-08-21 22:58:47 [main] INFO  utils.LoggerUtil - [PASS] Test Case Log_005 User is able to login successfully. Dashboard Title: Online Shopping site in India: Shop Online for Mobiles, Books, Watches, Shoes and More - Amazon.in
2026-08-21 22:58:47 [main] INFO  utils.LoggerUtil - Starting test case execution: Log_006
2026-08-21 22:58:48 [main] INFO  utils.LoggerUtil - [PASS] AccountListArrow Icon Clicked.
2026-08-21 22:59:08 [main] ERROR utils.LoggerUtil - Expected condition failed: waiting for element to be clickable: By.xpath: //div[@class="nav-template nav-flyout-content"]//div[@id="nav-flyout-ya-signin"] (tried for 10 second(s) with 500 milliseconds interval)
Build info: version: '4.35.0', revision: '1c58e5028b'
System info: os.name: 'Windows 11', os.arch: 'amd64', os.version: '10.0', java.version: '21.0.12'
Driver info: org.openqa.selenium.chrome.ChromeDriver
Capabilities {acceptInsecureCerts: false, browserName: chrome, browserVersion: 151.0.7922.170, chrome: {chromedriverVersion: 151.0.7922.138 (41fa8244239..., userDataDir: C:\Users\DROOFF~1\AppData\L...}, fedcm:accounts: true, goog:chromeOptions: {debuggerAddress: localhost:56179}, goog:processID: 14028, networkConnectionEnabled: false, pageLoadStrategy: normal, platformName: windows, proxy: Proxy(), se:cdp: ws://localhost:56179/devtoo..., se:cdpVersion: 151.0.7922.170, setWindowRect: true, strictFileInteractability: false, timeouts: {implicit: 0, pageLoad: 300000, script: 30000}, unhandledPromptBehavior: dismiss and notify, webauthn:extension:credBlob: true, webauthn:extension:largeBlob: true, webauthn:extension:minPinLength: true, webauthn:extension:prf: true, webauthn:virtualAuthenticators: true}
Session ID: 78f88f634245e6e8ff58aff97c3b59c3
org.openqa.selenium.TimeoutException: Expected condition failed: waiting for element to be clickable: By.xpath: //div[@class="nav-template nav-flyout-content"]//div[@id="nav-flyout-ya-signin"] (tried for 10 second(s) with 500 milliseconds interval)
Build info: version: '4.35.0', revision: '1c58e5028b'
System info: os.name: 'Windows 11', os.arch: 'amd64', os.version: '10.0', java.version: '21.0.12'
Driver info: org.openqa.selenium.chrome.ChromeDriver
Capabilities {acceptInsecureCerts: false, browserName: chrome, browserVersion: 151.0.7922.170, chrome: {chromedriverVersion: 151.0.7922.138 (41fa8244239..., userDataDir: C:\Users\DROOFF~1\AppData\L...}, fedcm:accounts: true, goog:chromeOptions: {debuggerAddress: localhost:56179}, goog:processID: 14028, networkConnectionEnabled: false, pageLoadStrategy: normal, platformName: windows, proxy: Proxy(), se:cdp: ws://localhost:56179/devtoo..., se:cdpVersion: 151.0.7922.170, setWindowRect: true, strictFileInteractability: false, timeouts: {implicit: 0, pageLoad: 300000, script: 30000}, unhandledPromptBehavior: dismiss and notify, webauthn:extension:credBlob: true, webauthn:extension:largeBlob: true, webauthn:extension:minPinLength: true, webauthn:extension:prf: true, webauthn:virtualAuthenticators: true}
Session ID: 78f88f634245e6e8ff58aff97c3b59c3
	at org.openqa.selenium.support.ui.WebDriverWait.timeoutException(WebDriverWait.java:84)
	at org.openqa.selenium.support.ui.FluentWait.until(FluentWait.java:228)
	at pages.BasePage.click(BasePage.java:25)
	at pages.LoginPage.clickBtnSignIn(LoginPage.java:46)
	at tests.LoginTest.Log_006_ValidLogout(LoginTest.java:155)
	at java.base/jdk.internal.reflect.DirectMethodHandleAccessor.invoke(DirectMethodHandleAccessor.java:103)
	at java.base/java.lang.reflect.Method.invoke(Method.java:580)
	at org.testng.internal.invokers.MethodInvocationHelper.invokeMethod(MethodInvocationHelper.java:141)
	at org.testng.internal.invokers.TestInvoker.invokeMethod(TestInvoker.java:687)
	at org.testng.internal.invokers.TestInvoker.invokeTestMethod(TestInvoker.java:230)
	at org.testng.internal.invokers.MethodRunner.runInSequence(MethodRunner.java:63)
	at org.testng.internal.invokers.TestInvoker$MethodInvocationAgent.invoke(TestInvoker.java:995)
	at org.testng.internal.invokers.TestInvoker.invokeTestMethods(TestInvoker.java:203)
	at org.testng.internal.invokers.TestMethodWorker.invokeTestMethods(TestMethodWorker.java:154)
	at org.testng.internal.invokers.TestMethodWorker.run(TestMethodWorker.java:134)
	at java.base/java.util.ArrayList.forEach(ArrayList.java:1596)
	at org.testng.TestRunner.privateRun(TestRunner.java:741)
	at org.testng.TestRunner.run(TestRunner.java:616)
	at org.testng.SuiteRunner.runTest(SuiteRunner.java:421)
	at org.testng.SuiteRunner.runSequentially(SuiteRunner.java:413)
	at org.testng.SuiteRunner.privateRun(SuiteRunner.java:373)
	at org.testng.SuiteRunner.run(SuiteRunner.java:312)
	at org.testng.SuiteRunnerWorker.runSuite(SuiteRunnerWorker.java:52)
	at org.testng.SuiteRunnerWorker.run(SuiteRunnerWorker.java:95)
	at org.testng.TestNG.runSuitesSequentially(TestNG.java:1274)
	at org.testng.TestNG.runSuitesLocally(TestNG.java:1208)
	at org.testng.TestNG.runSuites(TestNG.java:1112)
	at org.testng.TestNG.run(TestNG.java:1079)
	at org.testng.remote.AbstractRemoteTestNG.run(AbstractRemoteTestNG.java:115)
	at org.testng.remote.RemoteTestNG.initAndRun(RemoteTestNG.java:293)
	at org.testng.remote.RemoteTestNG.main(RemoteTestNG.java:91)
2026-08-21 22:59:52 [main] INFO  utils.LoggerUtil - Starting test case execution: Log_005
2026-08-21 23:18:56 [main] INFO  utils.LoggerUtil - [PASS] AccountListArrow Icon Clicked.
2026-08-21 23:18:57 [main] INFO  utils.LoggerUtil - [PASS] SignIn Button Clicked.
2026-08-21 23:18:57 [main] INFO  utils.LoggerUtil - [PASS] Username entered: vinnarasiv17@gmail.com
2026-08-21 23:19:00 [main] INFO  utils.LoggerUtil - [PASS] The Password entered.
2026-08-21 23:19:04 [main] INFO  utils.LoggerUtil - [PASS] SignInSubmit Button Clicked.
2026-08-21 23:56:03 [main] INFO  utils.LoggerUtil - [PASS] AccountListArrow Icon Clicked.
2026-08-21 23:56:03 [main] INFO  utils.LoggerUtil - [PASS] SignIn Button Clicked.
2026-08-21 23:56:05 [main] INFO  utils.LoggerUtil - [PASS] Username entered: vinnarasiv17@gmail.com
2026-08-21 23:56:07 [main] INFO  utils.LoggerUtil - [PASS] The Password entered.
2026-08-21 23:56:11 [main] INFO  utils.LoggerUtil - [PASS] SignInSubmit Button Clicked.
2026-08-21 23:56:12 [main] INFO  utils.LoggerUtil - Starting test case execution: Search_001
2026-08-21 23:59:44 [main] INFO  utils.LoggerUtil - [PASS] AccountListArrow Icon Clicked.
2026-08-21 23:59:44 [main] INFO  utils.LoggerUtil - [PASS] SignIn Button Clicked.
2026-08-21 23:59:46 [main] INFO  utils.LoggerUtil - [PASS] Username entered: vinnarasiv17@gmail.com
2026-08-21 23:59:47 [main] INFO  utils.LoggerUtil - [PASS] The Password entered.
2026-08-21 23:59:51 [main] INFO  utils.LoggerUtil - [PASS] SignInSubmit Button Clicked.
2026-08-21 23:59:53 [main] INFO  utils.LoggerUtil - Starting test case execution: Search_001
2026-08-22 00:01:55 [main] INFO  utils.LoggerUtil - [PASS] AccountListArrow Icon Clicked.
2026-08-22 00:01:55 [main] INFO  utils.LoggerUtil - [PASS] SignIn Button Clicked.
2026-08-22 00:01:56 [main] INFO  utils.LoggerUtil - [PASS] Username entered: vinnarasiv17@gmail.com
2026-08-22 00:01:58 [main] INFO  utils.LoggerUtil - [PASS] The Password entered.
2026-08-22 00:02:03 [main] INFO  utils.LoggerUtil - [PASS] SignInSubmit Button Clicked.
2026-08-22 00:02:04 [main] INFO  utils.LoggerUtil - Starting test case execution: Search_001
2026-08-22 00:04:21 [main] INFO  utils.LoggerUtil - [PASS] AccountListArrow Icon Clicked.
2026-08-22 00:04:21 [main] INFO  utils.LoggerUtil - [PASS] SignIn Button Clicked.
2026-08-22 00:04:22 [main] INFO  utils.LoggerUtil - [PASS] Username entered: vinnarasiv17@gmail.com
2026-08-22 00:04:24 [main] INFO  utils.LoggerUtil - [PASS] The Password entered.
2026-08-22 00:04:29 [main] INFO  utils.LoggerUtil - [PASS] SignInSubmit Button Clicked.
2026-08-22 00:04:30 [main] INFO  utils.LoggerUtil - Starting test case execution: Search_001
2026-08-26 18:03:41 [main] INFO  utils.LoggerUtil - Starting test case execution: Log_001
2026-08-26 18:03:43 [main] INFO  utils.LoggerUtil - [PASS] AccountListArrow Icon Clicked.
2026-08-26 18:03:43 [main] INFO  utils.LoggerUtil - [PASS] SignIn Button Clicked.
2026-08-26 18:03:48 [main] INFO  utils.LoggerUtil - [PASS] Username entered: InvalidUser
2026-08-26 18:03:48 [main] INFO  utils.LoggerUtil - [PASS] Test Case Log_001 Invalid username error message displayed successfully.
2026-08-26 18:03:52 [main] INFO  utils.LoggerUtil - Starting test case execution: Log_002
2026-08-26 18:03:57 [main] INFO  utils.LoggerUtil - [PASS] AccountListArrow Icon Clicked.
2026-08-26 18:03:57 [main] INFO  utils.LoggerUtil - [PASS] SignIn Button Clicked.
2026-08-26 18:04:01 [main] INFO  utils.LoggerUtil - [PASS] Username entered: vinnarasiv17@gmail.com
2026-08-26 18:04:03 [main] INFO  utils.LoggerUtil - [PASS] The Password entered.
2026-08-26 18:04:05 [main] INFO  utils.LoggerUtil - [PASS] SignInSubmit Button Clicked.
2026-08-26 18:04:05 [main] INFO  utils.LoggerUtil - [PASS] Test Case Log_002 Invalid username error message displayed successfully.
2026-08-26 18:04:11 [main] INFO  utils.LoggerUtil - Starting test case execution: Log_003
2026-08-26 18:04:21 [main] INFO  utils.LoggerUtil - [PASS] AccountListArrow Icon Clicked.
2026-08-26 18:04:22 [main] INFO  utils.LoggerUtil - [PASS] SignIn Button Clicked.
2026-08-26 18:04:25 [main] INFO  utils.LoggerUtil - [PASS] Username entered: 
2026-08-26 18:04:26 [main] INFO  utils.LoggerUtil - [PASS] Test Case Log_003 Enter your mobile number or email Error message displayed successfully.
2026-08-26 18:04:30 [main] INFO  utils.LoggerUtil - Starting test case execution: Log_004
2026-08-26 18:04:40 [main] INFO  utils.LoggerUtil - [PASS] AccountListArrow Icon Clicked.
2026-08-26 18:04:40 [main] INFO  utils.LoggerUtil - [PASS] SignIn Button Clicked.
2026-08-26 18:04:44 [main] INFO  utils.LoggerUtil - [PASS] Username entered: vinnarasiv17@gmail.com
2026-08-26 18:04:48 [main] INFO  utils.LoggerUtil - [PASS] The Password entered.
2026-08-26 18:04:48 [main] INFO  utils.LoggerUtil - [PASS] SignInSubmit Button Clicked.
2026-08-26 18:04:49 [main] INFO  utils.LoggerUtil - [PASS] Test Case Log_004 Enter your password Error message displayed successfully.
2026-08-26 18:04:52 [main] INFO  utils.LoggerUtil - Starting test case execution: Log_005
2026-08-26 18:05:19 [main] INFO  utils.LoggerUtil - Starting test case execution: Log_006
2026-08-26 18:05:46 [main] INFO  utils.LoggerUtil - [PASS] AccountListArrow Icon Clicked.
2026-08-26 18:05:47 [main] INFO  utils.LoggerUtil - [PASS] SignIn Button Clicked.
2026-08-26 18:05:51 [main] INFO  utils.LoggerUtil - [PASS] Username entered: vinnarasiv17@gmail.com
2026-08-26 18:05:55 [main] INFO  utils.LoggerUtil - [PASS] The Password entered.
2026-08-26 18:06:09 [main] INFO  utils.LoggerUtil - [PASS] SignInSubmit Button Clicked.
2026-08-26 18:06:09 [main] INFO  utils.LoggerUtil - Test Case  User is able to login successfully. Dashboard Title: Online Shopping site in India: Shop Online for Mobiles, Books, Watches, Shoes and More - Amazon.in
2026-08-26 18:06:09 [main] INFO  utils.LoggerUtil - [PASS] AccountListArrow Icon Clicked.
2026-08-26 18:06:15 [main] INFO  utils.LoggerUtil - [PASS] Signout link Clicked.
2026-08-26 18:06:15 [main] INFO  utils.LoggerUtil - [PASS] Test Case Log_006 User is able to logout successfully. Dashboard Title: Amazon Sign-In
2026-08-26 18:31:54 [main] INFO  utils.LoggerUtil - Starting test case execution: Log_001
2026-08-26 18:31:58 [main] INFO  utils.LoggerUtil - [PASS] AccountListArrow Icon Clicked.
2026-08-26 18:31:58 [main] INFO  utils.LoggerUtil - [PASS] SignIn Button Clicked.
2026-08-26 18:32:02 [main] INFO  utils.LoggerUtil - [PASS] Username entered: InvalidUser
2026-08-26 18:32:03 [main] INFO  utils.LoggerUtil - [PASS] Test Case Log_001 Invalid username error message displayed successfully.
2026-08-26 18:32:25 [main] ERROR utils.LoggerUtil - Skipping execution: Test Case ID 'Log_006' has ExecuteFlag set to 'N' or does not exist.
org.testng.SkipException: Skipping execution: Test Case ID 'Log_006' has ExecuteFlag set to 'N' or does not exist.
	at utils.ExcelUtil.getCellData(ExcelUtil.java:81)
	at tests.LoginTest.Log_006_ValidLogout(LoginTest.java:149)
	at java.base/jdk.internal.reflect.DirectMethodHandleAccessor.invoke(DirectMethodHandleAccessor.java:103)
	at java.base/java.lang.reflect.Method.invoke(Method.java:580)
	at org.testng.internal.invokers.MethodInvocationHelper.invokeMethod(MethodInvocationHelper.java:141)
	at org.testng.internal.invokers.TestInvoker.invokeMethod(TestInvoker.java:687)
	at org.testng.internal.invokers.TestInvoker.invokeTestMethod(TestInvoker.java:230)
	at org.testng.internal.invokers.MethodRunner.runInSequence(MethodRunner.java:63)
	at org.testng.internal.invokers.TestInvoker$MethodInvocationAgent.invoke(TestInvoker.java:995)
	at org.testng.internal.invokers.TestInvoker.invokeTestMethods(TestInvoker.java:203)
	at org.testng.internal.invokers.TestMethodWorker.invokeTestMethods(TestMethodWorker.java:154)
	at org.testng.internal.invokers.TestMethodWorker.run(TestMethodWorker.java:134)
	at java.base/java.util.ArrayList.forEach(ArrayList.java:1596)
	at org.testng.TestRunner.privateRun(TestRunner.java:741)
	at org.testng.TestRunner.run(TestRunner.java:616)
	at org.testng.SuiteRunner.runTest(SuiteRunner.java:421)
	at org.testng.SuiteRunner.runSequentially(SuiteRunner.java:413)
	at org.testng.SuiteRunner.privateRun(SuiteRunner.java:373)
	at org.testng.SuiteRunner.run(SuiteRunner.java:312)
	at org.testng.SuiteRunnerWorker.runSuite(SuiteRunnerWorker.java:52)
	at org.testng.SuiteRunnerWorker.run(SuiteRunnerWorker.java:95)
	at org.testng.TestNG.runSuitesSequentially(TestNG.java:1274)
	at org.testng.TestNG.runSuitesLocally(TestNG.java:1208)
	at org.testng.TestNG.runSuites(TestNG.java:1112)
	at org.testng.TestNG.run(TestNG.java:1079)
	at org.testng.remote.AbstractRemoteTestNG.run(AbstractRemoteTestNG.java:115)
	at org.testng.remote.RemoteTestNG.initAndRun(RemoteTestNG.java:293)
	at org.testng.remote.RemoteTestNG.main(RemoteTestNG.java:91)
2026-08-26 18:33:59 [main] INFO  utils.LoggerUtil - Starting test case execution: Log_001
2026-08-26 18:34:11 [main] INFO  utils.LoggerUtil - [PASS] AccountListArrow Icon Clicked.
2026-08-26 18:34:11 [main] INFO  utils.LoggerUtil - [PASS] SignIn Button Clicked.
2026-08-26 18:34:15 [main] INFO  utils.LoggerUtil - [PASS] Username entered: InvalidUser
2026-08-26 18:34:16 [main] INFO  utils.LoggerUtil - [PASS] Test Case Log_001 Invalid username error message displayed successfully.
2026-08-26 18:34:16 [main] ERROR utils.LoggerUtil - Skipping execution: Test Case ID 'Log_006' has ExecuteFlag set to 'N' or does not exist.
org.testng.SkipException: Skipping execution: Test Case ID 'Log_006' has ExecuteFlag set to 'N' or does not exist.
	at utils.ExcelUtil.getCellData(ExcelUtil.java:81)
	at tests.LoginTest.Log_006_ValidLogout(LoginTest.java:149)
	at java.base/jdk.internal.reflect.DirectMethodHandleAccessor.invoke(DirectMethodHandleAccessor.java:103)
	at java.base/java.lang.reflect.Method.invoke(Method.java:580)
	at org.testng.internal.invokers.MethodInvocationHelper.invokeMethod(MethodInvocationHelper.java:141)
	at org.testng.internal.invokers.TestInvoker.invokeMethod(TestInvoker.java:687)
	at org.testng.internal.invokers.TestInvoker.invokeTestMethod(TestInvoker.java:230)
	at org.testng.internal.invokers.MethodRunner.runInSequence(MethodRunner.java:63)
	at org.testng.internal.invokers.TestInvoker$MethodInvocationAgent.invoke(TestInvoker.java:995)
	at org.testng.internal.invokers.TestInvoker.invokeTestMethods(TestInvoker.java:203)
	at org.testng.internal.invokers.TestMethodWorker.invokeTestMethods(TestMethodWorker.java:154)
	at org.testng.internal.invokers.TestMethodWorker.run(TestMethodWorker.java:134)
	at java.base/java.util.ArrayList.forEach(ArrayList.java:1596)
	at org.testng.TestRunner.privateRun(TestRunner.java:741)
	at org.testng.TestRunner.run(TestRunner.java:616)
	at org.testng.SuiteRunner.runTest(SuiteRunner.java:421)
	at org.testng.SuiteRunner.runSequentially(SuiteRunner.java:413)
	at org.testng.SuiteRunner.privateRun(SuiteRunner.java:373)
	at org.testng.SuiteRunner.run(SuiteRunner.java:312)
	at org.testng.SuiteRunnerWorker.runSuite(SuiteRunnerWorker.java:52)
	at org.testng.SuiteRunnerWorker.run(SuiteRunnerWorker.java:95)
	at org.testng.TestNG.runSuitesSequentially(TestNG.java:1274)
	at org.testng.TestNG.runSuitesLocally(TestNG.java:1208)
	at org.testng.TestNG.runSuites(TestNG.java:1112)
	at org.testng.TestNG.run(TestNG.java:1079)
	at org.testng.remote.AbstractRemoteTestNG.run(AbstractRemoteTestNG.java:115)
	at org.testng.remote.RemoteTestNG.initAndRun(RemoteTestNG.java:293)
	at org.testng.remote.RemoteTestNG.main(RemoteTestNG.java:91)
2026-08-26 18:35:44 [main] INFO  utils.LoggerUtil - Starting test case execution: Log_002
2026-08-26 18:35:51 [main] INFO  utils.LoggerUtil - [PASS] AccountListArrow Icon Clicked.
2026-08-26 18:35:51 [main] INFO  utils.LoggerUtil - [PASS] SignIn Button Clicked.
2026-08-26 18:35:53 [main] INFO  utils.LoggerUtil - [PASS] Username entered: vinnarasiv17@gmail.com
2026-08-26 18:35:56 [main] INFO  utils.LoggerUtil - [PASS] The Password entered.
2026-08-26 18:35:57 [main] INFO  utils.LoggerUtil - [PASS] SignInSubmit Button Clicked.
2026-08-26 18:35:58 [main] INFO  utils.LoggerUtil - [PASS] Test Case Log_002 Invalid username error message displayed successfully.
2026-08-26 18:35:58 [main] ERROR utils.LoggerUtil - Skipping execution: Test Case ID 'Log_006' has ExecuteFlag set to 'N' or does not exist.
org.testng.SkipException: Skipping execution: Test Case ID 'Log_006' has ExecuteFlag set to 'N' or does not exist.
	at utils.ExcelUtil.getCellData(ExcelUtil.java:81)
	at tests.LoginTest.Log_006_ValidLogout(LoginTest.java:149)
	at java.base/jdk.internal.reflect.DirectMethodHandleAccessor.invoke(DirectMethodHandleAccessor.java:103)
	at java.base/java.lang.reflect.Method.invoke(Method.java:580)
	at org.testng.internal.invokers.MethodInvocationHelper.invokeMethod(MethodInvocationHelper.java:141)
	at org.testng.internal.invokers.TestInvoker.invokeMethod(TestInvoker.java:687)
	at org.testng.internal.invokers.TestInvoker.invokeTestMethod(TestInvoker.java:230)
	at org.testng.internal.invokers.MethodRunner.runInSequence(MethodRunner.java:63)
	at org.testng.internal.invokers.TestInvoker$MethodInvocationAgent.invoke(TestInvoker.java:995)
	at org.testng.internal.invokers.TestInvoker.invokeTestMethods(TestInvoker.java:203)
	at org.testng.internal.invokers.TestMethodWorker.invokeTestMethods(TestMethodWorker.java:154)
	at org.testng.internal.invokers.TestMethodWorker.run(TestMethodWorker.java:134)
	at java.base/java.util.ArrayList.forEach(ArrayList.java:1596)
	at org.testng.TestRunner.privateRun(TestRunner.java:741)
	at org.testng.TestRunner.run(TestRunner.java:616)
	at org.testng.SuiteRunner.runTest(SuiteRunner.java:421)
	at org.testng.SuiteRunner.runSequentially(SuiteRunner.java:413)
	at org.testng.SuiteRunner.privateRun(SuiteRunner.java:373)
	at org.testng.SuiteRunner.run(SuiteRunner.java:312)
	at org.testng.SuiteRunnerWorker.runSuite(SuiteRunnerWorker.java:52)
	at org.testng.SuiteRunnerWorker.run(SuiteRunnerWorker.java:95)
	at org.testng.TestNG.runSuitesSequentially(TestNG.java:1274)
	at org.testng.TestNG.runSuitesLocally(TestNG.java:1208)
	at org.testng.TestNG.runSuites(TestNG.java:1112)
	at org.testng.TestNG.run(TestNG.java:1079)
	at org.testng.remote.AbstractRemoteTestNG.run(AbstractRemoteTestNG.java:115)
	at org.testng.remote.RemoteTestNG.initAndRun(RemoteTestNG.java:293)
	at org.testng.remote.RemoteTestNG.main(RemoteTestNG.java:91)
2026-08-26 18:37:06 [main] INFO  utils.LoggerUtil - Starting test case execution: Log_003
2026-08-26 18:37:06 [main] INFO  utils.LoggerUtil - [PASS] AccountListArrow Icon Clicked.
2026-08-26 18:37:07 [main] INFO  utils.LoggerUtil - [PASS] SignIn Button Clicked.
2026-08-26 18:37:09 [main] INFO  utils.LoggerUtil - [PASS] Username entered: 
2026-08-26 18:37:10 [main] INFO  utils.LoggerUtil - [PASS] Test Case Log_003 Enter your mobile number or email Error message displayed successfully.
2026-08-26 18:37:10 [main] INFO  utils.LoggerUtil - Starting test case execution: Log_004
2026-08-26 18:37:31 [main] INFO  utils.LoggerUtil - Starting test case execution: Log_005
2026-08-26 18:37:52 [main] ERROR utils.LoggerUtil - Skipping execution: Test Case ID 'Log_006' has ExecuteFlag set to 'N' or does not exist.
org.testng.SkipException: Skipping execution: Test Case ID 'Log_006' has ExecuteFlag set to 'N' or does not exist.
	at utils.ExcelUtil.getCellData(ExcelUtil.java:81)
	at tests.LoginTest.Log_006_ValidLogout(LoginTest.java:149)
	at java.base/jdk.internal.reflect.DirectMethodHandleAccessor.invoke(DirectMethodHandleAccessor.java:103)
	at java.base/java.lang.reflect.Method.invoke(Method.java:580)
	at org.testng.internal.invokers.MethodInvocationHelper.invokeMethod(MethodInvocationHelper.java:141)
	at org.testng.internal.invokers.TestInvoker.invokeMethod(TestInvoker.java:687)
	at org.testng.internal.invokers.TestInvoker.invokeTestMethod(TestInvoker.java:230)
	at org.testng.internal.invokers.MethodRunner.runInSequence(MethodRunner.java:63)
	at org.testng.internal.invokers.TestInvoker$MethodInvocationAgent.invoke(TestInvoker.java:995)
	at org.testng.internal.invokers.TestInvoker.invokeTestMethods(TestInvoker.java:203)
	at org.testng.internal.invokers.TestMethodWorker.invokeTestMethods(TestMethodWorker.java:154)
	at org.testng.internal.invokers.TestMethodWorker.run(TestMethodWorker.java:134)
	at java.base/java.util.ArrayList.forEach(ArrayList.java:1596)
	at org.testng.TestRunner.privateRun(TestRunner.java:741)
	at org.testng.TestRunner.run(TestRunner.java:616)
	at org.testng.SuiteRunner.runTest(SuiteRunner.java:421)
	at org.testng.SuiteRunner.runSequentially(SuiteRunner.java:413)
	at org.testng.SuiteRunner.privateRun(SuiteRunner.java:373)
	at org.testng.SuiteRunner.run(SuiteRunner.java:312)
	at org.testng.SuiteRunnerWorker.runSuite(SuiteRunnerWorker.java:52)
	at org.testng.SuiteRunnerWorker.run(SuiteRunnerWorker.java:95)
	at org.testng.TestNG.runSuitesSequentially(TestNG.java:1274)
	at org.testng.TestNG.runSuitesLocally(TestNG.java:1208)
	at org.testng.TestNG.runSuites(TestNG.java:1112)
	at org.testng.TestNG.run(TestNG.java:1079)
	at org.testng.remote.AbstractRemoteTestNG.run(AbstractRemoteTestNG.java:115)
	at org.testng.remote.RemoteTestNG.initAndRun(RemoteTestNG.java:293)
	at org.testng.remote.RemoteTestNG.main(RemoteTestNG.java:91)
2026-08-26 18:46:11 [main] INFO  utils.LoggerUtil - Starting test case execution: Log_003
2026-08-26 18:46:18 [main] INFO  utils.LoggerUtil - [PASS] AccountListArrow Icon Clicked.
2026-08-26 18:46:19 [main] INFO  utils.LoggerUtil - [PASS] SignIn Button Clicked.
2026-08-26 18:46:22 [main] INFO  utils.LoggerUtil - [PASS] Username entered: 
2026-08-26 18:46:23 [main] INFO  utils.LoggerUtil - [PASS] Test Case Log_003 Enter your mobile number or email Error message displayed successfully.
2026-08-26 18:46:23 [main] INFO  utils.LoggerUtil - Starting test case execution: Log_004
2026-08-26 18:46:44 [main] INFO  utils.LoggerUtil - Starting test case execution: Log_005
2026-08-26 18:48:22 [main] INFO  utils.LoggerUtil - Starting test case execution: Log_003
2026-08-26 18:49:09 [main] INFO  utils.LoggerUtil - Starting test case execution: Log_003
2026-08-26 18:49:55 [main] INFO  utils.LoggerUtil - Starting test case execution: Log_003
2026-08-26 18:50:01 [main] INFO  utils.LoggerUtil - [PASS] AccountListArrow Icon Clicked.
2026-08-26 18:50:01 [main] INFO  utils.LoggerUtil - [PASS] SignIn Button Clicked.
2026-08-26 18:50:04 [main] INFO  utils.LoggerUtil - [PASS] Username entered: 
2026-08-26 18:50:05 [main] INFO  utils.LoggerUtil - [PASS] Test Case Log_003 Enter your mobile number or email Error message displayed successfully.
2026-08-26 18:50:05 [main] INFO  utils.LoggerUtil - Starting test case execution: Log_004
2026-08-26 18:51:24 [main] INFO  utils.LoggerUtil - Starting test case execution: Log_003
2026-08-26 18:51:36 [main] INFO  utils.LoggerUtil - [PASS] AccountListArrow Icon Clicked.
2026-08-26 18:51:36 [main] INFO  utils.LoggerUtil - [PASS] SignIn Button Clicked.
2026-08-26 18:51:42 [main] INFO  utils.LoggerUtil - [PASS] Username entered: 
2026-08-26 18:51:43 [main] INFO  utils.LoggerUtil - [PASS] Test Case Log_003 Enter your mobile number or email Error message displayed successfully.
2026-08-26 18:51:43 [main] ERROR utils.LoggerUtil - Skipping execution: Test Case ID 'Log_006' has ExecuteFlag set to 'N' or does not exist.
org.testng.SkipException: Skipping execution: Test Case ID 'Log_006' has ExecuteFlag set to 'N' or does not exist.
	at utils.ExcelUtil.getCellData(ExcelUtil.java:81)
	at tests.LoginTest.Log_006_ValidLogout(LoginTest.java:149)
	at java.base/jdk.internal.reflect.DirectMethodHandleAccessor.invoke(DirectMethodHandleAccessor.java:103)
	at java.base/java.lang.reflect.Method.invoke(Method.java:580)
	at org.testng.internal.invokers.MethodInvocationHelper.invokeMethod(MethodInvocationHelper.java:141)
	at org.testng.internal.invokers.TestInvoker.invokeMethod(TestInvoker.java:687)
	at org.testng.internal.invokers.TestInvoker.invokeTestMethod(TestInvoker.java:230)
	at org.testng.internal.invokers.MethodRunner.runInSequence(MethodRunner.java:63)
	at org.testng.internal.invokers.TestInvoker$MethodInvocationAgent.invoke(TestInvoker.java:995)
	at org.testng.internal.invokers.TestInvoker.invokeTestMethods(TestInvoker.java:203)
	at org.testng.internal.invokers.TestMethodWorker.invokeTestMethods(TestMethodWorker.java:154)
	at org.testng.internal.invokers.TestMethodWorker.run(TestMethodWorker.java:134)
	at java.base/java.util.ArrayList.forEach(ArrayList.java:1596)
	at org.testng.TestRunner.privateRun(TestRunner.java:741)
	at org.testng.TestRunner.run(TestRunner.java:616)
	at org.testng.SuiteRunner.runTest(SuiteRunner.java:421)
	at org.testng.SuiteRunner.runSequentially(SuiteRunner.java:413)
	at org.testng.SuiteRunner.privateRun(SuiteRunner.java:373)
	at org.testng.SuiteRunner.run(SuiteRunner.java:312)
	at org.testng.SuiteRunnerWorker.runSuite(SuiteRunnerWorker.java:52)
	at org.testng.SuiteRunnerWorker.run(SuiteRunnerWorker.java:95)
	at org.testng.TestNG.runSuitesSequentially(TestNG.java:1274)
	at org.testng.TestNG.runSuitesLocally(TestNG.java:1208)
	at org.testng.TestNG.runSuites(TestNG.java:1112)
	at org.testng.TestNG.run(TestNG.java:1079)
	at org.testng.remote.AbstractRemoteTestNG.run(AbstractRemoteTestNG.java:115)
	at org.testng.remote.RemoteTestNG.initAndRun(RemoteTestNG.java:293)
	at org.testng.remote.RemoteTestNG.main(RemoteTestNG.java:91)
2026-08-26 19:01:17 [main] INFO  utils.LoggerUtil - Starting test case execution: Log_003
2026-08-26 19:01:22 [main] INFO  utils.LoggerUtil - [PASS] AccountListArrow Icon Clicked.
2026-08-26 19:01:22 [main] INFO  utils.LoggerUtil - [PASS] SignIn Button Clicked.
2026-08-26 19:01:24 [main] INFO  utils.LoggerUtil - [PASS] Username entered: 
2026-08-26 19:01:24 [main] INFO  utils.LoggerUtil - [PASS] Test Case Log_003 Enter your mobile number or email Error message displayed successfully.
2026-08-26 19:01:29 [main] INFO  utils.LoggerUtil - Starting test case execution: Log_004
2026-08-26 19:01:33 [main] INFO  utils.LoggerUtil - [PASS] AccountListArrow Icon Clicked.
2026-08-26 19:01:34 [main] INFO  utils.LoggerUtil - [PASS] SignIn Button Clicked.
2026-08-26 19:01:36 [main] INFO  utils.LoggerUtil - [PASS] Username entered: vinnarasiv17@gmail.com
2026-08-26 19:01:38 [main] INFO  utils.LoggerUtil - [PASS] The Password entered.
2026-08-26 19:01:39 [main] INFO  utils.LoggerUtil - [PASS] SignInSubmit Button Clicked.
2026-08-26 19:01:39 [main] INFO  utils.LoggerUtil - [PASS] Test Case Log_004 Enter your password Error message displayed successfully.
2026-08-26 19:02:13 [main] ERROR utils.LoggerUtil - Skipping execution: Test Case ID 'Log_006' has ExecuteFlag set to 'N' or does not exist.
org.testng.SkipException: Skipping execution: Test Case ID 'Log_006' has ExecuteFlag set to 'N' or does not exist.
	at utils.ExcelUtil.getCellData(ExcelUtil.java:81)
	at tests.LoginTest.Log_006_ValidLogout(LoginTest.java:149)
	at java.base/jdk.internal.reflect.DirectMethodHandleAccessor.invoke(DirectMethodHandleAccessor.java:103)
	at java.base/java.lang.reflect.Method.invoke(Method.java:580)
	at org.testng.internal.invokers.MethodInvocationHelper.invokeMethod(MethodInvocationHelper.java:141)
	at org.testng.internal.invokers.TestInvoker.invokeMethod(TestInvoker.java:687)
	at org.testng.internal.invokers.TestInvoker.invokeTestMethod(TestInvoker.java:230)
	at org.testng.internal.invokers.MethodRunner.runInSequence(MethodRunner.java:63)
	at org.testng.internal.invokers.TestInvoker$MethodInvocationAgent.invoke(TestInvoker.java:995)
	at org.testng.internal.invokers.TestInvoker.invokeTestMethods(TestInvoker.java:203)
	at org.testng.internal.invokers.TestMethodWorker.invokeTestMethods(TestMethodWorker.java:154)
	at org.testng.internal.invokers.TestMethodWorker.run(TestMethodWorker.java:134)
	at java.base/java.util.ArrayList.forEach(ArrayList.java:1596)
	at org.testng.TestRunner.privateRun(TestRunner.java:741)
	at org.testng.TestRunner.run(TestRunner.java:616)
	at org.testng.SuiteRunner.runTest(SuiteRunner.java:421)
	at org.testng.SuiteRunner.runSequentially(SuiteRunner.java:413)
	at org.testng.SuiteRunner.privateRun(SuiteRunner.java:373)
	at org.testng.SuiteRunner.run(SuiteRunner.java:312)
	at org.testng.SuiteRunnerWorker.runSuite(SuiteRunnerWorker.java:52)
	at org.testng.SuiteRunnerWorker.run(SuiteRunnerWorker.java:95)
	at org.testng.TestNG.runSuitesSequentially(TestNG.java:1274)
	at org.testng.TestNG.runSuitesLocally(TestNG.java:1208)
	at org.testng.TestNG.runSuites(TestNG.java:1112)
	at org.testng.TestNG.run(TestNG.java:1079)
	at org.testng.remote.AbstractRemoteTestNG.run(AbstractRemoteTestNG.java:115)
	at org.testng.remote.RemoteTestNG.initAndRun(RemoteTestNG.java:293)
	at org.testng.remote.RemoteTestNG.main(RemoteTestNG.java:91)
2026-08-26 19:03:58 [main] INFO  utils.LoggerUtil - Starting test case execution: Log_003
2026-08-26 19:04:02 [main] INFO  utils.LoggerUtil - [PASS] AccountListArrow Icon Clicked.
2026-08-26 19:04:02 [main] INFO  utils.LoggerUtil - [PASS] SignIn Button Clicked.
2026-08-26 19:04:04 [main] INFO  utils.LoggerUtil - [PASS] Username entered: 
2026-08-26 19:04:04 [main] INFO  utils.LoggerUtil - [PASS] Test Case Log_003 Enter your mobile number or email Error message displayed successfully.
2026-08-26 19:04:04 [main] INFO  utils.LoggerUtil - Starting test case execution: Log_004
2026-08-26 19:04:25 [main] ERROR utils.LoggerUtil - Skipping execution: Test Case ID 'Log_006' has ExecuteFlag set to 'N' or does not exist.
org.testng.SkipException: Skipping execution: Test Case ID 'Log_006' has ExecuteFlag set to 'N' or does not exist.
	at utils.ExcelUtil.getCellData(ExcelUtil.java:81)
	at tests.LoginTest.Log_006_ValidLogout(LoginTest.java:149)
	at java.base/jdk.internal.reflect.DirectMethodHandleAccessor.invoke(DirectMethodHandleAccessor.java:103)
	at java.base/java.lang.reflect.Method.invoke(Method.java:580)
	at org.testng.internal.invokers.MethodInvocationHelper.invokeMethod(MethodInvocationHelper.java:141)
	at org.testng.internal.invokers.TestInvoker.invokeMethod(TestInvoker.java:687)
	at org.testng.internal.invokers.TestInvoker.invokeTestMethod(TestInvoker.java:230)
	at org.testng.internal.invokers.MethodRunner.runInSequence(MethodRunner.java:63)
	at org.testng.internal.invokers.TestInvoker$MethodInvocationAgent.invoke(TestInvoker.java:995)
	at org.testng.internal.invokers.TestInvoker.invokeTestMethods(TestInvoker.java:203)
	at org.testng.internal.invokers.TestMethodWorker.invokeTestMethods(TestMethodWorker.java:154)
	at org.testng.internal.invokers.TestMethodWorker.run(TestMethodWorker.java:134)
	at java.base/java.util.ArrayList.forEach(ArrayList.java:1596)
	at org.testng.TestRunner.privateRun(TestRunner.java:741)
	at org.testng.TestRunner.run(TestRunner.java:616)
	at org.testng.SuiteRunner.runTest(SuiteRunner.java:421)
	at org.testng.SuiteRunner.runSequentially(SuiteRunner.java:413)
	at org.testng.SuiteRunner.privateRun(SuiteRunner.java:373)
	at org.testng.SuiteRunner.run(SuiteRunner.java:312)
	at org.testng.SuiteRunnerWorker.runSuite(SuiteRunnerWorker.java:52)
	at org.testng.SuiteRunnerWorker.run(SuiteRunnerWorker.java:95)
	at org.testng.TestNG.runSuitesSequentially(TestNG.java:1274)
	at org.testng.TestNG.runSuitesLocally(TestNG.java:1208)
	at org.testng.TestNG.runSuites(TestNG.java:1112)
	at org.testng.TestNG.run(TestNG.java:1079)
	at org.testng.remote.AbstractRemoteTestNG.run(AbstractRemoteTestNG.java:115)
	at org.testng.remote.RemoteTestNG.initAndRun(RemoteTestNG.java:293)
	at org.testng.remote.RemoteTestNG.main(RemoteTestNG.java:91)
2026-08-26 19:05:03 [main] INFO  utils.LoggerUtil - Starting test case execution: Log_003
2026-08-26 19:05:17 [main] INFO  utils.LoggerUtil - [PASS] AccountListArrow Icon Clicked.
2026-08-26 19:05:17 [main] INFO  utils.LoggerUtil - [PASS] SignIn Button Clicked.
2026-08-26 19:05:21 [main] INFO  utils.LoggerUtil - [PASS] Username entered: 
2026-08-26 19:05:21 [main] INFO  utils.LoggerUtil - [PASS] Test Case Log_003 Enter your mobile number or email Error message displayed successfully.
2026-08-26 19:05:21 [main] INFO  utils.LoggerUtil - Starting test case execution: Log_004
2026-08-26 19:05:42 [main] ERROR utils.LoggerUtil - Skipping execution: Test Case ID 'Log_006' has ExecuteFlag set to 'N' or does not exist.
org.testng.SkipException: Skipping execution: Test Case ID 'Log_006' has ExecuteFlag set to 'N' or does not exist.
	at utils.ExcelUtil.getCellData(ExcelUtil.java:81)
	at tests.LoginTest.Log_006_ValidLogout(LoginTest.java:149)
	at java.base/jdk.internal.reflect.DirectMethodHandleAccessor.invoke(DirectMethodHandleAccessor.java:103)
	at java.base/java.lang.reflect.Method.invoke(Method.java:580)
	at org.testng.internal.invokers.MethodInvocationHelper.invokeMethod(MethodInvocationHelper.java:141)
	at org.testng.internal.invokers.TestInvoker.invokeMethod(TestInvoker.java:687)
	at org.testng.internal.invokers.TestInvoker.invokeTestMethod(TestInvoker.java:230)
	at org.testng.internal.invokers.MethodRunner.runInSequence(MethodRunner.java:63)
	at org.testng.internal.invokers.TestInvoker$MethodInvocationAgent.invoke(TestInvoker.java:995)
	at org.testng.internal.invokers.TestInvoker.invokeTestMethods(TestInvoker.java:203)
	at org.testng.internal.invokers.TestMethodWorker.invokeTestMethods(TestMethodWorker.java:154)
	at org.testng.internal.invokers.TestMethodWorker.run(TestMethodWorker.java:134)
	at java.base/java.util.ArrayList.forEach(ArrayList.java:1596)
	at org.testng.TestRunner.privateRun(TestRunner.java:741)
	at org.testng.TestRunner.run(TestRunner.java:616)
	at org.testng.SuiteRunner.runTest(SuiteRunner.java:421)
	at org.testng.SuiteRunner.runSequentially(SuiteRunner.java:413)
	at org.testng.SuiteRunner.privateRun(SuiteRunner.java:373)
	at org.testng.SuiteRunner.run(SuiteRunner.java:312)
	at org.testng.SuiteRunnerWorker.runSuite(SuiteRunnerWorker.java:52)
	at org.testng.SuiteRunnerWorker.run(SuiteRunnerWorker.java:95)
	at org.testng.TestNG.runSuitesSequentially(TestNG.java:1274)
	at org.testng.TestNG.runSuitesLocally(TestNG.java:1208)
	at org.testng.TestNG.runSuites(TestNG.java:1112)
	at org.testng.TestNG.run(TestNG.java:1079)
	at org.testng.remote.AbstractRemoteTestNG.run(AbstractRemoteTestNG.java:115)
	at org.testng.remote.RemoteTestNG.initAndRun(RemoteTestNG.java:293)
	at org.testng.remote.RemoteTestNG.main(RemoteTestNG.java:91)
2026-08-26 19:08:22 [main] INFO  utils.LoggerUtil - Starting test case execution: Log_003
2026-08-26 19:08:24 [main] INFO  utils.LoggerUtil - [PASS] AccountListArrow Icon Clicked.
2026-08-26 19:08:25 [main] INFO  utils.LoggerUtil - [PASS] SignIn Button Clicked.
2026-08-26 19:08:26 [main] INFO  utils.LoggerUtil - [PASS] Username entered: 
2026-08-26 19:08:27 [main] INFO  utils.LoggerUtil - [PASS] Test Case Log_003 Enter your mobile number or email Error message displayed successfully.
2026-08-26 19:08:27 [main] ERROR utils.LoggerUtil - Skipping execution: Test Case ID 'Log_006' has ExecuteFlag set to 'N' or does not exist.
org.testng.SkipException: Skipping execution: Test Case ID 'Log_006' has ExecuteFlag set to 'N' or does not exist.
	at utils.ExcelUtil.getCellData(ExcelUtil.java:81)
	at tests.LoginTest.Log_006_ValidLogout(LoginTest.java:136)
	at java.base/jdk.internal.reflect.DirectMethodHandleAccessor.invoke(DirectMethodHandleAccessor.java:103)
	at java.base/java.lang.reflect.Method.invoke(Method.java:580)
	at org.testng.internal.invokers.MethodInvocationHelper.invokeMethod(MethodInvocationHelper.java:141)
	at org.testng.internal.invokers.TestInvoker.invokeMethod(TestInvoker.java:687)
	at org.testng.internal.invokers.TestInvoker.invokeTestMethod(TestInvoker.java:230)
	at org.testng.internal.invokers.MethodRunner.runInSequence(MethodRunner.java:63)
	at org.testng.internal.invokers.TestInvoker$MethodInvocationAgent.invoke(TestInvoker.java:995)
	at org.testng.internal.invokers.TestInvoker.invokeTestMethods(TestInvoker.java:203)
	at org.testng.internal.invokers.TestMethodWorker.invokeTestMethods(TestMethodWorker.java:154)
	at org.testng.internal.invokers.TestMethodWorker.run(TestMethodWorker.java:134)
	at java.base/java.util.ArrayList.forEach(ArrayList.java:1596)
	at org.testng.TestRunner.privateRun(TestRunner.java:741)
	at org.testng.TestRunner.run(TestRunner.java:616)
	at org.testng.SuiteRunner.runTest(SuiteRunner.java:421)
	at org.testng.SuiteRunner.runSequentially(SuiteRunner.java:413)
	at org.testng.SuiteRunner.privateRun(SuiteRunner.java:373)
	at org.testng.SuiteRunner.run(SuiteRunner.java:312)
	at org.testng.SuiteRunnerWorker.runSuite(SuiteRunnerWorker.java:52)
	at org.testng.SuiteRunnerWorker.run(SuiteRunnerWorker.java:95)
	at org.testng.TestNG.runSuitesSequentially(TestNG.java:1274)
	at org.testng.TestNG.runSuitesLocally(TestNG.java:1208)
	at org.testng.TestNG.runSuites(TestNG.java:1112)
	at org.testng.TestNG.run(TestNG.java:1079)
	at org.testng.remote.AbstractRemoteTestNG.run(AbstractRemoteTestNG.java:115)
	at org.testng.remote.RemoteTestNG.initAndRun(RemoteTestNG.java:293)
	at org.testng.remote.RemoteTestNG.main(RemoteTestNG.java:91)
2026-08-26 19:09:01 [main] INFO  utils.LoggerUtil - Starting test case execution: Log_004
2026-08-26 19:09:03 [main] INFO  utils.LoggerUtil - [PASS] AccountListArrow Icon Clicked.
2026-08-26 19:09:03 [main] INFO  utils.LoggerUtil - [PASS] SignIn Button Clicked.
2026-08-26 19:09:06 [main] INFO  utils.LoggerUtil - [PASS] Username entered: vinnarasiv17@gmail.com
2026-08-26 19:09:08 [main] INFO  utils.LoggerUtil - [PASS] The Password entered.
2026-08-26 19:09:08 [main] INFO  utils.LoggerUtil - [PASS] SignInSubmit Button Clicked.
2026-08-26 19:09:08 [main] INFO  utils.LoggerUtil - [PASS] Test Case Log_004 Enter your password Error message displayed successfully.
2026-08-26 19:09:08 [main] ERROR utils.LoggerUtil - Skipping execution: Test Case ID 'Log_006' has ExecuteFlag set to 'N' or does not exist.
org.testng.SkipException: Skipping execution: Test Case ID 'Log_006' has ExecuteFlag set to 'N' or does not exist.
	at utils.ExcelUtil.getCellData(ExcelUtil.java:81)
	at tests.LoginTest.Log_006_ValidLogout(LoginTest.java:136)
	at java.base/jdk.internal.reflect.DirectMethodHandleAccessor.invoke(DirectMethodHandleAccessor.java:103)
	at java.base/java.lang.reflect.Method.invoke(Method.java:580)
	at org.testng.internal.invokers.MethodInvocationHelper.invokeMethod(MethodInvocationHelper.java:141)
	at org.testng.internal.invokers.TestInvoker.invokeMethod(TestInvoker.java:687)
	at org.testng.internal.invokers.TestInvoker.invokeTestMethod(TestInvoker.java:230)
	at org.testng.internal.invokers.MethodRunner.runInSequence(MethodRunner.java:63)
	at org.testng.internal.invokers.TestInvoker$MethodInvocationAgent.invoke(TestInvoker.java:995)
	at org.testng.internal.invokers.TestInvoker.invokeTestMethods(TestInvoker.java:203)
	at org.testng.internal.invokers.TestMethodWorker.invokeTestMethods(TestMethodWorker.java:154)
	at org.testng.internal.invokers.TestMethodWorker.run(TestMethodWorker.java:134)
	at java.base/java.util.ArrayList.forEach(ArrayList.java:1596)
	at org.testng.TestRunner.privateRun(TestRunner.java:741)
	at org.testng.TestRunner.run(TestRunner.java:616)
	at org.testng.SuiteRunner.runTest(SuiteRunner.java:421)
	at org.testng.SuiteRunner.runSequentially(SuiteRunner.java:413)
	at org.testng.SuiteRunner.privateRun(SuiteRunner.java:373)
	at org.testng.SuiteRunner.run(SuiteRunner.java:312)
	at org.testng.SuiteRunnerWorker.runSuite(SuiteRunnerWorker.java:52)
	at org.testng.SuiteRunnerWorker.run(SuiteRunnerWorker.java:95)
	at org.testng.TestNG.runSuitesSequentially(TestNG.java:1274)
	at org.testng.TestNG.runSuitesLocally(TestNG.java:1208)
	at org.testng.TestNG.runSuites(TestNG.java:1112)
	at org.testng.TestNG.run(TestNG.java:1079)
	at org.testng.remote.AbstractRemoteTestNG.run(AbstractRemoteTestNG.java:115)
	at org.testng.remote.RemoteTestNG.initAndRun(RemoteTestNG.java:293)
	at org.testng.remote.RemoteTestNG.main(RemoteTestNG.java:91)
2026-08-26 19:09:46 [main] INFO  utils.LoggerUtil - Starting test case execution: Log_004
2026-08-26 19:09:56 [main] INFO  utils.LoggerUtil - [PASS] AccountListArrow Icon Clicked.
2026-08-26 19:09:56 [main] INFO  utils.LoggerUtil - [PASS] SignIn Button Clicked.
2026-08-26 19:09:59 [main] INFO  utils.LoggerUtil - [PASS] Username entered: vinnarasiv17@gmail.com
2026-08-26 19:10:06 [main] INFO  utils.LoggerUtil - [PASS] The Password entered.
2026-08-26 19:10:06 [main] INFO  utils.LoggerUtil - [PASS] SignInSubmit Button Clicked.
2026-08-26 19:10:06 [main] INFO  utils.LoggerUtil - [PASS] Test Case Log_004 Enter your password Error message displayed successfully.
2026-08-26 19:10:06 [main] INFO  utils.LoggerUtil - Starting test case execution: Log_005
2026-08-26 19:10:27 [main] ERROR utils.LoggerUtil - Skipping execution: Test Case ID 'Log_006' has ExecuteFlag set to 'N' or does not exist.
org.testng.SkipException: Skipping execution: Test Case ID 'Log_006' has ExecuteFlag set to 'N' or does not exist.
	at utils.ExcelUtil.getCellData(ExcelUtil.java:81)
	at tests.LoginTest.Log_006_ValidLogout(LoginTest.java:136)
	at java.base/jdk.internal.reflect.DirectMethodHandleAccessor.invoke(DirectMethodHandleAccessor.java:103)
	at java.base/java.lang.reflect.Method.invoke(Method.java:580)
	at org.testng.internal.invokers.MethodInvocationHelper.invokeMethod(MethodInvocationHelper.java:141)
	at org.testng.internal.invokers.TestInvoker.invokeMethod(TestInvoker.java:687)
	at org.testng.internal.invokers.TestInvoker.invokeTestMethod(TestInvoker.java:230)
	at org.testng.internal.invokers.MethodRunner.runInSequence(MethodRunner.java:63)
	at org.testng.internal.invokers.TestInvoker$MethodInvocationAgent.invoke(TestInvoker.java:995)
	at org.testng.internal.invokers.TestInvoker.invokeTestMethods(TestInvoker.java:203)
	at org.testng.internal.invokers.TestMethodWorker.invokeTestMethods(TestMethodWorker.java:154)
	at org.testng.internal.invokers.TestMethodWorker.run(TestMethodWorker.java:134)
	at java.base/java.util.ArrayList.forEach(ArrayList.java:1596)
	at org.testng.TestRunner.privateRun(TestRunner.java:741)
	at org.testng.TestRunner.run(TestRunner.java:616)
	at org.testng.SuiteRunner.runTest(SuiteRunner.java:421)
	at org.testng.SuiteRunner.runSequentially(SuiteRunner.java:413)
	at org.testng.SuiteRunner.privateRun(SuiteRunner.java:373)
	at org.testng.SuiteRunner.run(SuiteRunner.java:312)
	at org.testng.SuiteRunnerWorker.runSuite(SuiteRunnerWorker.java:52)
	at org.testng.SuiteRunnerWorker.run(SuiteRunnerWorker.java:95)
	at org.testng.TestNG.runSuitesSequentially(TestNG.java:1274)
	at org.testng.TestNG.runSuitesLocally(TestNG.java:1208)
	at org.testng.TestNG.runSuites(TestNG.java:1112)
	at org.testng.TestNG.run(TestNG.java:1079)
	at org.testng.remote.AbstractRemoteTestNG.run(AbstractRemoteTestNG.java:115)
	at org.testng.remote.RemoteTestNG.initAndRun(RemoteTestNG.java:293)
	at org.testng.remote.RemoteTestNG.main(RemoteTestNG.java:91)
2026-08-26 19:13:11 [main] INFO  utils.LoggerUtil - Starting test case execution: Log_004
2026-08-26 19:13:19 [main] INFO  utils.LoggerUtil - [PASS] AccountListArrow Icon Clicked.
2026-08-26 19:13:20 [main] INFO  utils.LoggerUtil - [PASS] SignIn Button Clicked.
2026-08-26 19:13:25 [main] INFO  utils.LoggerUtil - [PASS] Username entered: vinnarasiv17@gmail.com
2026-08-26 19:13:27 [main] INFO  utils.LoggerUtil - [PASS] The Password entered.
2026-08-26 19:13:27 [main] INFO  utils.LoggerUtil - [PASS] SignInSubmit Button Clicked.
2026-08-26 19:13:28 [main] INFO  utils.LoggerUtil - [PASS] Test Case Log_004 Enter your password Error message displayed successfully.
2026-08-26 19:13:28 [main] INFO  utils.LoggerUtil - Starting test case execution: Log_005
2026-08-26 19:13:48 [main] ERROR utils.LoggerUtil - Skipping execution: Test Case ID 'Log_006' has ExecuteFlag set to 'N' or does not exist.
org.testng.SkipException: Skipping execution: Test Case ID 'Log_006' has ExecuteFlag set to 'N' or does not exist.
	at utils.ExcelUtil.getCellData(ExcelUtil.java:81)
	at tests.LoginTest.Log_006_ValidLogout(LoginTest.java:136)
	at java.base/jdk.internal.reflect.DirectMethodHandleAccessor.invoke(DirectMethodHandleAccessor.java:103)
	at java.base/java.lang.reflect.Method.invoke(Method.java:580)
	at org.testng.internal.invokers.MethodInvocationHelper.invokeMethod(MethodInvocationHelper.java:141)
	at org.testng.internal.invokers.TestInvoker.invokeMethod(TestInvoker.java:687)
	at org.testng.internal.invokers.TestInvoker.invokeTestMethod(TestInvoker.java:230)
	at org.testng.internal.invokers.MethodRunner.runInSequence(MethodRunner.java:63)
	at org.testng.internal.invokers.TestInvoker$MethodInvocationAgent.invoke(TestInvoker.java:995)
	at org.testng.internal.invokers.TestInvoker.invokeTestMethods(TestInvoker.java:203)
	at org.testng.internal.invokers.TestMethodWorker.invokeTestMethods(TestMethodWorker.java:154)
	at org.testng.internal.invokers.TestMethodWorker.run(TestMethodWorker.java:134)
	at java.base/java.util.ArrayList.forEach(ArrayList.java:1596)
	at org.testng.TestRunner.privateRun(TestRunner.java:741)
	at org.testng.TestRunner.run(TestRunner.java:616)
	at org.testng.SuiteRunner.runTest(SuiteRunner.java:421)
	at org.testng.SuiteRunner.runSequentially(SuiteRunner.java:413)
	at org.testng.SuiteRunner.privateRun(SuiteRunner.java:373)
	at org.testng.SuiteRunner.run(SuiteRunner.java:312)
	at org.testng.SuiteRunnerWorker.runSuite(SuiteRunnerWorker.java:52)
	at org.testng.SuiteRunnerWorker.run(SuiteRunnerWorker.java:95)
	at org.testng.TestNG.runSuitesSequentially(TestNG.java:1274)
	at org.testng.TestNG.runSuitesLocally(TestNG.java:1208)
	at org.testng.TestNG.runSuites(TestNG.java:1112)
	at org.testng.TestNG.run(TestNG.java:1079)
	at org.testng.remote.AbstractRemoteTestNG.run(AbstractRemoteTestNG.java:115)
	at org.testng.remote.RemoteTestNG.initAndRun(RemoteTestNG.java:293)
	at org.testng.remote.RemoteTestNG.main(RemoteTestNG.java:91)
2026-08-26 19:22:07 [main] INFO  utils.LoggerUtil - Starting test case execution: Log_004
2026-08-26 19:22:13 [main] INFO  utils.LoggerUtil - [PASS] AccountListArrow Icon Clicked.
2026-08-26 19:22:14 [main] INFO  utils.LoggerUtil - [PASS] SignIn Button Clicked.
2026-08-26 19:22:16 [main] INFO  utils.LoggerUtil - [PASS] Username entered: vinnarasiv17@gmail.com
2026-08-26 19:22:18 [main] INFO  utils.LoggerUtil - [PASS] The Password entered.
2026-08-26 19:22:18 [main] INFO  utils.LoggerUtil - [PASS] SignInSubmit Button Clicked.
2026-08-26 19:22:18 [main] INFO  utils.LoggerUtil - [PASS] Test Case Log_004 Enter your password Error message displayed successfully.
2026-08-26 19:22:22 [main] INFO  utils.LoggerUtil - Starting test case execution: Log_005
2026-08-26 19:22:32 [main] INFO  utils.LoggerUtil - [PASS] AccountListArrow Icon Clicked.
2026-08-26 19:22:33 [main] INFO  utils.LoggerUtil - [PASS] SignIn Button Clicked.
2026-08-26 19:22:36 [main] INFO  utils.LoggerUtil - [PASS] Username entered: vinnarasiv17@gmail.com
2026-08-26 19:22:39 [main] INFO  utils.LoggerUtil - [PASS] The Password entered.
2026-08-26 19:22:46 [main] INFO  utils.LoggerUtil - [PASS] SignInSubmit Button Clicked.
2026-08-26 19:22:46 [main] INFO  utils.LoggerUtil - [PASS] Test Case Log_005 User is able to login successfully. Dashboard Title: Online Shopping site in India: Shop Online for Mobiles, Books, Watches, Shoes and More - Amazon.in
2026-08-26 19:22:58 [main] ERROR utils.LoggerUtil - Skipping execution: Test Case ID 'Log_006' has ExecuteFlag set to 'N' or does not exist.
org.testng.SkipException: Skipping execution: Test Case ID 'Log_006' has ExecuteFlag set to 'N' or does not exist.
	at utils.ExcelUtil.getCellData(ExcelUtil.java:81)
	at tests.LoginTest.Log_006_ValidLogout(LoginTest.java:136)
	at java.base/jdk.internal.reflect.DirectMethodHandleAccessor.invoke(DirectMethodHandleAccessor.java:103)
	at java.base/java.lang.reflect.Method.invoke(Method.java:580)
	at org.testng.internal.invokers.MethodInvocationHelper.invokeMethod(MethodInvocationHelper.java:141)
	at org.testng.internal.invokers.TestInvoker.invokeMethod(TestInvoker.java:687)
	at org.testng.internal.invokers.TestInvoker.invokeTestMethod(TestInvoker.java:230)
	at org.testng.internal.invokers.MethodRunner.runInSequence(MethodRunner.java:63)
	at org.testng.internal.invokers.TestInvoker$MethodInvocationAgent.invoke(TestInvoker.java:995)
	at org.testng.internal.invokers.TestInvoker.invokeTestMethods(TestInvoker.java:203)
	at org.testng.internal.invokers.TestMethodWorker.invokeTestMethods(TestMethodWorker.java:154)
	at org.testng.internal.invokers.TestMethodWorker.run(TestMethodWorker.java:134)
	at java.base/java.util.ArrayList.forEach(ArrayList.java:1596)
	at org.testng.TestRunner.privateRun(TestRunner.java:741)
	at org.testng.TestRunner.run(TestRunner.java:616)
	at org.testng.SuiteRunner.runTest(SuiteRunner.java:421)
	at org.testng.SuiteRunner.runSequentially(SuiteRunner.java:413)
	at org.testng.SuiteRunner.privateRun(SuiteRunner.java:373)
	at org.testng.SuiteRunner.run(SuiteRunner.java:312)
	at org.testng.SuiteRunnerWorker.runSuite(SuiteRunnerWorker.java:52)
	at org.testng.SuiteRunnerWorker.run(SuiteRunnerWorker.java:95)
	at org.testng.TestNG.runSuitesSequentially(TestNG.java:1274)
	at org.testng.TestNG.runSuitesLocally(TestNG.java:1208)
	at org.testng.TestNG.runSuites(TestNG.java:1112)
	at org.testng.TestNG.run(TestNG.java:1079)
	at org.testng.remote.AbstractRemoteTestNG.run(AbstractRemoteTestNG.java:115)
	at org.testng.remote.RemoteTestNG.initAndRun(RemoteTestNG.java:293)
	at org.testng.remote.RemoteTestNG.main(RemoteTestNG.java:91)
2026-08-26 19:25:16 [main] INFO  utils.LoggerUtil - Starting test case execution: Log_004
2026-08-26 19:25:45 [main] INFO  utils.LoggerUtil - Starting test case execution: Log_004
2026-08-26 19:26:22 [main] INFO  utils.LoggerUtil - Starting test case execution: Log_004
2026-08-26 19:26:36 [main] INFO  utils.LoggerUtil - [PASS] AccountListArrow Icon Clicked.
2026-08-26 19:26:36 [main] INFO  utils.LoggerUtil - [PASS] SignIn Button Clicked.
2026-08-26 19:26:40 [main] INFO  utils.LoggerUtil - [PASS] Username entered: vinnarasiv17@gmail.com
2026-08-26 19:26:44 [main] INFO  utils.LoggerUtil - [PASS] The Password entered.
2026-08-26 19:26:44 [main] INFO  utils.LoggerUtil - [PASS] SignInSubmit Button Clicked.
2026-08-26 19:26:44 [main] INFO  utils.LoggerUtil - [PASS] Test Case Log_004 Enter your password Error message displayed successfully.
2026-08-26 19:26:44 [main] INFO  utils.LoggerUtil - Starting test case execution: Log_005
2026-08-26 19:27:05 [main] ERROR utils.LoggerUtil - Skipping execution: Test Case ID 'Log_006' has ExecuteFlag set to 'N' or does not exist.
org.testng.SkipException: Skipping execution: Test Case ID 'Log_006' has ExecuteFlag set to 'N' or does not exist.
	at utils.ExcelUtil.getCellData(ExcelUtil.java:81)
	at tests.LoginTest.Log_006_ValidLogout(LoginTest.java:136)
	at java.base/jdk.internal.reflect.DirectMethodHandleAccessor.invoke(DirectMethodHandleAccessor.java:103)
	at java.base/java.lang.reflect.Method.invoke(Method.java:580)
	at org.testng.internal.invokers.MethodInvocationHelper.invokeMethod(MethodInvocationHelper.java:141)
	at org.testng.internal.invokers.TestInvoker.invokeMethod(TestInvoker.java:687)
	at org.testng.internal.invokers.TestInvoker.invokeTestMethod(TestInvoker.java:230)
	at org.testng.internal.invokers.MethodRunner.runInSequence(MethodRunner.java:63)
	at org.testng.internal.invokers.TestInvoker$MethodInvocationAgent.invoke(TestInvoker.java:995)
	at org.testng.internal.invokers.TestInvoker.invokeTestMethods(TestInvoker.java:203)
	at org.testng.internal.invokers.TestMethodWorker.invokeTestMethods(TestMethodWorker.java:154)
	at org.testng.internal.invokers.TestMethodWorker.run(TestMethodWorker.java:134)
	at java.base/java.util.ArrayList.forEach(ArrayList.java:1596)
	at org.testng.TestRunner.privateRun(TestRunner.java:741)
	at org.testng.TestRunner.run(TestRunner.java:616)
	at org.testng.SuiteRunner.runTest(SuiteRunner.java:421)
	at org.testng.SuiteRunner.runSequentially(SuiteRunner.java:413)
	at org.testng.SuiteRunner.privateRun(SuiteRunner.java:373)
	at org.testng.SuiteRunner.run(SuiteRunner.java:312)
	at org.testng.SuiteRunnerWorker.runSuite(SuiteRunnerWorker.java:52)
	at org.testng.SuiteRunnerWorker.run(SuiteRunnerWorker.java:95)
	at org.testng.TestNG.runSuitesSequentially(TestNG.java:1274)
	at org.testng.TestNG.runSuitesLocally(TestNG.java:1208)
	at org.testng.TestNG.runSuites(TestNG.java:1112)
	at org.testng.TestNG.run(TestNG.java:1079)
	at org.testng.remote.AbstractRemoteTestNG.run(AbstractRemoteTestNG.java:115)
	at org.testng.remote.RemoteTestNG.initAndRun(RemoteTestNG.java:293)
	at org.testng.remote.RemoteTestNG.main(RemoteTestNG.java:91)
2026-08-26 19:27:52 [main] INFO  utils.LoggerUtil - Starting test case execution: Log_004
2026-08-26 19:27:57 [main] INFO  utils.LoggerUtil - [PASS] AccountListArrow Icon Clicked.
2026-08-26 19:27:57 [main] INFO  utils.LoggerUtil - [PASS] SignIn Button Clicked.
2026-08-26 19:28:00 [main] INFO  utils.LoggerUtil - [PASS] Username entered: vinnarasiv17@gmail.com
2026-08-26 19:28:05 [main] INFO  utils.LoggerUtil - [PASS] The Password entered.
2026-08-26 19:28:05 [main] INFO  utils.LoggerUtil - [PASS] SignInSubmit Button Clicked.
2026-08-26 19:28:06 [main] INFO  utils.LoggerUtil - [PASS] Test Case Log_004 Enter your password Error message displayed successfully.
2026-08-26 19:28:06 [main] INFO  utils.LoggerUtil - Starting test case execution: Log_006
2026-08-26 19:28:06 [main] ERROR utils.LoggerUtil - Skipping execution: Test Case ID 'Log_005' has ExecuteFlag set to 'N' or does not exist.
org.testng.SkipException: Skipping execution: Test Case ID 'Log_005' has ExecuteFlag set to 'N' or does not exist.
	at utils.ExcelUtil.getCellData(ExcelUtil.java:81)
	at tests.LoginTest.Log_006_ValidLogout(LoginTest.java:137)
	at java.base/jdk.internal.reflect.DirectMethodHandleAccessor.invoke(DirectMethodHandleAccessor.java:103)
	at java.base/java.lang.reflect.Method.invoke(Method.java:580)
	at org.testng.internal.invokers.MethodInvocationHelper.invokeMethod(MethodInvocationHelper.java:141)
	at org.testng.internal.invokers.TestInvoker.invokeMethod(TestInvoker.java:687)
	at org.testng.internal.invokers.TestInvoker.invokeTestMethod(TestInvoker.java:230)
	at org.testng.internal.invokers.MethodRunner.runInSequence(MethodRunner.java:63)
	at org.testng.internal.invokers.TestInvoker$MethodInvocationAgent.invoke(TestInvoker.java:995)
	at org.testng.internal.invokers.TestInvoker.invokeTestMethods(TestInvoker.java:203)
	at org.testng.internal.invokers.TestMethodWorker.invokeTestMethods(TestMethodWorker.java:154)
	at org.testng.internal.invokers.TestMethodWorker.run(TestMethodWorker.java:134)
	at java.base/java.util.ArrayList.forEach(ArrayList.java:1596)
	at org.testng.TestRunner.privateRun(TestRunner.java:741)
	at org.testng.TestRunner.run(TestRunner.java:616)
	at org.testng.SuiteRunner.runTest(SuiteRunner.java:421)
	at org.testng.SuiteRunner.runSequentially(SuiteRunner.java:413)
	at org.testng.SuiteRunner.privateRun(SuiteRunner.java:373)
	at org.testng.SuiteRunner.run(SuiteRunner.java:312)
	at org.testng.SuiteRunnerWorker.runSuite(SuiteRunnerWorker.java:52)
	at org.testng.SuiteRunnerWorker.run(SuiteRunnerWorker.java:95)
	at org.testng.TestNG.runSuitesSequentially(TestNG.java:1274)
	at org.testng.TestNG.runSuitesLocally(TestNG.java:1208)
	at org.testng.TestNG.runSuites(TestNG.java:1112)
	at org.testng.TestNG.run(TestNG.java:1079)
	at org.testng.remote.AbstractRemoteTestNG.run(AbstractRemoteTestNG.java:115)
	at org.testng.remote.RemoteTestNG.initAndRun(RemoteTestNG.java:293)
	at org.testng.remote.RemoteTestNG.main(RemoteTestNG.java:91)
2026-08-26 19:28:57 [main] INFO  utils.LoggerUtil - Starting test case execution: Log_004
2026-08-26 19:29:00 [main] INFO  utils.LoggerUtil - [PASS] AccountListArrow Icon Clicked.
2026-08-26 19:29:00 [main] INFO  utils.LoggerUtil - [PASS] SignIn Button Clicked.
2026-08-26 19:29:02 [main] INFO  utils.LoggerUtil - [PASS] Username entered: vinnarasiv17@gmail.com
2026-08-26 19:29:04 [main] INFO  utils.LoggerUtil - [PASS] The Password entered.
2026-08-26 19:29:04 [main] INFO  utils.LoggerUtil - [PASS] SignInSubmit Button Clicked.
2026-08-26 19:29:04 [main] INFO  utils.LoggerUtil - [PASS] Test Case Log_004 Enter your password Error message displayed successfully.
2026-08-26 19:29:04 [main] INFO  utils.LoggerUtil - Starting test case execution: Log_006
2026-08-26 19:29:04 [main] ERROR utils.LoggerUtil - Skipping execution: Test Case ID 'Log_005' has ExecuteFlag set to 'N' or does not exist.
org.testng.SkipException: Skipping execution: Test Case ID 'Log_005' has ExecuteFlag set to 'N' or does not exist.
	at utils.ExcelUtil.getCellData(ExcelUtil.java:81)
	at tests.LoginTest.Log_006_ValidLogout(LoginTest.java:137)
	at java.base/jdk.internal.reflect.DirectMethodHandleAccessor.invoke(DirectMethodHandleAccessor.java:103)
	at java.base/java.lang.reflect.Method.invoke(Method.java:580)
	at org.testng.internal.invokers.MethodInvocationHelper.invokeMethod(MethodInvocationHelper.java:141)
	at org.testng.internal.invokers.TestInvoker.invokeMethod(TestInvoker.java:687)
	at org.testng.internal.invokers.TestInvoker.invokeTestMethod(TestInvoker.java:230)
	at org.testng.internal.invokers.MethodRunner.runInSequence(MethodRunner.java:63)
	at org.testng.internal.invokers.TestInvoker$MethodInvocationAgent.invoke(TestInvoker.java:995)
	at org.testng.internal.invokers.TestInvoker.invokeTestMethods(TestInvoker.java:203)
	at org.testng.internal.invokers.TestMethodWorker.invokeTestMethods(TestMethodWorker.java:154)
	at org.testng.internal.invokers.TestMethodWorker.run(TestMethodWorker.java:134)
	at java.base/java.util.ArrayList.forEach(ArrayList.java:1596)
	at org.testng.TestRunner.privateRun(TestRunner.java:741)
	at org.testng.TestRunner.run(TestRunner.java:616)
	at org.testng.SuiteRunner.runTest(SuiteRunner.java:421)
	at org.testng.SuiteRunner.runSequentially(SuiteRunner.java:413)
	at org.testng.SuiteRunner.privateRun(SuiteRunner.java:373)
	at org.testng.SuiteRunner.run(SuiteRunner.java:312)
	at org.testng.SuiteRunnerWorker.runSuite(SuiteRunnerWorker.java:52)
	at org.testng.SuiteRunnerWorker.run(SuiteRunnerWorker.java:95)
	at org.testng.TestNG.runSuitesSequentially(TestNG.java:1274)
	at org.testng.TestNG.runSuitesLocally(TestNG.java:1208)
	at org.testng.TestNG.runSuites(TestNG.java:1112)
	at org.testng.TestNG.run(TestNG.java:1079)
	at org.testng.remote.AbstractRemoteTestNG.run(AbstractRemoteTestNG.java:115)
	at org.testng.remote.RemoteTestNG.initAndRun(RemoteTestNG.java:293)
	at org.testng.remote.RemoteTestNG.main(RemoteTestNG.java:91)
2026-08-26 19:31:25 [main] INFO  utils.LoggerUtil - Starting test case execution: Log_004
2026-08-26 19:31:27 [main] INFO  utils.LoggerUtil - [PASS] AccountListArrow Icon Clicked.
2026-08-26 19:31:27 [main] INFO  utils.LoggerUtil - [PASS] SignIn Button Clicked.
2026-08-26 19:31:29 [main] INFO  utils.LoggerUtil - [PASS] Username entered: vinnarasiv17@gmail.com
2026-08-26 19:31:32 [main] INFO  utils.LoggerUtil - [PASS] The Password entered.
2026-08-26 19:31:32 [main] INFO  utils.LoggerUtil - [PASS] SignInSubmit Button Clicked.
2026-08-26 19:31:32 [main] INFO  utils.LoggerUtil - [PASS] Test Case Log_004 Enter your password Error message displayed successfully.
2026-08-26 19:31:32 [main] INFO  utils.LoggerUtil - Starting test case execution: Log_006
2026-08-26 19:31:32 [main] ERROR utils.LoggerUtil - Skipping execution: Test Case ID 'Log_005' has ExecuteFlag set to 'N' or does not exist.
org.testng.SkipException: Skipping execution: Test Case ID 'Log_005' has ExecuteFlag set to 'N' or does not exist.
	at utils.ExcelUtil.getCellData(ExcelUtil.java:81)
	at tests.LoginTest.Log_006_ValidLogout(LoginTest.java:137)
	at java.base/jdk.internal.reflect.DirectMethodHandleAccessor.invoke(DirectMethodHandleAccessor.java:103)
	at java.base/java.lang.reflect.Method.invoke(Method.java:580)
	at org.testng.internal.invokers.MethodInvocationHelper.invokeMethod(MethodInvocationHelper.java:141)
	at org.testng.internal.invokers.TestInvoker.invokeMethod(TestInvoker.java:687)
	at org.testng.internal.invokers.TestInvoker.invokeTestMethod(TestInvoker.java:230)
	at org.testng.internal.invokers.MethodRunner.runInSequence(MethodRunner.java:63)
	at org.testng.internal.invokers.TestInvoker$MethodInvocationAgent.invoke(TestInvoker.java:995)
	at org.testng.internal.invokers.TestInvoker.invokeTestMethods(TestInvoker.java:203)
	at org.testng.internal.invokers.TestMethodWorker.invokeTestMethods(TestMethodWorker.java:154)
	at org.testng.internal.invokers.TestMethodWorker.run(TestMethodWorker.java:134)
	at java.base/java.util.ArrayList.forEach(ArrayList.java:1596)
	at org.testng.TestRunner.privateRun(TestRunner.java:741)
	at org.testng.TestRunner.run(TestRunner.java:616)
	at org.testng.SuiteRunner.runTest(SuiteRunner.java:421)
	at org.testng.SuiteRunner.runSequentially(SuiteRunner.java:413)
	at org.testng.SuiteRunner.privateRun(SuiteRunner.java:373)
	at org.testng.SuiteRunner.run(SuiteRunner.java:312)
	at org.testng.SuiteRunnerWorker.runSuite(SuiteRunnerWorker.java:52)
	at org.testng.SuiteRunnerWorker.run(SuiteRunnerWorker.java:95)
	at org.testng.TestNG.runSuitesSequentially(TestNG.java:1274)
	at org.testng.TestNG.runSuitesLocally(TestNG.java:1208)
	at org.testng.TestNG.runSuites(TestNG.java:1112)
	at org.testng.TestNG.run(TestNG.java:1079)
	at org.testng.remote.AbstractRemoteTestNG.run(AbstractRemoteTestNG.java:115)
	at org.testng.remote.RemoteTestNG.initAndRun(RemoteTestNG.java:293)
	at org.testng.remote.RemoteTestNG.main(RemoteTestNG.java:91)
2026-08-26 19:34:48 [main] INFO  utils.LoggerUtil - Starting test case execution: Log_004
2026-08-26 19:34:52 [main] INFO  utils.LoggerUtil - [PASS] AccountListArrow Icon Clicked.
2026-08-26 19:34:52 [main] INFO  utils.LoggerUtil - [PASS] SignIn Button Clicked.
2026-08-26 19:34:55 [main] INFO  utils.LoggerUtil - [PASS] Username entered: vinnarasiv17@gmail.com
2026-08-26 19:34:57 [main] INFO  utils.LoggerUtil - [PASS] The Password entered.
2026-08-26 19:34:57 [main] INFO  utils.LoggerUtil - [PASS] SignInSubmit Button Clicked.
2026-08-26 19:34:57 [main] INFO  utils.LoggerUtil - [PASS] Test Case Log_004 Enter your password Error message displayed successfully.
2026-08-26 19:34:57 [main] INFO  utils.LoggerUtil - Starting test case execution: Log_006
2026-08-26 19:35:17 [main] ERROR utils.LoggerUtil - Expected condition failed: waiting for element to be clickable: By.xpath: //div[@id="nav-link-accountList"]//button[@class="nav-flyout-button nav-icon nav-arrow"] (tried for 10 second(s) with 500 milliseconds interval)
Build info: version: '4.35.0', revision: '1c58e5028b'
System info: os.name: 'Windows 11', os.arch: 'amd64', os.version: '10.0', java.version: '21.0.12'
Driver info: org.openqa.selenium.chrome.ChromeDriver
Capabilities {acceptInsecureCerts: false, browserName: chrome, browserVersion: 151.0.7922.170, chrome: {chromedriverVersion: 151.0.7922.138 (41fa8244239..., userDataDir: C:\Users\DROOFF~1\AppData\L...}, fedcm:accounts: true, goog:chromeOptions: {debuggerAddress: localhost:56512}, goog:processID: 25920, networkConnectionEnabled: false, pageLoadStrategy: normal, platformName: windows, proxy: Proxy(), se:cdp: ws://localhost:56512/devtoo..., se:cdpVersion: 151.0.7922.170, setWindowRect: true, strictFileInteractability: false, timeouts: {implicit: 0, pageLoad: 300000, script: 30000}, unhandledPromptBehavior: dismiss and notify, webauthn:extension:credBlob: true, webauthn:extension:largeBlob: true, webauthn:extension:minPinLength: true, webauthn:extension:prf: true, webauthn:virtualAuthenticators: true}
Session ID: 8e0e27f9248e28634bef9f957e4b2571
org.openqa.selenium.TimeoutException: Expected condition failed: waiting for element to be clickable: By.xpath: //div[@id="nav-link-accountList"]//button[@class="nav-flyout-button nav-icon nav-arrow"] (tried for 10 second(s) with 500 milliseconds interval)
Build info: version: '4.35.0', revision: '1c58e5028b'
System info: os.name: 'Windows 11', os.arch: 'amd64', os.version: '10.0', java.version: '21.0.12'
Driver info: org.openqa.selenium.chrome.ChromeDriver
Capabilities {acceptInsecureCerts: false, browserName: chrome, browserVersion: 151.0.7922.170, chrome: {chromedriverVersion: 151.0.7922.138 (41fa8244239..., userDataDir: C:\Users\DROOFF~1\AppData\L...}, fedcm:accounts: true, goog:chromeOptions: {debuggerAddress: localhost:56512}, goog:processID: 25920, networkConnectionEnabled: false, pageLoadStrategy: normal, platformName: windows, proxy: Proxy(), se:cdp: ws://localhost:56512/devtoo..., se:cdpVersion: 151.0.7922.170, setWindowRect: true, strictFileInteractability: false, timeouts: {implicit: 0, pageLoad: 300000, script: 30000}, unhandledPromptBehavior: dismiss and notify, webauthn:extension:credBlob: true, webauthn:extension:largeBlob: true, webauthn:extension:minPinLength: true, webauthn:extension:prf: true, webauthn:virtualAuthenticators: true}
Session ID: 8e0e27f9248e28634bef9f957e4b2571
	at org.openqa.selenium.support.ui.WebDriverWait.timeoutException(WebDriverWait.java:84)
	at org.openqa.selenium.support.ui.FluentWait.until(FluentWait.java:228)
	at pages.BasePage.click(BasePage.java:25)
	at pages.LoginPage.clickIconAccountListArrow(LoginPage.java:42)
	at tests.LoginTest.Log_006_ValidLogout(LoginTest.java:141)
	at java.base/jdk.internal.reflect.DirectMethodHandleAccessor.invoke(DirectMethodHandleAccessor.java:103)
	at java.base/java.lang.reflect.Method.invoke(Method.java:580)
	at org.testng.internal.invokers.MethodInvocationHelper.invokeMethod(MethodInvocationHelper.java:141)
	at org.testng.internal.invokers.TestInvoker.invokeMethod(TestInvoker.java:687)
	at org.testng.internal.invokers.TestInvoker.invokeTestMethod(TestInvoker.java:230)
	at org.testng.internal.invokers.MethodRunner.runInSequence(MethodRunner.java:63)
	at org.testng.internal.invokers.TestInvoker$MethodInvocationAgent.invoke(TestInvoker.java:995)
	at org.testng.internal.invokers.TestInvoker.invokeTestMethods(TestInvoker.java:203)
	at org.testng.internal.invokers.TestMethodWorker.invokeTestMethods(TestMethodWorker.java:154)
	at org.testng.internal.invokers.TestMethodWorker.run(TestMethodWorker.java:134)
	at java.base/java.util.ArrayList.forEach(ArrayList.java:1596)
	at org.testng.TestRunner.privateRun(TestRunner.java:741)
	at org.testng.TestRunner.run(TestRunner.java:616)
	at org.testng.SuiteRunner.runTest(SuiteRunner.java:421)
	at org.testng.SuiteRunner.runSequentially(SuiteRunner.java:413)
	at org.testng.SuiteRunner.privateRun(SuiteRunner.java:373)
	at org.testng.SuiteRunner.run(SuiteRunner.java:312)
	at org.testng.SuiteRunnerWorker.runSuite(SuiteRunnerWorker.java:52)
	at org.testng.SuiteRunnerWorker.run(SuiteRunnerWorker.java:95)
	at org.testng.TestNG.runSuitesSequentially(TestNG.java:1274)
	at org.testng.TestNG.runSuitesLocally(TestNG.java:1208)
	at org.testng.TestNG.runSuites(TestNG.java:1112)
	at org.testng.TestNG.run(TestNG.java:1079)
	at org.testng.remote.AbstractRemoteTestNG.run(AbstractRemoteTestNG.java:115)
	at org.testng.remote.RemoteTestNG.initAndRun(RemoteTestNG.java:293)
	at org.testng.remote.RemoteTestNG.main(RemoteTestNG.java:91)
2026-08-26 19:36:44 [main] INFO  utils.LoggerUtil - Starting test case execution: Log_004
2026-08-26 19:36:47 [main] INFO  utils.LoggerUtil - [PASS] AccountListArrow Icon Clicked.
2026-08-26 19:36:47 [main] INFO  utils.LoggerUtil - [PASS] SignIn Button Clicked.
2026-08-26 19:36:50 [main] INFO  utils.LoggerUtil - [PASS] Username entered: vinnarasiv17@gmail.com
2026-08-26 19:36:53 [main] INFO  utils.LoggerUtil - [PASS] The Password entered.
2026-08-26 19:36:53 [main] INFO  utils.LoggerUtil - [PASS] SignInSubmit Button Clicked.
2026-08-26 19:36:53 [main] INFO  utils.LoggerUtil - [PASS] Test Case Log_004 Enter your password Error message displayed successfully.
2026-08-26 19:36:53 [main] INFO  utils.LoggerUtil - Starting test case execution: Log_006
2026-08-26 19:37:13 [main] ERROR utils.LoggerUtil - Expected condition failed: waiting for element to be clickable: By.xpath: //div[@id="nav-link-accountList"]//button[@class="nav-flyout-button nav-icon nav-arrow"] (tried for 10 second(s) with 500 milliseconds interval)
Build info: version: '4.35.0', revision: '1c58e5028b'
System info: os.name: 'Windows 11', os.arch: 'amd64', os.version: '10.0', java.version: '21.0.12'
Driver info: org.openqa.selenium.chrome.ChromeDriver
Capabilities {acceptInsecureCerts: false, browserName: chrome, browserVersion: 151.0.7922.170, chrome: {chromedriverVersion: 151.0.7922.138 (41fa8244239..., userDataDir: C:\Users\DROOFF~1\AppData\L...}, fedcm:accounts: true, goog:chromeOptions: {debuggerAddress: localhost:54390}, goog:processID: 19464, networkConnectionEnabled: false, pageLoadStrategy: normal, platformName: windows, proxy: Proxy(), se:cdp: ws://localhost:54390/devtoo..., se:cdpVersion: 151.0.7922.170, setWindowRect: true, strictFileInteractability: false, timeouts: {implicit: 0, pageLoad: 300000, script: 30000}, unhandledPromptBehavior: dismiss and notify, webauthn:extension:credBlob: true, webauthn:extension:largeBlob: true, webauthn:extension:minPinLength: true, webauthn:extension:prf: true, webauthn:virtualAuthenticators: true}
Session ID: 20c073c3015df910f7e3485aee89ae73
org.openqa.selenium.TimeoutException: Expected condition failed: waiting for element to be clickable: By.xpath: //div[@id="nav-link-accountList"]//button[@class="nav-flyout-button nav-icon nav-arrow"] (tried for 10 second(s) with 500 milliseconds interval)
Build info: version: '4.35.0', revision: '1c58e5028b'
System info: os.name: 'Windows 11', os.arch: 'amd64', os.version: '10.0', java.version: '21.0.12'
Driver info: org.openqa.selenium.chrome.ChromeDriver
Capabilities {acceptInsecureCerts: false, browserName: chrome, browserVersion: 151.0.7922.170, chrome: {chromedriverVersion: 151.0.7922.138 (41fa8244239..., userDataDir: C:\Users\DROOFF~1\AppData\L...}, fedcm:accounts: true, goog:chromeOptions: {debuggerAddress: localhost:54390}, goog:processID: 19464, networkConnectionEnabled: false, pageLoadStrategy: normal, platformName: windows, proxy: Proxy(), se:cdp: ws://localhost:54390/devtoo..., se:cdpVersion: 151.0.7922.170, setWindowRect: true, strictFileInteractability: false, timeouts: {implicit: 0, pageLoad: 300000, script: 30000}, unhandledPromptBehavior: dismiss and notify, webauthn:extension:credBlob: true, webauthn:extension:largeBlob: true, webauthn:extension:minPinLength: true, webauthn:extension:prf: true, webauthn:virtualAuthenticators: true}
Session ID: 20c073c3015df910f7e3485aee89ae73
	at org.openqa.selenium.support.ui.WebDriverWait.timeoutException(WebDriverWait.java:84)
	at org.openqa.selenium.support.ui.FluentWait.until(FluentWait.java:228)
	at pages.BasePage.click(BasePage.java:25)
	at pages.LoginPage.clickIconAccountListArrow(LoginPage.java:42)
	at tests.LoginTest.Log_006_ValidLogout(LoginTest.java:141)
	at java.base/jdk.internal.reflect.DirectMethodHandleAccessor.invoke(DirectMethodHandleAccessor.java:103)
	at java.base/java.lang.reflect.Method.invoke(Method.java:580)
	at org.testng.internal.invokers.MethodInvocationHelper.invokeMethod(MethodInvocationHelper.java:141)
	at org.testng.internal.invokers.TestInvoker.invokeMethod(TestInvoker.java:687)
	at org.testng.internal.invokers.TestInvoker.invokeTestMethod(TestInvoker.java:230)
	at org.testng.internal.invokers.MethodRunner.runInSequence(MethodRunner.java:63)
	at org.testng.internal.invokers.TestInvoker$MethodInvocationAgent.invoke(TestInvoker.java:995)
	at org.testng.internal.invokers.TestInvoker.invokeTestMethods(TestInvoker.java:203)
	at org.testng.internal.invokers.TestMethodWorker.invokeTestMethods(TestMethodWorker.java:154)
	at org.testng.internal.invokers.TestMethodWorker.run(TestMethodWorker.java:134)
	at java.base/java.util.ArrayList.forEach(ArrayList.java:1596)
	at org.testng.TestRunner.privateRun(TestRunner.java:741)
	at org.testng.TestRunner.run(TestRunner.java:616)
	at org.testng.SuiteRunner.runTest(SuiteRunner.java:421)
	at org.testng.SuiteRunner.runSequentially(SuiteRunner.java:413)
	at org.testng.SuiteRunner.privateRun(SuiteRunner.java:373)
	at org.testng.SuiteRunner.run(SuiteRunner.java:312)
	at org.testng.SuiteRunnerWorker.runSuite(SuiteRunnerWorker.java:52)
	at org.testng.SuiteRunnerWorker.run(SuiteRunnerWorker.java:95)
	at org.testng.TestNG.runSuitesSequentially(TestNG.java:1274)
	at org.testng.TestNG.runSuitesLocally(TestNG.java:1208)
	at org.testng.TestNG.runSuites(TestNG.java:1112)
	at org.testng.TestNG.run(TestNG.java:1079)
	at org.testng.remote.AbstractRemoteTestNG.run(AbstractRemoteTestNG.java:115)
	at org.testng.remote.RemoteTestNG.initAndRun(RemoteTestNG.java:293)
	at org.testng.remote.RemoteTestNG.main(RemoteTestNG.java:91)
2026-08-26 19:38:06 [main] INFO  utils.LoggerUtil - Starting test case execution: Log_001
2026-08-26 19:38:14 [main] INFO  utils.LoggerUtil - [PASS] AccountListArrow Icon Clicked.
2026-08-26 19:38:14 [main] INFO  utils.LoggerUtil - [PASS] SignIn Button Clicked.
2026-08-26 19:38:16 [main] INFO  utils.LoggerUtil - [PASS] Username entered: InvalidUser
2026-08-26 19:38:17 [main] INFO  utils.LoggerUtil - [PASS] Test Case Log_001 Invalid username error message displayed successfully.
2026-08-26 19:38:17 [main] INFO  utils.LoggerUtil - Starting test case execution: Log_006
2026-08-26 19:38:37 [main] ERROR utils.LoggerUtil - Expected condition failed: waiting for element to be clickable: By.xpath: //div[@id="nav-link-accountList"]//button[@class="nav-flyout-button nav-icon nav-arrow"] (tried for 10 second(s) with 500 milliseconds interval)
Build info: version: '4.35.0', revision: '1c58e5028b'
System info: os.name: 'Windows 11', os.arch: 'amd64', os.version: '10.0', java.version: '21.0.12'
Driver info: org.openqa.selenium.chrome.ChromeDriver
Capabilities {acceptInsecureCerts: false, browserName: chrome, browserVersion: 151.0.7922.170, chrome: {chromedriverVersion: 151.0.7922.138 (41fa8244239..., userDataDir: C:\Users\DROOFF~1\AppData\L...}, fedcm:accounts: true, goog:chromeOptions: {debuggerAddress: localhost:58404}, goog:processID: 7132, networkConnectionEnabled: false, pageLoadStrategy: normal, platformName: windows, proxy: Proxy(), se:cdp: ws://localhost:58404/devtoo..., se:cdpVersion: 151.0.7922.170, setWindowRect: true, strictFileInteractability: false, timeouts: {implicit: 0, pageLoad: 300000, script: 30000}, unhandledPromptBehavior: dismiss and notify, webauthn:extension:credBlob: true, webauthn:extension:largeBlob: true, webauthn:extension:minPinLength: true, webauthn:extension:prf: true, webauthn:virtualAuthenticators: true}
Session ID: 4f14aa60018932d6516e894a0ad31338
org.openqa.selenium.TimeoutException: Expected condition failed: waiting for element to be clickable: By.xpath: //div[@id="nav-link-accountList"]//button[@class="nav-flyout-button nav-icon nav-arrow"] (tried for 10 second(s) with 500 milliseconds interval)
Build info: version: '4.35.0', revision: '1c58e5028b'
System info: os.name: 'Windows 11', os.arch: 'amd64', os.version: '10.0', java.version: '21.0.12'
Driver info: org.openqa.selenium.chrome.ChromeDriver
Capabilities {acceptInsecureCerts: false, browserName: chrome, browserVersion: 151.0.7922.170, chrome: {chromedriverVersion: 151.0.7922.138 (41fa8244239..., userDataDir: C:\Users\DROOFF~1\AppData\L...}, fedcm:accounts: true, goog:chromeOptions: {debuggerAddress: localhost:58404}, goog:processID: 7132, networkConnectionEnabled: false, pageLoadStrategy: normal, platformName: windows, proxy: Proxy(), se:cdp: ws://localhost:58404/devtoo..., se:cdpVersion: 151.0.7922.170, setWindowRect: true, strictFileInteractability: false, timeouts: {implicit: 0, pageLoad: 300000, script: 30000}, unhandledPromptBehavior: dismiss and notify, webauthn:extension:credBlob: true, webauthn:extension:largeBlob: true, webauthn:extension:minPinLength: true, webauthn:extension:prf: true, webauthn:virtualAuthenticators: true}
Session ID: 4f14aa60018932d6516e894a0ad31338
	at org.openqa.selenium.support.ui.WebDriverWait.timeoutException(WebDriverWait.java:84)
	at org.openqa.selenium.support.ui.FluentWait.until(FluentWait.java:228)
	at pages.BasePage.click(BasePage.java:25)
	at pages.LoginPage.clickIconAccountListArrow(LoginPage.java:42)
	at tests.LoginTest.Log_006_ValidLogout(LoginTest.java:141)
	at java.base/jdk.internal.reflect.DirectMethodHandleAccessor.invoke(DirectMethodHandleAccessor.java:103)
	at java.base/java.lang.reflect.Method.invoke(Method.java:580)
	at org.testng.internal.invokers.MethodInvocationHelper.invokeMethod(MethodInvocationHelper.java:141)
	at org.testng.internal.invokers.TestInvoker.invokeMethod(TestInvoker.java:687)
	at org.testng.internal.invokers.TestInvoker.invokeTestMethod(TestInvoker.java:230)
	at org.testng.internal.invokers.MethodRunner.runInSequence(MethodRunner.java:63)
	at org.testng.internal.invokers.TestInvoker$MethodInvocationAgent.invoke(TestInvoker.java:995)
	at org.testng.internal.invokers.TestInvoker.invokeTestMethods(TestInvoker.java:203)
	at org.testng.internal.invokers.TestMethodWorker.invokeTestMethods(TestMethodWorker.java:154)
	at org.testng.internal.invokers.TestMethodWorker.run(TestMethodWorker.java:134)
	at java.base/java.util.ArrayList.forEach(ArrayList.java:1596)
	at org.testng.TestRunner.privateRun(TestRunner.java:741)
	at org.testng.TestRunner.run(TestRunner.java:616)
	at org.testng.SuiteRunner.runTest(SuiteRunner.java:421)
	at org.testng.SuiteRunner.runSequentially(SuiteRunner.java:413)
	at org.testng.SuiteRunner.privateRun(SuiteRunner.java:373)
	at org.testng.SuiteRunner.run(SuiteRunner.java:312)
	at org.testng.SuiteRunnerWorker.runSuite(SuiteRunnerWorker.java:52)
	at org.testng.SuiteRunnerWorker.run(SuiteRunnerWorker.java:95)
	at org.testng.TestNG.runSuitesSequentially(TestNG.java:1274)
	at org.testng.TestNG.runSuitesLocally(TestNG.java:1208)
	at org.testng.TestNG.runSuites(TestNG.java:1112)
	at org.testng.TestNG.run(TestNG.java:1079)
	at org.testng.remote.AbstractRemoteTestNG.run(AbstractRemoteTestNG.java:115)
	at org.testng.remote.RemoteTestNG.initAndRun(RemoteTestNG.java:293)
	at org.testng.remote.RemoteTestNG.main(RemoteTestNG.java:91)
2026-08-26 22:12:36 [main] INFO  utils.LoggerUtil - Starting test case execution: Log_001
2026-08-26 22:12:36 [main] INFO  utils.LoggerUtil - [PASS] AccountListArrow Icon Clicked.
2026-08-26 22:12:38 [main] INFO  utils.LoggerUtil - [PASS] SignIn Button Clicked.
2026-08-26 22:12:38 [main] INFO  utils.LoggerUtil - [PASS] Username entered: InvalidUser
2026-08-26 22:12:39 [main] INFO  utils.LoggerUtil - [PASS] Test Case Log_001 Invalid username error message displayed successfully.
2026-08-26 22:12:39 [main] INFO  utils.LoggerUtil - Starting test case execution: Log_006
2026-08-26 22:12:59 [main] ERROR utils.LoggerUtil - Expected condition failed: waiting for element to be clickable: By.xpath: //div[@id="nav-link-accountList"]//button[@class="nav-flyout-button nav-icon nav-arrow"] (tried for 10 second(s) with 500 milliseconds interval)
Build info: version: '4.35.0', revision: '1c58e5028b'
System info: os.name: 'Windows 11', os.arch: 'amd64', os.version: '10.0', java.version: '21.0.12'
Driver info: org.openqa.selenium.chrome.ChromeDriver
Capabilities {acceptInsecureCerts: false, browserName: chrome, browserVersion: 151.0.7922.170, chrome: {chromedriverVersion: 151.0.7922.138 (41fa8244239..., userDataDir: C:\Users\DROOFF~1\AppData\L...}, fedcm:accounts: true, goog:chromeOptions: {debuggerAddress: localhost:55320}, goog:processID: 16348, networkConnectionEnabled: false, pageLoadStrategy: normal, platformName: windows, proxy: Proxy(), se:cdp: ws://localhost:55320/devtoo..., se:cdpVersion: 151.0.7922.170, setWindowRect: true, strictFileInteractability: false, timeouts: {implicit: 0, pageLoad: 300000, script: 30000}, unhandledPromptBehavior: dismiss and notify, webauthn:extension:credBlob: true, webauthn:extension:largeBlob: true, webauthn:extension:minPinLength: true, webauthn:extension:prf: true, webauthn:virtualAuthenticators: true}
Session ID: af18b52d5550420ee1c680414ab4c887
org.openqa.selenium.TimeoutException: Expected condition failed: waiting for element to be clickable: By.xpath: //div[@id="nav-link-accountList"]//button[@class="nav-flyout-button nav-icon nav-arrow"] (tried for 10 second(s) with 500 milliseconds interval)
Build info: version: '4.35.0', revision: '1c58e5028b'
System info: os.name: 'Windows 11', os.arch: 'amd64', os.version: '10.0', java.version: '21.0.12'
Driver info: org.openqa.selenium.chrome.ChromeDriver
Capabilities {acceptInsecureCerts: false, browserName: chrome, browserVersion: 151.0.7922.170, chrome: {chromedriverVersion: 151.0.7922.138 (41fa8244239..., userDataDir: C:\Users\DROOFF~1\AppData\L...}, fedcm:accounts: true, goog:chromeOptions: {debuggerAddress: localhost:55320}, goog:processID: 16348, networkConnectionEnabled: false, pageLoadStrategy: normal, platformName: windows, proxy: Proxy(), se:cdp: ws://localhost:55320/devtoo..., se:cdpVersion: 151.0.7922.170, setWindowRect: true, strictFileInteractability: false, timeouts: {implicit: 0, pageLoad: 300000, script: 30000}, unhandledPromptBehavior: dismiss and notify, webauthn:extension:credBlob: true, webauthn:extension:largeBlob: true, webauthn:extension:minPinLength: true, webauthn:extension:prf: true, webauthn:virtualAuthenticators: true}
Session ID: af18b52d5550420ee1c680414ab4c887
	at org.openqa.selenium.support.ui.WebDriverWait.timeoutException(WebDriverWait.java:84)
	at org.openqa.selenium.support.ui.FluentWait.until(FluentWait.java:228)
	at pages.BasePage.click(BasePage.java:25)
	at pages.LoginPage.clickIconAccountListArrow(LoginPage.java:42)
	at tests.LoginTest.Log_006_ValidLogout(LoginTest.java:141)
	at java.base/jdk.internal.reflect.DirectMethodHandleAccessor.invoke(DirectMethodHandleAccessor.java:103)
	at java.base/java.lang.reflect.Method.invoke(Method.java:580)
	at org.testng.internal.invokers.MethodInvocationHelper.invokeMethod(MethodInvocationHelper.java:141)
	at org.testng.internal.invokers.TestInvoker.invokeMethod(TestInvoker.java:687)
	at org.testng.internal.invokers.TestInvoker.invokeTestMethod(TestInvoker.java:230)
	at org.testng.internal.invokers.MethodRunner.runInSequence(MethodRunner.java:63)
	at org.testng.internal.invokers.TestInvoker$MethodInvocationAgent.invoke(TestInvoker.java:995)
	at org.testng.internal.invokers.TestInvoker.invokeTestMethods(TestInvoker.java:203)
	at org.testng.internal.invokers.TestMethodWorker.invokeTestMethods(TestMethodWorker.java:154)
	at org.testng.internal.invokers.TestMethodWorker.run(TestMethodWorker.java:134)
	at java.base/java.util.ArrayList.forEach(ArrayList.java:1596)
	at org.testng.TestRunner.privateRun(TestRunner.java:741)
	at org.testng.TestRunner.run(TestRunner.java:616)
	at org.testng.SuiteRunner.runTest(SuiteRunner.java:421)
	at org.testng.SuiteRunner.runSequentially(SuiteRunner.java:413)
	at org.testng.SuiteRunner.privateRun(SuiteRunner.java:373)
	at org.testng.SuiteRunner.run(SuiteRunner.java:312)
	at org.testng.SuiteRunnerWorker.runSuite(SuiteRunnerWorker.java:52)
	at org.testng.SuiteRunnerWorker.run(SuiteRunnerWorker.java:95)
	at org.testng.TestNG.runSuitesSequentially(TestNG.java:1274)
	at org.testng.TestNG.runSuitesLocally(TestNG.java:1208)
	at org.testng.TestNG.runSuites(TestNG.java:1112)
	at org.testng.TestNG.run(TestNG.java:1079)
	at org.testng.remote.AbstractRemoteTestNG.run(AbstractRemoteTestNG.java:115)
	at org.testng.remote.RemoteTestNG.initAndRun(RemoteTestNG.java:293)
	at org.testng.remote.RemoteTestNG.main(RemoteTestNG.java:91)
2026-08-26 22:13:39 [main] INFO  utils.LoggerUtil - Starting test case execution: Log_001
2026-08-26 22:13:39 [main] INFO  utils.LoggerUtil - [PASS] AccountListArrow Icon Clicked.
2026-08-26 22:13:39 [main] INFO  utils.LoggerUtil - [PASS] SignIn Button Clicked.
2026-08-26 22:13:43 [main] INFO  utils.LoggerUtil - [PASS] Username entered: InvalidUser
2026-08-26 22:13:43 [main] INFO  utils.LoggerUtil - [PASS] Test Case Log_001 Invalid username error message displayed successfully.
2026-08-26 22:13:43 [main] INFO  utils.LoggerUtil - Starting test case execution: Log_006
2026-08-26 22:14:03 [main] ERROR utils.LoggerUtil - Expected condition failed: waiting for element to be clickable: By.xpath: //div[@id="nav-link-accountList"]//button[@class="nav-flyout-button nav-icon nav-arrow"] (tried for 10 second(s) with 500 milliseconds interval)
Build info: version: '4.35.0', revision: '1c58e5028b'
System info: os.name: 'Windows 11', os.arch: 'amd64', os.version: '10.0', java.version: '21.0.12'
Driver info: org.openqa.selenium.chrome.ChromeDriver
Capabilities {acceptInsecureCerts: false, browserName: chrome, browserVersion: 151.0.7922.170, chrome: {chromedriverVersion: 151.0.7922.138 (41fa8244239..., userDataDir: C:\Users\DROOFF~1\AppData\L...}, fedcm:accounts: true, goog:chromeOptions: {debuggerAddress: localhost:59884}, goog:processID: 9092, networkConnectionEnabled: false, pageLoadStrategy: normal, platformName: windows, proxy: Proxy(), se:cdp: ws://localhost:59884/devtoo..., se:cdpVersion: 151.0.7922.170, setWindowRect: true, strictFileInteractability: false, timeouts: {implicit: 0, pageLoad: 300000, script: 30000}, unhandledPromptBehavior: dismiss and notify, webauthn:extension:credBlob: true, webauthn:extension:largeBlob: true, webauthn:extension:minPinLength: true, webauthn:extension:prf: true, webauthn:virtualAuthenticators: true}
Session ID: d0ee032f578e395ff17999551928496e
org.openqa.selenium.TimeoutException: Expected condition failed: waiting for element to be clickable: By.xpath: //div[@id="nav-link-accountList"]//button[@class="nav-flyout-button nav-icon nav-arrow"] (tried for 10 second(s) with 500 milliseconds interval)
Build info: version: '4.35.0', revision: '1c58e5028b'
System info: os.name: 'Windows 11', os.arch: 'amd64', os.version: '10.0', java.version: '21.0.12'
Driver info: org.openqa.selenium.chrome.ChromeDriver
Capabilities {acceptInsecureCerts: false, browserName: chrome, browserVersion: 151.0.7922.170, chrome: {chromedriverVersion: 151.0.7922.138 (41fa8244239..., userDataDir: C:\Users\DROOFF~1\AppData\L...}, fedcm:accounts: true, goog:chromeOptions: {debuggerAddress: localhost:59884}, goog:processID: 9092, networkConnectionEnabled: false, pageLoadStrategy: normal, platformName: windows, proxy: Proxy(), se:cdp: ws://localhost:59884/devtoo..., se:cdpVersion: 151.0.7922.170, setWindowRect: true, strictFileInteractability: false, timeouts: {implicit: 0, pageLoad: 300000, script: 30000}, unhandledPromptBehavior: dismiss and notify, webauthn:extension:credBlob: true, webauthn:extension:largeBlob: true, webauthn:extension:minPinLength: true, webauthn:extension:prf: true, webauthn:virtualAuthenticators: true}
Session ID: d0ee032f578e395ff17999551928496e
	at org.openqa.selenium.support.ui.WebDriverWait.timeoutException(WebDriverWait.java:84)
	at org.openqa.selenium.support.ui.FluentWait.until(FluentWait.java:228)
	at pages.BasePage.click(BasePage.java:25)
	at pages.LoginPage.clickIconAccountListArrow(LoginPage.java:42)
	at tests.LoginTest.Log_006_ValidLogout(LoginTest.java:141)
	at java.base/jdk.internal.reflect.DirectMethodHandleAccessor.invoke(DirectMethodHandleAccessor.java:103)
	at java.base/java.lang.reflect.Method.invoke(Method.java:580)
	at org.testng.internal.invokers.MethodInvocationHelper.invokeMethod(MethodInvocationHelper.java:141)
	at org.testng.internal.invokers.TestInvoker.invokeMethod(TestInvoker.java:687)
	at org.testng.internal.invokers.TestInvoker.invokeTestMethod(TestInvoker.java:230)
	at org.testng.internal.invokers.MethodRunner.runInSequence(MethodRunner.java:63)
	at org.testng.internal.invokers.TestInvoker$MethodInvocationAgent.invoke(TestInvoker.java:995)
	at org.testng.internal.invokers.TestInvoker.invokeTestMethods(TestInvoker.java:203)
	at org.testng.internal.invokers.TestMethodWorker.invokeTestMethods(TestMethodWorker.java:154)
	at org.testng.internal.invokers.TestMethodWorker.run(TestMethodWorker.java:134)
	at java.base/java.util.ArrayList.forEach(ArrayList.java:1596)
	at org.testng.TestRunner.privateRun(TestRunner.java:741)
	at org.testng.TestRunner.run(TestRunner.java:616)
	at org.testng.SuiteRunner.runTest(SuiteRunner.java:421)
	at org.testng.SuiteRunner.runSequentially(SuiteRunner.java:413)
	at org.testng.SuiteRunner.privateRun(SuiteRunner.java:373)
	at org.testng.SuiteRunner.run(SuiteRunner.java:312)
	at org.testng.SuiteRunnerWorker.runSuite(SuiteRunnerWorker.java:52)
	at org.testng.SuiteRunnerWorker.run(SuiteRunnerWorker.java:95)
	at org.testng.TestNG.runSuitesSequentially(TestNG.java:1274)
	at org.testng.TestNG.runSuitesLocally(TestNG.java:1208)
	at org.testng.TestNG.runSuites(TestNG.java:1112)
	at org.testng.TestNG.run(TestNG.java:1079)
	at org.testng.remote.AbstractRemoteTestNG.run(AbstractRemoteTestNG.java:115)
	at org.testng.remote.RemoteTestNG.initAndRun(RemoteTestNG.java:293)
	at org.testng.remote.RemoteTestNG.main(RemoteTestNG.java:91)
2026-08-26 22:17:48 [main] INFO  utils.LoggerUtil - Starting test case execution: Log_001
2026-08-26 22:17:50 [main] INFO  utils.LoggerUtil - [PASS] AccountListArrow Icon Clicked.
2026-08-26 22:17:50 [main] INFO  utils.LoggerUtil - [PASS] SignIn Button Clicked.
2026-08-26 22:17:52 [main] INFO  utils.LoggerUtil - [PASS] Username entered: InvalidUser
2026-08-26 22:17:53 [main] INFO  utils.LoggerUtil - [PASS] Test Case Log_001 Invalid username error message displayed successfully.
2026-08-26 22:18:15 [main] INFO  utils.LoggerUtil - Starting test case execution: Log_006
2026-08-26 22:18:20 [main] INFO  utils.LoggerUtil - [PASS] AccountListArrow Icon Clicked.
2026-08-26 22:18:20 [main] INFO  utils.LoggerUtil - [PASS] SignIn Button Clicked.
2026-08-26 22:18:22 [main] INFO  utils.LoggerUtil - [PASS] Username entered: vinnarasiv17@gmail.com
2026-08-26 22:18:24 [main] INFO  utils.LoggerUtil - [PASS] The Password entered.
2026-08-26 22:18:28 [main] INFO  utils.LoggerUtil - [PASS] SignInSubmit Button Clicked.
2026-08-26 22:18:28 [main] INFO  utils.LoggerUtil - Test Case  User is able to login successfully. Dashboard Title: Online Shopping site in India: Shop Online for Mobiles, Books, Watches, Shoes and More - Amazon.in
2026-08-26 22:18:29 [main] INFO  utils.LoggerUtil - [PASS] AccountListArrow Icon Clicked.
2026-08-26 22:18:32 [main] INFO  utils.LoggerUtil - [PASS] Signout link Clicked.
2026-08-26 22:18:32 [main] INFO  utils.LoggerUtil - [PASS] Test Case Log_006 User is able to logout successfully. Dashboard Title: Amazon Sign-In
2026-08-26 22:22:07 [main] INFO  utils.LoggerUtil - Starting test case execution: Log_001
2026-08-26 22:22:09 [main] INFO  utils.LoggerUtil - [PASS] AccountListArrow Icon Clicked.
2026-08-26 22:22:10 [main] INFO  utils.LoggerUtil - [PASS] SignIn Button Clicked.
2026-08-26 22:22:12 [main] INFO  utils.LoggerUtil - [PASS] Username entered: InvalidUser
2026-08-26 22:22:12 [main] INFO  utils.LoggerUtil - [PASS] Test Case Log_001 Invalid username error message displayed successfully.
2026-08-26 22:22:12 [main] INFO  utils.LoggerUtil - Starting test case execution: Log_006
2026-08-26 22:22:32 [main] ERROR utils.LoggerUtil - Expected condition failed: waiting for element to be clickable: By.xpath: //div[@id="nav-link-accountList"]//button[@class="nav-flyout-button nav-icon nav-arrow"] (tried for 10 second(s) with 500 milliseconds interval)
Build info: version: '4.35.0', revision: '1c58e5028b'
System info: os.name: 'Windows 11', os.arch: 'amd64', os.version: '10.0', java.version: '21.0.12'
Driver info: org.openqa.selenium.chrome.ChromeDriver
Capabilities {acceptInsecureCerts: false, browserName: chrome, browserVersion: 151.0.7922.170, chrome: {chromedriverVersion: 151.0.7922.138 (41fa8244239..., userDataDir: C:\Users\DROOFF~1\AppData\L...}, fedcm:accounts: true, goog:chromeOptions: {debuggerAddress: localhost:49241}, goog:processID: 21164, networkConnectionEnabled: false, pageLoadStrategy: normal, platformName: windows, proxy: Proxy(), se:cdp: ws://localhost:49241/devtoo..., se:cdpVersion: 151.0.7922.170, setWindowRect: true, strictFileInteractability: false, timeouts: {implicit: 0, pageLoad: 300000, script: 30000}, unhandledPromptBehavior: dismiss and notify, webauthn:extension:credBlob: true, webauthn:extension:largeBlob: true, webauthn:extension:minPinLength: true, webauthn:extension:prf: true, webauthn:virtualAuthenticators: true}
Session ID: ade23ad9e01497ebff0bf881e287f1be
org.openqa.selenium.TimeoutException: Expected condition failed: waiting for element to be clickable: By.xpath: //div[@id="nav-link-accountList"]//button[@class="nav-flyout-button nav-icon nav-arrow"] (tried for 10 second(s) with 500 milliseconds interval)
Build info: version: '4.35.0', revision: '1c58e5028b'
System info: os.name: 'Windows 11', os.arch: 'amd64', os.version: '10.0', java.version: '21.0.12'
Driver info: org.openqa.selenium.chrome.ChromeDriver
Capabilities {acceptInsecureCerts: false, browserName: chrome, browserVersion: 151.0.7922.170, chrome: {chromedriverVersion: 151.0.7922.138 (41fa8244239..., userDataDir: C:\Users\DROOFF~1\AppData\L...}, fedcm:accounts: true, goog:chromeOptions: {debuggerAddress: localhost:49241}, goog:processID: 21164, networkConnectionEnabled: false, pageLoadStrategy: normal, platformName: windows, proxy: Proxy(), se:cdp: ws://localhost:49241/devtoo..., se:cdpVersion: 151.0.7922.170, setWindowRect: true, strictFileInteractability: false, timeouts: {implicit: 0, pageLoad: 300000, script: 30000}, unhandledPromptBehavior: dismiss and notify, webauthn:extension:credBlob: true, webauthn:extension:largeBlob: true, webauthn:extension:minPinLength: true, webauthn:extension:prf: true, webauthn:virtualAuthenticators: true}
Session ID: ade23ad9e01497ebff0bf881e287f1be
	at org.openqa.selenium.support.ui.WebDriverWait.timeoutException(WebDriverWait.java:84)
	at org.openqa.selenium.support.ui.FluentWait.until(FluentWait.java:228)
	at pages.BasePage.click(BasePage.java:25)
	at pages.LoginPage.clickIconAccountListArrow(LoginPage.java:42)
	at tests.LoginTest.Log_006_ValidLogout(LoginTest.java:141)
	at java.base/jdk.internal.reflect.DirectMethodHandleAccessor.invoke(DirectMethodHandleAccessor.java:103)
	at java.base/java.lang.reflect.Method.invoke(Method.java:580)
	at org.testng.internal.invokers.MethodInvocationHelper.invokeMethod(MethodInvocationHelper.java:141)
	at org.testng.internal.invokers.TestInvoker.invokeMethod(TestInvoker.java:687)
	at org.testng.internal.invokers.TestInvoker.invokeTestMethod(TestInvoker.java:230)
	at org.testng.internal.invokers.MethodRunner.runInSequence(MethodRunner.java:63)
	at org.testng.internal.invokers.TestInvoker$MethodInvocationAgent.invoke(TestInvoker.java:995)
	at org.testng.internal.invokers.TestInvoker.invokeTestMethods(TestInvoker.java:203)
	at org.testng.internal.invokers.TestMethodWorker.invokeTestMethods(TestMethodWorker.java:154)
	at org.testng.internal.invokers.TestMethodWorker.run(TestMethodWorker.java:134)
	at java.base/java.util.ArrayList.forEach(ArrayList.java:1596)
	at org.testng.TestRunner.privateRun(TestRunner.java:741)
	at org.testng.TestRunner.run(TestRunner.java:616)
	at org.testng.SuiteRunner.runTest(SuiteRunner.java:421)
	at org.testng.SuiteRunner.runSequentially(SuiteRunner.java:413)
	at org.testng.SuiteRunner.privateRun(SuiteRunner.java:373)
	at org.testng.SuiteRunner.run(SuiteRunner.java:312)
	at org.testng.SuiteRunnerWorker.runSuite(SuiteRunnerWorker.java:52)
	at org.testng.SuiteRunnerWorker.run(SuiteRunnerWorker.java:95)
	at org.testng.TestNG.runSuitesSequentially(TestNG.java:1274)
	at org.testng.TestNG.runSuitesLocally(TestNG.java:1208)
	at org.testng.TestNG.runSuites(TestNG.java:1112)
	at org.testng.TestNG.run(TestNG.java:1079)
	at org.testng.remote.AbstractRemoteTestNG.run(AbstractRemoteTestNG.java:115)
	at org.testng.remote.RemoteTestNG.initAndRun(RemoteTestNG.java:293)
	at org.testng.remote.RemoteTestNG.main(RemoteTestNG.java:91)
2026-08-26 22:36:40 [main] INFO  utils.LoggerUtil - Starting test case execution: Log_001
2026-08-26 22:36:40 [main] INFO  utils.LoggerUtil - [PASS] AccountListArrow Icon Clicked.
2026-08-26 22:36:40 [main] INFO  utils.LoggerUtil - [PASS] SignIn Button Clicked.
2026-08-26 22:36:42 [main] INFO  utils.LoggerUtil - [PASS] Username entered: InvalidUser
2026-08-26 22:36:42 [main] INFO  utils.LoggerUtil - [PASS] Test Case Log_001 Invalid username error message displayed successfully.
2026-08-26 22:36:42 [main] INFO  utils.LoggerUtil - Starting test case execution: Log_006
2026-08-26 22:37:03 [main] ERROR utils.LoggerUtil - Expected condition failed: waiting for element to be clickable: By.xpath: //div[@id="nav-link-accountList"]//button[@class="nav-flyout-button nav-icon nav-arrow"] (tried for 10 second(s) with 500 milliseconds interval)
Build info: version: '4.35.0', revision: '1c58e5028b'
System info: os.name: 'Windows 11', os.arch: 'amd64', os.version: '10.0', java.version: '21.0.12'
Driver info: org.openqa.selenium.chrome.ChromeDriver
Capabilities {acceptInsecureCerts: false, browserName: chrome, browserVersion: 151.0.7922.170, chrome: {chromedriverVersion: 151.0.7922.138 (41fa8244239..., userDataDir: C:\Users\DROOFF~1\AppData\L...}, fedcm:accounts: true, goog:chromeOptions: {debuggerAddress: localhost:58689}, goog:processID: 16008, networkConnectionEnabled: false, pageLoadStrategy: normal, platformName: windows, proxy: Proxy(), se:cdp: ws://localhost:58689/devtoo..., se:cdpVersion: 151.0.7922.170, setWindowRect: true, strictFileInteractability: false, timeouts: {implicit: 0, pageLoad: 300000, script: 30000}, unhandledPromptBehavior: dismiss and notify, webauthn:extension:credBlob: true, webauthn:extension:largeBlob: true, webauthn:extension:minPinLength: true, webauthn:extension:prf: true, webauthn:virtualAuthenticators: true}
Session ID: 28ca2a2f284ae0b8e8f6a406be787b54
org.openqa.selenium.TimeoutException: Expected condition failed: waiting for element to be clickable: By.xpath: //div[@id="nav-link-accountList"]//button[@class="nav-flyout-button nav-icon nav-arrow"] (tried for 10 second(s) with 500 milliseconds interval)
Build info: version: '4.35.0', revision: '1c58e5028b'
System info: os.name: 'Windows 11', os.arch: 'amd64', os.version: '10.0', java.version: '21.0.12'
Driver info: org.openqa.selenium.chrome.ChromeDriver
Capabilities {acceptInsecureCerts: false, browserName: chrome, browserVersion: 151.0.7922.170, chrome: {chromedriverVersion: 151.0.7922.138 (41fa8244239..., userDataDir: C:\Users\DROOFF~1\AppData\L...}, fedcm:accounts: true, goog:chromeOptions: {debuggerAddress: localhost:58689}, goog:processID: 16008, networkConnectionEnabled: false, pageLoadStrategy: normal, platformName: windows, proxy: Proxy(), se:cdp: ws://localhost:58689/devtoo..., se:cdpVersion: 151.0.7922.170, setWindowRect: true, strictFileInteractability: false, timeouts: {implicit: 0, pageLoad: 300000, script: 30000}, unhandledPromptBehavior: dismiss and notify, webauthn:extension:credBlob: true, webauthn:extension:largeBlob: true, webauthn:extension:minPinLength: true, webauthn:extension:prf: true, webauthn:virtualAuthenticators: true}
Session ID: 28ca2a2f284ae0b8e8f6a406be787b54
	at org.openqa.selenium.support.ui.WebDriverWait.timeoutException(WebDriverWait.java:84)
	at org.openqa.selenium.support.ui.FluentWait.until(FluentWait.java:228)
	at pages.BasePage.click(BasePage.java:25)
	at pages.LoginPage.clickIconAccountListArrow(LoginPage.java:42)
	at tests.LoginTest.Log_006_ValidLogout(LoginTest.java:141)
	at java.base/jdk.internal.reflect.DirectMethodHandleAccessor.invoke(DirectMethodHandleAccessor.java:103)
	at java.base/java.lang.reflect.Method.invoke(Method.java:580)
	at org.testng.internal.invokers.MethodInvocationHelper.invokeMethod(MethodInvocationHelper.java:141)
	at org.testng.internal.invokers.TestInvoker.invokeMethod(TestInvoker.java:687)
	at org.testng.internal.invokers.TestInvoker.invokeTestMethod(TestInvoker.java:230)
	at org.testng.internal.invokers.MethodRunner.runInSequence(MethodRunner.java:63)
	at org.testng.internal.invokers.TestInvoker$MethodInvocationAgent.invoke(TestInvoker.java:995)
	at org.testng.internal.invokers.TestInvoker.invokeTestMethods(TestInvoker.java:203)
	at org.testng.internal.invokers.TestMethodWorker.invokeTestMethods(TestMethodWorker.java:154)
	at org.testng.internal.invokers.TestMethodWorker.run(TestMethodWorker.java:134)
	at java.base/java.util.ArrayList.forEach(ArrayList.java:1596)
	at org.testng.TestRunner.privateRun(TestRunner.java:741)
	at org.testng.TestRunner.run(TestRunner.java:616)
	at org.testng.SuiteRunner.runTest(SuiteRunner.java:421)
	at org.testng.SuiteRunner.runSequentially(SuiteRunner.java:413)
	at org.testng.SuiteRunner.privateRun(SuiteRunner.java:373)
	at org.testng.SuiteRunner.run(SuiteRunner.java:312)
	at org.testng.SuiteRunnerWorker.runSuite(SuiteRunnerWorker.java:52)
	at org.testng.SuiteRunnerWorker.run(SuiteRunnerWorker.java:95)
	at org.testng.TestNG.runSuitesSequentially(TestNG.java:1274)
	at org.testng.TestNG.runSuitesLocally(TestNG.java:1208)
	at org.testng.TestNG.runSuites(TestNG.java:1112)
	at org.testng.TestNG.run(TestNG.java:1079)
	at org.testng.remote.AbstractRemoteTestNG.run(AbstractRemoteTestNG.java:115)
	at org.testng.remote.RemoteTestNG.initAndRun(RemoteTestNG.java:293)
	at org.testng.remote.RemoteTestNG.main(RemoteTestNG.java:91)
2026-08-26 22:38:02 [main] INFO  utils.LoggerUtil - Starting test case execution: Log_001
2026-08-26 22:38:04 [main] INFO  utils.LoggerUtil - [PASS] AccountListArrow Icon Clicked.
2026-08-26 22:38:04 [main] INFO  utils.LoggerUtil - [PASS] SignIn Button Clicked.
2026-08-26 22:38:06 [main] INFO  utils.LoggerUtil - [PASS] Username entered: InvalidUser
2026-08-26 22:38:06 [main] INFO  utils.LoggerUtil - [PASS] Test Case Log_001 Invalid username error message displayed successfully.
2026-08-26 22:38:24 [main] INFO  utils.LoggerUtil - Starting test case execution: Log_006
2026-08-26 22:38:29 [main] INFO  utils.LoggerUtil - [PASS] AccountListArrow Icon Clicked.
2026-08-26 22:38:29 [main] INFO  utils.LoggerUtil - [PASS] SignIn Button Clicked.
2026-08-26 22:38:32 [main] INFO  utils.LoggerUtil - [PASS] Username entered: vinnarasiv17@gmail.com
2026-08-26 22:38:34 [main] INFO  utils.LoggerUtil - [PASS] The Password entered.
2026-08-26 22:38:38 [main] INFO  utils.LoggerUtil - [PASS] SignInSubmit Button Clicked.
2026-08-26 22:38:38 [main] INFO  utils.LoggerUtil - Test Case  User is able to login successfully. Dashboard Title: Online Shopping site in India: Shop Online for Mobiles, Books, Watches, Shoes and More - Amazon.in
2026-08-26 22:38:39 [main] INFO  utils.LoggerUtil - [PASS] AccountListArrow Icon Clicked.
2026-08-26 22:38:42 [main] INFO  utils.LoggerUtil - [PASS] Signout link Clicked.
2026-08-26 22:38:43 [main] INFO  utils.LoggerUtil - [PASS] Test Case Log_006 User is able to logout successfully. Dashboard Title: Amazon Sign-In
2026-08-26 22:48:03 [main] INFO  utils.LoggerUtil - Starting test case execution: Log_001
2026-08-26 22:48:05 [main] INFO  utils.LoggerUtil - [PASS] AccountListArrow Icon Clicked.
2026-08-26 22:48:05 [main] INFO  utils.LoggerUtil - [PASS] SignIn Button Clicked.
2026-08-26 22:48:07 [main] INFO  utils.LoggerUtil - [PASS] Username entered: InvalidUser
2026-08-26 22:48:07 [main] INFO  utils.LoggerUtil - [PASS] Test Case Log_001 Invalid username error message displayed successfully.
2026-08-26 22:48:26 [main] INFO  utils.LoggerUtil - Starting test case execution: Log_006
2026-08-26 22:48:31 [main] INFO  utils.LoggerUtil - [PASS] AccountListArrow Icon Clicked.
2026-08-26 22:48:31 [main] INFO  utils.LoggerUtil - [PASS] SignIn Button Clicked.
2026-08-26 22:48:33 [main] INFO  utils.LoggerUtil - [PASS] Username entered: vinnarasiv17@gmail.com
2026-08-26 22:48:34 [main] INFO  utils.LoggerUtil - [PASS] The Password entered.
2026-08-26 22:48:39 [main] INFO  utils.LoggerUtil - [PASS] SignInSubmit Button Clicked.
2026-08-26 22:48:39 [main] INFO  utils.LoggerUtil - Test Case  User is able to login successfully. Dashboard Title: Online Shopping site in India: Shop Online for Mobiles, Books, Watches, Shoes and More - Amazon.in
2026-08-26 22:48:40 [main] INFO  utils.LoggerUtil - [PASS] AccountListArrow Icon Clicked.
2026-08-26 22:48:43 [main] INFO  utils.LoggerUtil - [PASS] Signout link Clicked.
2026-08-26 22:48:43 [main] INFO  utils.LoggerUtil - [PASS] Test Case Log_006 User is able to logout successfully. Dashboard Title: Amazon Sign-In
2026-08-26 22:49:55 [main] INFO  utils.LoggerUtil - Starting test case execution: Log_001
2026-08-26 22:49:55 [main] INFO  utils.LoggerUtil - [PASS] AccountListArrow Icon Clicked.
2026-08-26 22:49:56 [main] INFO  utils.LoggerUtil - [PASS] SignIn Button Clicked.
2026-08-26 22:49:57 [main] INFO  utils.LoggerUtil - [PASS] Username entered: InvalidUser
2026-08-26 22:49:58 [main] INFO  utils.LoggerUtil - [PASS] Test Case Log_001 Invalid username error message displayed successfully.
2026-08-26 22:50:02 [main] INFO  utils.LoggerUtil - Starting test case execution: Log_002
2026-08-26 22:50:05 [main] INFO  utils.LoggerUtil - [PASS] AccountListArrow Icon Clicked.
2026-08-26 22:50:06 [main] INFO  utils.LoggerUtil - [PASS] SignIn Button Clicked.
2026-08-26 22:50:08 [main] INFO  utils.LoggerUtil - [PASS] Username entered: vinnarasiv17@gmail.com
2026-08-26 22:50:10 [main] INFO  utils.LoggerUtil - [PASS] The Password entered.
2026-08-26 22:50:11 [main] INFO  utils.LoggerUtil - [PASS] SignInSubmit Button Clicked.
2026-08-26 22:50:11 [main] INFO  utils.LoggerUtil - [PASS] Test Case Log_002 Invalid username error message displayed successfully.
2026-08-26 22:50:15 [main] INFO  utils.LoggerUtil - Starting test case execution: Log_003
2026-08-26 22:50:19 [main] INFO  utils.LoggerUtil - [PASS] AccountListArrow Icon Clicked.
2026-08-26 22:50:19 [main] INFO  utils.LoggerUtil - [PASS] SignIn Button Clicked.
2026-08-26 22:50:21 [main] INFO  utils.LoggerUtil - [PASS] Username entered: 
2026-08-26 22:50:21 [main] INFO  utils.LoggerUtil - [PASS] Test Case Log_003 Enter your mobile number or email Error message displayed successfully.
2026-08-26 22:50:25 [main] INFO  utils.LoggerUtil - Starting test case execution: Log_004
2026-08-26 22:50:29 [main] INFO  utils.LoggerUtil - [PASS] AccountListArrow Icon Clicked.
2026-08-26 22:50:29 [main] INFO  utils.LoggerUtil - [PASS] SignIn Button Clicked.
2026-08-26 22:50:31 [main] INFO  utils.LoggerUtil - [PASS] Username entered: vinnarasiv17@gmail.com
2026-08-26 22:50:33 [main] INFO  utils.LoggerUtil - [PASS] The Password entered.
2026-08-26 22:50:33 [main] INFO  utils.LoggerUtil - [PASS] SignInSubmit Button Clicked.
2026-08-26 22:50:33 [main] INFO  utils.LoggerUtil - [PASS] Test Case Log_004 Enter your password Error message displayed successfully.
2026-08-26 22:50:41 [main] INFO  utils.LoggerUtil - Starting test case execution: Log_005
2026-08-26 22:50:41 [main] INFO  utils.LoggerUtil - [PASS] AccountListArrow Icon Clicked.
2026-08-26 22:50:41 [main] INFO  utils.LoggerUtil - [PASS] SignIn Button Clicked.
2026-08-26 22:50:43 [main] INFO  utils.LoggerUtil - [PASS] Username entered: vinnarasiv17@gmail.com
2026-08-26 22:50:44 [main] INFO  utils.LoggerUtil - [PASS] The Password entered.
2026-08-26 22:50:49 [main] INFO  utils.LoggerUtil - [PASS] SignInSubmit Button Clicked.
2026-08-26 22:50:49 [main] INFO  utils.LoggerUtil - [PASS] Test Case Log_005 User is able to login successfully. Dashboard Title: Online Shopping site in India: Shop Online for Mobiles, Books, Watches, Shoes and More - Amazon.in
2026-08-26 22:50:52 [main] INFO  utils.LoggerUtil - Starting test case execution: Log_006
2026-08-26 22:50:58 [main] INFO  utils.LoggerUtil - [PASS] AccountListArrow Icon Clicked.
2026-08-26 22:50:59 [main] INFO  utils.LoggerUtil - [PASS] SignIn Button Clicked.
2026-08-26 22:51:00 [main] INFO  utils.LoggerUtil - [PASS] Username entered: vinnarasiv17@gmail.com
2026-08-26 22:51:02 [main] INFO  utils.LoggerUtil - [PASS] The Password entered.
2026-08-26 22:51:07 [main] INFO  utils.LoggerUtil - [PASS] SignInSubmit Button Clicked.
2026-08-26 22:51:08 [main] INFO  utils.LoggerUtil - Test Case  User is able to login successfully. Dashboard Title: Online Shopping site in India: Shop Online for Mobiles, Books, Watches, Shoes and More - Amazon.in
2026-08-26 22:51:08 [main] INFO  utils.LoggerUtil - [PASS] AccountListArrow Icon Clicked.
2026-08-26 22:51:12 [main] INFO  utils.LoggerUtil - [PASS] Signout link Clicked.
2026-08-26 22:51:12 [main] INFO  utils.LoggerUtil - [PASS] Test Case Log_006 User is able to logout successfully. Dashboard Title: Amazon Sign-In
2026-08-26 22:57:12 [main] INFO  utils.LoggerUtil - [PASS] AccountListArrow Icon Clicked.
2026-08-26 22:57:12 [main] INFO  utils.LoggerUtil - [PASS] SignIn Button Clicked.
2026-08-26 22:57:14 [main] INFO  utils.LoggerUtil - [PASS] Username entered: vinnarasiv17@gmail.com
2026-08-26 22:57:16 [main] INFO  utils.LoggerUtil - [PASS] The Password entered.
2026-08-26 22:57:21 [main] INFO  utils.LoggerUtil - [PASS] SignInSubmit Button Clicked.
2026-08-26 22:57:23 [main] INFO  utils.LoggerUtil - Starting test case execution: Search_001
2026-08-26 22:58:57 [main] INFO  utils.LoggerUtil - Starting test case execution: Log_001
2026-08-26 22:58:59 [main] INFO  utils.LoggerUtil - [PASS] AccountListArrow Icon Clicked.
2026-08-26 22:59:00 [main] INFO  utils.LoggerUtil - [PASS] SignIn Button Clicked.
2026-08-26 22:59:01 [main] INFO  utils.LoggerUtil - [PASS] Username entered: InvalidUser
2026-08-26 22:59:02 [main] INFO  utils.LoggerUtil - [PASS] Test Case Log_001 Invalid username error message displayed successfully.
2026-08-26 22:59:05 [main] INFO  utils.LoggerUtil - Starting test case execution: Log_002
2026-08-26 22:59:10 [main] INFO  utils.LoggerUtil - [PASS] AccountListArrow Icon Clicked.
2026-08-26 22:59:10 [main] INFO  utils.LoggerUtil - [PASS] SignIn Button Clicked.
2026-08-26 22:59:12 [main] INFO  utils.LoggerUtil - [PASS] Username entered: vinnarasiv17@gmail.com
2026-08-26 22:59:14 [main] INFO  utils.LoggerUtil - [PASS] The Password entered.
2026-08-26 22:59:15 [main] INFO  utils.LoggerUtil - [PASS] SignInSubmit Button Clicked.
2026-08-26 22:59:15 [main] INFO  utils.LoggerUtil - [PASS] Test Case Log_002 Invalid username error message displayed successfully.
2026-08-26 22:59:19 [main] INFO  utils.LoggerUtil - Starting test case execution: Log_003
2026-08-26 22:59:24 [main] INFO  utils.LoggerUtil - [PASS] AccountListArrow Icon Clicked.
2026-08-26 22:59:24 [main] INFO  utils.LoggerUtil - [PASS] SignIn Button Clicked.
2026-08-26 22:59:26 [main] INFO  utils.LoggerUtil - [PASS] Username entered: 
2026-08-26 22:59:26 [main] INFO  utils.LoggerUtil - [PASS] Test Case Log_003 Enter your mobile number or email Error message displayed successfully.
2026-08-26 22:59:30 [main] INFO  utils.LoggerUtil - Starting test case execution: Log_004
2026-08-26 22:59:35 [main] INFO  utils.LoggerUtil - [PASS] AccountListArrow Icon Clicked.
2026-08-26 22:59:35 [main] INFO  utils.LoggerUtil - [PASS] SignIn Button Clicked.
2026-08-26 22:59:37 [main] INFO  utils.LoggerUtil - [PASS] Username entered: vinnarasiv17@gmail.com
2026-08-26 22:59:38 [main] INFO  utils.LoggerUtil - [PASS] The Password entered.
2026-08-26 22:59:39 [main] INFO  utils.LoggerUtil - [PASS] SignInSubmit Button Clicked.
2026-08-26 22:59:39 [main] INFO  utils.LoggerUtil - [PASS] Test Case Log_004 Enter your password Error message displayed successfully.
2026-08-26 22:59:42 [main] INFO  utils.LoggerUtil - Starting test case execution: Log_005
2026-08-26 22:59:46 [main] INFO  utils.LoggerUtil - [PASS] AccountListArrow Icon Clicked.
2026-08-26 22:59:46 [main] INFO  utils.LoggerUtil - [PASS] SignIn Button Clicked.
2026-08-26 22:59:48 [main] INFO  utils.LoggerUtil - [PASS] Username entered: vinnarasiv17@gmail.com
2026-08-26 22:59:50 [main] INFO  utils.LoggerUtil - [PASS] The Password entered.
2026-08-26 22:59:54 [main] INFO  utils.LoggerUtil - [PASS] SignInSubmit Button Clicked.
2026-08-26 22:59:54 [main] INFO  utils.LoggerUtil - [PASS] Test Case Log_005 User is able to login successfully. Dashboard Title: Online Shopping site in India: Shop Online for Mobiles, Books, Watches, Shoes and More - Amazon.in
2026-08-26 23:00:04 [main] INFO  utils.LoggerUtil - Starting test case execution: Log_006
2026-08-26 23:00:08 [main] INFO  utils.LoggerUtil - [PASS] AccountListArrow Icon Clicked.
2026-08-26 23:00:08 [main] INFO  utils.LoggerUtil - [PASS] SignIn Button Clicked.
2026-08-26 23:00:10 [main] INFO  utils.LoggerUtil - [PASS] Username entered: vinnarasiv17@gmail.com
2026-08-26 23:00:12 [main] INFO  utils.LoggerUtil - [PASS] The Password entered.
2026-08-26 23:00:16 [main] INFO  utils.LoggerUtil - [PASS] SignInSubmit Button Clicked.
2026-08-26 23:00:16 [main] INFO  utils.LoggerUtil - Test Case  User is able to login successfully. Dashboard Title: Online Shopping site in India: Shop Online for Mobiles, Books, Watches, Shoes and More - Amazon.in
2026-08-26 23:00:18 [main] INFO  utils.LoggerUtil - [PASS] AccountListArrow Icon Clicked.
2026-08-26 23:00:20 [main] INFO  utils.LoggerUtil - [PASS] Signout link Clicked.
2026-08-26 23:00:20 [main] INFO  utils.LoggerUtil - [PASS] Test Case Log_006 User is able to logout successfully. Dashboard Title: Amazon Sign-In
2026-08-26 23:11:37 [main] INFO  utils.LoggerUtil - [PASS] AccountListArrow Icon Clicked.
2026-08-26 23:11:37 [main] INFO  utils.LoggerUtil - [PASS] SignIn Button Clicked.
2026-08-26 23:11:40 [main] INFO  utils.LoggerUtil - [PASS] Username entered: vinnarasiv17@gmail.com
2026-08-26 23:11:41 [main] INFO  utils.LoggerUtil - [PASS] The Password entered.
2026-08-26 23:11:44 [main] INFO  utils.LoggerUtil - [PASS] SignInSubmit Button Clicked.
2026-08-26 23:11:47 [main] INFO  utils.LoggerUtil - Starting test case execution: Search_001
2026-08-26 23:21:45 [main] INFO  utils.LoggerUtil - [PASS] AccountListArrow Icon Clicked.
2026-08-26 23:21:45 [main] INFO  utils.LoggerUtil - [PASS] SignIn Button Clicked.
2026-08-26 23:21:47 [main] INFO  utils.LoggerUtil - [PASS] Username entered: vinnarasiv17@gmail.com
2026-08-26 23:21:49 [main] INFO  utils.LoggerUtil - [PASS] The Password entered.
2026-08-26 23:21:53 [main] INFO  utils.LoggerUtil - [PASS] SignInSubmit Button Clicked.
2026-08-26 23:21:55 [main] INFO  utils.LoggerUtil - Starting test case execution: Search_001
2026-08-27 12:17:40 [main] INFO  utils.LoggerUtil - [PASS] AccountListArrow Icon Clicked.
2026-08-27 12:17:41 [main] INFO  utils.LoggerUtil - [PASS] SignIn Button Clicked.
2026-08-27 12:17:43 [main] INFO  utils.LoggerUtil - [PASS] Username entered: vinnarasiv17@gmail.com
2026-08-27 12:17:44 [main] INFO  utils.LoggerUtil - [PASS] The Password entered.
2026-08-27 12:17:49 [main] INFO  utils.LoggerUtil - [PASS] SignInSubmit Button Clicked.
2026-08-27 12:17:52 [main] INFO  utils.LoggerUtil - Starting test case execution: Search_001
2026-08-27 12:17:52 [main] INFO  utils.LoggerUtil - [PASS] Search Product entered: iphone 17 pro
2026-08-27 12:18:12 [main] INFO  utils.LoggerUtil - [PASS] Test Case Search_001 Search Products displayed successfully.
2026-08-27 12:18:40 [main] INFO  utils.LoggerUtil - [PASS] AccountListArrow Icon Clicked.
2026-08-27 12:18:41 [main] INFO  utils.LoggerUtil - [PASS] SignIn Button Clicked.
2026-08-27 12:18:43 [main] INFO  utils.LoggerUtil - [PASS] Username entered: vinnarasiv17@gmail.com
2026-08-27 12:18:45 [main] INFO  utils.LoggerUtil - [PASS] The Password entered.
2026-08-27 12:18:48 [main] INFO  utils.LoggerUtil - [PASS] SignInSubmit Button Clicked.
2026-08-27 12:18:50 [main] INFO  utils.LoggerUtil - Starting test case execution: Search_001
2026-08-27 12:18:51 [main] INFO  utils.LoggerUtil - [PASS] Search Product entered: iphone 17 pro
2026-08-27 12:19:11 [main] INFO  utils.LoggerUtil - [PASS] Test Case Search_001 Search Products displayed successfully.
2026-08-27 13:44:18 [main] INFO  utils.LoggerUtil - [PASS] AccountListArrow Icon Clicked.
2026-08-27 13:44:18 [main] INFO  utils.LoggerUtil - [PASS] SignIn Button Clicked.
2026-08-27 13:44:20 [main] INFO  utils.LoggerUtil - [PASS] Username entered: vinnarasiv17@gmail.com
2026-08-27 13:44:21 [main] INFO  utils.LoggerUtil - [PASS] The Password entered.
2026-08-27 13:44:24 [main] INFO  utils.LoggerUtil - [PASS] SignInSubmit Button Clicked.
2026-08-27 13:44:26 [main] INFO  utils.LoggerUtil - Starting test case execution: Search_001
2026-08-27 13:44:26 [main] INFO  utils.LoggerUtil - [PASS] Search Product entered: iphone 17 pro
2026-08-27 13:44:33 [main] INFO  utils.LoggerUtil - [PASS] Test Case Search_001 Search Products displayed successfully.
2026-08-27 13:48:07 [main] INFO  utils.LoggerUtil - [PASS] AccountListArrow Icon Clicked.
2026-08-27 13:48:07 [main] INFO  utils.LoggerUtil - [PASS] SignIn Button Clicked.
2026-08-27 13:48:09 [main] INFO  utils.LoggerUtil - [PASS] Username entered: vinnarasiv17@gmail.com
2026-08-27 13:48:10 [main] INFO  utils.LoggerUtil - [PASS] The Password entered.
2026-08-27 13:48:13 [main] INFO  utils.LoggerUtil - [PASS] SignInSubmit Button Clicked.
2026-08-27 13:48:14 [main] INFO  utils.LoggerUtil - Starting test case execution: Search_001
2026-08-27 13:48:15 [main] INFO  utils.LoggerUtil - [PASS] Search Product entered: iphone 17 pro
2026-08-27 13:48:21 [main] INFO  utils.LoggerUtil - [PASS] Test Case Search_001 Search Products displayed successfully.
2026-08-27 13:57:49 [main] INFO  utils.LoggerUtil - [PASS] AccountListArrow Icon Clicked.
2026-08-27 13:57:50 [main] INFO  utils.LoggerUtil - [PASS] SignIn Button Clicked.
2026-08-27 13:57:51 [main] INFO  utils.LoggerUtil - [PASS] Username entered: vinnarasiv17@gmail.com
2026-08-27 13:57:53 [main] INFO  utils.LoggerUtil - [PASS] The Password entered.
2026-08-27 13:57:57 [main] INFO  utils.LoggerUtil - [PASS] SignInSubmit Button Clicked.
2026-08-27 13:57:59 [main] INFO  utils.LoggerUtil - Starting test case execution: Search_001
2026-08-27 13:57:59 [main] INFO  utils.LoggerUtil - [PASS] Search Product entered: iphone 17 pro
2026-08-27 19:18:24 [main] INFO  utils.LoggerUtil - [PASS] AccountListArrow Icon Clicked.
2026-08-27 19:18:26 [main] INFO  utils.LoggerUtil - [PASS] SignIn Button Clicked.
2026-08-27 19:18:26 [main] INFO  utils.LoggerUtil - [PASS] Username entered: vinnarasiv17@gmail.com
2026-08-27 19:18:32 [main] INFO  utils.LoggerUtil - [PASS] The Password entered.
2026-08-27 19:18:49 [main] INFO  utils.LoggerUtil - [PASS] SignInSubmit Button Clicked.
2026-08-27 19:18:51 [main] INFO  utils.LoggerUtil - Starting test case execution: Search_001
2026-08-27 19:18:52 [main] INFO  utils.LoggerUtil - [PASS] Search Product entered: iphone 17 pro
2026-08-27 19:19:03 [main] ERROR utils.LoggerUtil - expected [true] but found [false]
java.lang.AssertionError: expected [true] but found [false]
	at org.testng.Assert.fail(Assert.java:111)
	at org.testng.Assert.failNotEquals(Assert.java:1590)
	at org.testng.Assert.assertEqualsImpl(Assert.java:150)
	at org.testng.Assert.assertEquals(Assert.java:132)
	at org.testng.Assert.assertEquals(Assert.java:1079)
	at org.testng.Assert.assertEquals(Assert.java:1043)
	at org.testng.Assert.assertEquals(Assert.java:1089)
	at pages.ProductSearchPage.verifySearchResultsDisplayed(ProductSearchPage.java:49)
	at tests.ProductSearchTest.Search_001_VerifySearchProduct(ProductSearchTest.java:29)
	at java.base/jdk.internal.reflect.DirectMethodHandleAccessor.invoke(DirectMethodHandleAccessor.java:103)
	at java.base/java.lang.reflect.Method.invoke(Method.java:580)
	at org.testng.internal.invokers.MethodInvocationHelper.invokeMethod(MethodInvocationHelper.java:141)
	at org.testng.internal.invokers.TestInvoker.invokeMethod(TestInvoker.java:687)
	at org.testng.internal.invokers.TestInvoker.invokeTestMethod(TestInvoker.java:230)
	at org.testng.internal.invokers.MethodRunner.runInSequence(MethodRunner.java:63)
	at org.testng.internal.invokers.TestInvoker$MethodInvocationAgent.invoke(TestInvoker.java:995)
	at org.testng.internal.invokers.TestInvoker.invokeTestMethods(TestInvoker.java:203)
	at org.testng.internal.invokers.TestMethodWorker.invokeTestMethods(TestMethodWorker.java:154)
	at org.testng.internal.invokers.TestMethodWorker.run(TestMethodWorker.java:134)
	at java.base/java.util.ArrayList.forEach(ArrayList.java:1596)
	at org.testng.TestRunner.privateRun(TestRunner.java:741)
	at org.testng.TestRunner.run(TestRunner.java:616)
	at org.testng.SuiteRunner.runTest(SuiteRunner.java:421)
	at org.testng.SuiteRunner.runSequentially(SuiteRunner.java:413)
	at org.testng.SuiteRunner.privateRun(SuiteRunner.java:373)
	at org.testng.SuiteRunner.run(SuiteRunner.java:312)
	at org.testng.SuiteRunnerWorker.runSuite(SuiteRunnerWorker.java:52)
	at org.testng.SuiteRunnerWorker.run(SuiteRunnerWorker.java:95)
	at org.testng.TestNG.runSuitesSequentially(TestNG.java:1274)
	at org.testng.TestNG.runSuitesLocally(TestNG.java:1208)
	at org.testng.TestNG.runSuites(TestNG.java:1112)
	at org.testng.TestNG.run(TestNG.java:1079)
	at org.testng.remote.AbstractRemoteTestNG.run(AbstractRemoteTestNG.java:115)
	at org.testng.remote.RemoteTestNG.initAndRun(RemoteTestNG.java:293)
	at org.testng.remote.RemoteTestNG.main(RemoteTestNG.java:91)
2026-08-27 19:23:27 [main] INFO  utils.LoggerUtil - [PASS] AccountListArrow Icon Clicked.
2026-08-27 19:23:27 [main] INFO  utils.LoggerUtil - [PASS] SignIn Button Clicked.
2026-08-27 19:23:30 [main] INFO  utils.LoggerUtil - [PASS] Username entered: vinnarasiv17@gmail.com
2026-08-27 19:23:34 [main] INFO  utils.LoggerUtil - [PASS] The Password entered.
2026-08-27 19:23:42 [main] INFO  utils.LoggerUtil - [PASS] SignInSubmit Button Clicked.
2026-08-27 19:23:44 [main] INFO  utils.LoggerUtil - Starting test case execution: Search_001
2026-08-27 19:23:44 [main] INFO  utils.LoggerUtil - [PASS] Search Product entered: iphone 17 pro
2026-08-27 19:23:55 [main] ERROR utils.LoggerUtil - expected [true] but found [false]
java.lang.AssertionError: expected [true] but found [false]
	at org.testng.Assert.fail(Assert.java:111)
	at org.testng.Assert.failNotEquals(Assert.java:1590)
	at org.testng.Assert.assertEqualsImpl(Assert.java:150)
	at org.testng.Assert.assertEquals(Assert.java:132)
	at org.testng.Assert.assertEquals(Assert.java:1079)
	at org.testng.Assert.assertEquals(Assert.java:1043)
	at org.testng.Assert.assertEquals(Assert.java:1089)
	at pages.ProductSearchPage.verifySearchResultsDisplayed(ProductSearchPage.java:49)
	at tests.ProductSearchTest.Search_001_VerifySearchProduct(ProductSearchTest.java:29)
	at java.base/jdk.internal.reflect.DirectMethodHandleAccessor.invoke(DirectMethodHandleAccessor.java:103)
	at java.base/java.lang.reflect.Method.invoke(Method.java:580)
	at org.testng.internal.invokers.MethodInvocationHelper.invokeMethod(MethodInvocationHelper.java:141)
	at org.testng.internal.invokers.TestInvoker.invokeMethod(TestInvoker.java:687)
	at org.testng.internal.invokers.TestInvoker.invokeTestMethod(TestInvoker.java:230)
	at org.testng.internal.invokers.MethodRunner.runInSequence(MethodRunner.java:63)
	at org.testng.internal.invokers.TestInvoker$MethodInvocationAgent.invoke(TestInvoker.java:995)
	at org.testng.internal.invokers.TestInvoker.invokeTestMethods(TestInvoker.java:203)
	at org.testng.internal.invokers.TestMethodWorker.invokeTestMethods(TestMethodWorker.java:154)
	at org.testng.internal.invokers.TestMethodWorker.run(TestMethodWorker.java:134)
	at java.base/java.util.ArrayList.forEach(ArrayList.java:1596)
	at org.testng.TestRunner.privateRun(TestRunner.java:741)
	at org.testng.TestRunner.run(TestRunner.java:616)
	at org.testng.SuiteRunner.runTest(SuiteRunner.java:421)
	at org.testng.SuiteRunner.runSequentially(SuiteRunner.java:413)
	at org.testng.SuiteRunner.privateRun(SuiteRunner.java:373)
	at org.testng.SuiteRunner.run(SuiteRunner.java:312)
	at org.testng.SuiteRunnerWorker.runSuite(SuiteRunnerWorker.java:52)
	at org.testng.SuiteRunnerWorker.run(SuiteRunnerWorker.java:95)
	at org.testng.TestNG.runSuitesSequentially(TestNG.java:1274)
	at org.testng.TestNG.runSuitesLocally(TestNG.java:1208)
	at org.testng.TestNG.runSuites(TestNG.java:1112)
	at org.testng.TestNG.run(TestNG.java:1079)
	at org.testng.remote.AbstractRemoteTestNG.run(AbstractRemoteTestNG.java:115)
	at org.testng.remote.RemoteTestNG.initAndRun(RemoteTestNG.java:293)
	at org.testng.remote.RemoteTestNG.main(RemoteTestNG.java:91)
2026-08-27 19:32:58 [main] INFO  utils.LoggerUtil - [PASS] AccountListArrow Icon Clicked.
2026-08-27 19:32:58 [main] INFO  utils.LoggerUtil - [PASS] SignIn Button Clicked.
2026-08-27 19:33:00 [main] INFO  utils.LoggerUtil - [PASS] Username entered: vinnarasiv17@gmail.com
2026-08-27 19:33:03 [main] INFO  utils.LoggerUtil - [PASS] The Password entered.
2026-08-27 19:33:12 [main] INFO  utils.LoggerUtil - [PASS] SignInSubmit Button Clicked.
2026-08-27 19:33:14 [main] INFO  utils.LoggerUtil - Starting test case execution: Search_001
2026-08-27 19:33:15 [main] INFO  utils.LoggerUtil - [PASS] Search Product entered: iphone 17 pro
2026-08-27 19:33:52 [main] ERROR utils.LoggerUtil - expected [true] but found [false]
java.lang.AssertionError: expected [true] but found [false]
	at org.testng.Assert.fail(Assert.java:111)
	at org.testng.Assert.failNotEquals(Assert.java:1590)
	at org.testng.Assert.assertEqualsImpl(Assert.java:150)
	at org.testng.Assert.assertEquals(Assert.java:132)
	at org.testng.Assert.assertEquals(Assert.java:1079)
	at org.testng.Assert.assertEquals(Assert.java:1043)
	at org.testng.Assert.assertEquals(Assert.java:1089)
	at pages.ProductSearchPage.verifySearchResultsDisplayed(ProductSearchPage.java:49)
	at tests.ProductSearchTest.Search_001_VerifySearchProduct(ProductSearchTest.java:29)
	at java.base/jdk.internal.reflect.DirectMethodHandleAccessor.invoke(DirectMethodHandleAccessor.java:103)
	at java.base/java.lang.reflect.Method.invoke(Method.java:580)
	at org.testng.internal.invokers.MethodInvocationHelper.invokeMethod(MethodInvocationHelper.java:141)
	at org.testng.internal.invokers.TestInvoker.invokeMethod(TestInvoker.java:687)
	at org.testng.internal.invokers.TestInvoker.invokeTestMethod(TestInvoker.java:230)
	at org.testng.internal.invokers.MethodRunner.runInSequence(MethodRunner.java:63)
	at org.testng.internal.invokers.TestInvoker$MethodInvocationAgent.invoke(TestInvoker.java:995)
	at org.testng.internal.invokers.TestInvoker.invokeTestMethods(TestInvoker.java:203)
	at org.testng.internal.invokers.TestMethodWorker.invokeTestMethods(TestMethodWorker.java:154)
	at org.testng.internal.invokers.TestMethodWorker.run(TestMethodWorker.java:134)
	at java.base/java.util.ArrayList.forEach(ArrayList.java:1596)
	at org.testng.TestRunner.privateRun(TestRunner.java:741)
	at org.testng.TestRunner.run(TestRunner.java:616)
	at org.testng.SuiteRunner.runTest(SuiteRunner.java:421)
	at org.testng.SuiteRunner.runSequentially(SuiteRunner.java:413)
	at org.testng.SuiteRunner.privateRun(SuiteRunner.java:373)
	at org.testng.SuiteRunner.run(SuiteRunner.java:312)
	at org.testng.SuiteRunnerWorker.runSuite(SuiteRunnerWorker.java:52)
	at org.testng.SuiteRunnerWorker.run(SuiteRunnerWorker.java:95)
	at org.testng.TestNG.runSuitesSequentially(TestNG.java:1274)
	at org.testng.TestNG.runSuitesLocally(TestNG.java:1208)
	at org.testng.TestNG.runSuites(TestNG.java:1112)
	at org.testng.TestNG.run(TestNG.java:1079)
	at org.testng.remote.AbstractRemoteTestNG.run(AbstractRemoteTestNG.java:115)
	at org.testng.remote.RemoteTestNG.initAndRun(RemoteTestNG.java:293)
	at org.testng.remote.RemoteTestNG.main(RemoteTestNG.java:91)
2026-08-27 19:34:57 [main] INFO  utils.LoggerUtil - [PASS] AccountListArrow Icon Clicked.
2026-08-27 19:34:57 [main] INFO  utils.LoggerUtil - [PASS] SignIn Button Clicked.
2026-08-27 19:35:03 [main] INFO  utils.LoggerUtil - [PASS] Username entered: vinnarasiv17@gmail.com
2026-08-27 19:35:08 [main] INFO  utils.LoggerUtil - [PASS] The Password entered.
2026-08-27 19:35:19 [main] INFO  utils.LoggerUtil - [PASS] SignInSubmit Button Clicked.
2026-08-27 19:35:20 [main] INFO  utils.LoggerUtil - Starting test case execution: Search_001
2026-08-27 19:35:21 [main] INFO  utils.LoggerUtil - [PASS] Search Product entered: iphone 17 pro
2026-08-27 19:35:31 [main] ERROR utils.LoggerUtil - expected [true] but found [false]
java.lang.AssertionError: expected [true] but found [false]
	at org.testng.Assert.fail(Assert.java:111)
	at org.testng.Assert.failNotEquals(Assert.java:1590)
	at org.testng.Assert.assertEqualsImpl(Assert.java:150)
	at org.testng.Assert.assertEquals(Assert.java:132)
	at org.testng.Assert.assertEquals(Assert.java:1079)
	at org.testng.Assert.assertEquals(Assert.java:1043)
	at org.testng.Assert.assertEquals(Assert.java:1089)
	at pages.ProductSearchPage.verifySearchResultsDisplayed(ProductSearchPage.java:49)
	at tests.ProductSearchTest.Search_001_VerifySearchProduct(ProductSearchTest.java:29)
	at java.base/jdk.internal.reflect.DirectMethodHandleAccessor.invoke(DirectMethodHandleAccessor.java:103)
	at java.base/java.lang.reflect.Method.invoke(Method.java:580)
	at org.testng.internal.invokers.MethodInvocationHelper.invokeMethod(MethodInvocationHelper.java:141)
	at org.testng.internal.invokers.TestInvoker.invokeMethod(TestInvoker.java:687)
	at org.testng.internal.invokers.TestInvoker.invokeTestMethod(TestInvoker.java:230)
	at org.testng.internal.invokers.MethodRunner.runInSequence(MethodRunner.java:63)
	at org.testng.internal.invokers.TestInvoker$MethodInvocationAgent.invoke(TestInvoker.java:995)
	at org.testng.internal.invokers.TestInvoker.invokeTestMethods(TestInvoker.java:203)
	at org.testng.internal.invokers.TestMethodWorker.invokeTestMethods(TestMethodWorker.java:154)
	at org.testng.internal.invokers.TestMethodWorker.run(TestMethodWorker.java:134)
	at java.base/java.util.ArrayList.forEach(ArrayList.java:1596)
	at org.testng.TestRunner.privateRun(TestRunner.java:741)
	at org.testng.TestRunner.run(TestRunner.java:616)
	at org.testng.SuiteRunner.runTest(SuiteRunner.java:421)
	at org.testng.SuiteRunner.runSequentially(SuiteRunner.java:413)
	at org.testng.SuiteRunner.privateRun(SuiteRunner.java:373)
	at org.testng.SuiteRunner.run(SuiteRunner.java:312)
	at org.testng.SuiteRunnerWorker.runSuite(SuiteRunnerWorker.java:52)
	at org.testng.SuiteRunnerWorker.run(SuiteRunnerWorker.java:95)
	at org.testng.TestNG.runSuitesSequentially(TestNG.java:1274)
	at org.testng.TestNG.runSuitesLocally(TestNG.java:1208)
	at org.testng.TestNG.runSuites(TestNG.java:1112)
	at org.testng.TestNG.run(TestNG.java:1079)
	at org.testng.remote.AbstractRemoteTestNG.run(AbstractRemoteTestNG.java:115)
	at org.testng.remote.RemoteTestNG.initAndRun(RemoteTestNG.java:293)
	at org.testng.remote.RemoteTestNG.main(RemoteTestNG.java:91)
2026-09-07 20:08:10 [main] INFO  utils.LoggerUtil - [PASS] AccountListArrow Icon Clicked.
2026-09-07 20:08:10 [main] INFO  utils.LoggerUtil - [PASS] SignIn Button Clicked.
2026-09-07 20:08:13 [main] INFO  utils.LoggerUtil - [PASS] Username entered: vinnarasiv17@gmail.com
2026-09-07 20:08:15 [main] INFO  utils.LoggerUtil - [PASS] The Password entered.
2026-09-07 20:08:17 [main] INFO  utils.LoggerUtil - [PASS] SignInSubmit Button Clicked.
2026-09-07 20:08:17 [main] ERROR utils.LoggerUtil - Error in loginToApplication
2026-09-07 20:08:20 [main] INFO  utils.LoggerUtil - Starting test case execution: Log_001
2026-09-07 20:08:23 [main] INFO  utils.LoggerUtil - [PASS] AccountListArrow Icon Clicked.
2026-09-07 20:08:23 [main] INFO  utils.LoggerUtil - [PASS] SignIn Button Clicked.
2026-09-07 20:08:25 [main] INFO  utils.LoggerUtil - [PASS] Username entered: InvalidUser
2026-09-07 20:08:25 [main] INFO  utils.LoggerUtil - [PASS] Test Case Log_001 Invalid username error message displayed successfully.
2026-09-07 20:08:28 [main] INFO  utils.LoggerUtil - Starting test case execution: Log_002
2026-09-07 20:08:32 [main] INFO  utils.LoggerUtil - [PASS] AccountListArrow Icon Clicked.
2026-09-07 20:08:32 [main] INFO  utils.LoggerUtil - [PASS] SignIn Button Clicked.
2026-09-07 20:08:34 [main] INFO  utils.LoggerUtil - [PASS] Username entered: vinnarasiv17@gmail.com
2026-09-07 20:08:36 [main] INFO  utils.LoggerUtil - [PASS] The Password entered.
2026-09-07 20:08:37 [main] INFO  utils.LoggerUtil - [PASS] SignInSubmit Button Clicked.
2026-09-07 20:08:37 [main] INFO  utils.LoggerUtil - [PASS] Test Case Log_002 Invalid username error message displayed successfully.
2026-09-07 20:08:39 [main] INFO  utils.LoggerUtil - Starting test case execution: Log_003
2026-09-07 20:08:42 [main] INFO  utils.LoggerUtil - [PASS] AccountListArrow Icon Clicked.
2026-09-07 20:08:42 [main] INFO  utils.LoggerUtil - [PASS] SignIn Button Clicked.
2026-09-07 20:08:44 [main] INFO  utils.LoggerUtil - [PASS] Username entered: 
2026-09-07 20:08:45 [main] INFO  utils.LoggerUtil - [PASS] Test Case Log_003 Enter your mobile number or email Error message displayed successfully.
2026-09-07 20:08:47 [main] INFO  utils.LoggerUtil - Starting test case execution: Log_004
2026-09-07 20:08:49 [main] INFO  utils.LoggerUtil - [PASS] AccountListArrow Icon Clicked.
2026-09-07 20:08:49 [main] INFO  utils.LoggerUtil - [PASS] SignIn Button Clicked.
2026-09-07 20:08:52 [main] INFO  utils.LoggerUtil - [PASS] Username entered: vinnarasiv17@gmail.com
2026-09-07 20:08:54 [main] INFO  utils.LoggerUtil - [PASS] The Password entered.
2026-09-07 20:08:54 [main] INFO  utils.LoggerUtil - [PASS] SignInSubmit Button Clicked.
2026-09-07 20:08:54 [main] INFO  utils.LoggerUtil - [PASS] Test Case Log_004 Enter your password Error message displayed successfully.
2026-09-07 20:08:56 [main] INFO  utils.LoggerUtil - Starting test case execution: Log_005
2026-09-07 20:09:03 [main] INFO  utils.LoggerUtil - [PASS] AccountListArrow Icon Clicked.
2026-09-07 20:09:03 [main] INFO  utils.LoggerUtil - [PASS] SignIn Button Clicked.
2026-09-07 20:09:06 [main] INFO  utils.LoggerUtil - [PASS] Username entered: vinnarasiv17@gmail.com
2026-09-07 20:09:08 [main] INFO  utils.LoggerUtil - [PASS] The Password entered.
2026-09-07 20:09:13 [main] INFO  utils.LoggerUtil - [PASS] SignInSubmit Button Clicked.
2026-09-07 20:09:13 [main] INFO  utils.LoggerUtil - [PASS] Test Case Log_005 User is able to login successfully. Dashboard Title: Online Shopping site in India: Shop Online for Mobiles, Books, Watches, Shoes and More - Amazon.in
2026-09-07 20:09:15 [main] INFO  utils.LoggerUtil - Starting test case execution: Log_006
2026-09-07 20:09:21 [main] INFO  utils.LoggerUtil - [PASS] AccountListArrow Icon Clicked.
2026-09-07 20:09:21 [main] INFO  utils.LoggerUtil - [PASS] SignIn Button Clicked.
2026-09-07 20:09:24 [main] INFO  utils.LoggerUtil - [PASS] Username entered: vinnarasiv17@gmail.com
2026-09-07 20:09:25 [main] INFO  utils.LoggerUtil - [PASS] The Password entered.
2026-09-07 20:09:31 [main] INFO  utils.LoggerUtil - [PASS] SignInSubmit Button Clicked.
2026-09-07 20:09:31 [main] INFO  utils.LoggerUtil - Test Case  User is able to login successfully. Dashboard Title: Online Shopping site in India: Shop Online for Mobiles, Books, Watches, Shoes and More - Amazon.in
2026-09-07 20:09:32 [main] INFO  utils.LoggerUtil - [PASS] AccountListArrow Icon Clicked.
2026-09-07 20:09:35 [main] INFO  utils.LoggerUtil - [PASS] Signout link Clicked.
2026-09-07 20:11:03 [main] INFO  utils.LoggerUtil - [PASS] AccountListArrow Icon Clicked.
2026-09-07 20:11:03 [main] INFO  utils.LoggerUtil - [PASS] SignIn Button Clicked.
2026-09-07 20:11:08 [main] INFO  utils.LoggerUtil - [PASS] Username entered: vinnarasiv17@gmail.com
2026-09-07 20:11:09 [main] INFO  utils.LoggerUtil - [PASS] The Password entered.
2026-09-07 20:11:16 [main] INFO  utils.LoggerUtil - [PASS] SignInSubmit Button Clicked.
2026-09-07 20:11:16 [main] INFO  utils.LoggerUtil - Starting test case execution: Search_001
2026-09-07 20:11:17 [main] INFO  utils.LoggerUtil - [PASS] Search Product entered: iphone 17 pro
2026-09-07 20:11:20 [main] ERROR utils.LoggerUtil - expected [true] but found [false]
java.lang.AssertionError: expected [true] but found [false]
	at org.testng.Assert.fail(Assert.java:111)
	at org.testng.Assert.failNotEquals(Assert.java:1590)
	at org.testng.Assert.assertEqualsImpl(Assert.java:150)
	at org.testng.Assert.assertEquals(Assert.java:132)
	at org.testng.Assert.assertEquals(Assert.java:1079)
	at org.testng.Assert.assertEquals(Assert.java:1043)
	at org.testng.Assert.assertEquals(Assert.java:1089)
	at pages.ProductSearchPage.verifySearchResultsDisplayed(ProductSearchPage.java:49)
	at tests.ProductSearchTest.Search_001_VerifySearchProduct(ProductSearchTest.java:29)
	at java.base/jdk.internal.reflect.DirectMethodHandleAccessor.invoke(DirectMethodHandleAccessor.java:103)
	at java.base/java.lang.reflect.Method.invoke(Method.java:580)
	at org.testng.internal.invokers.MethodInvocationHelper.invokeMethod(MethodInvocationHelper.java:141)
	at org.testng.internal.invokers.TestInvoker.invokeMethod(TestInvoker.java:687)
	at org.testng.internal.invokers.TestInvoker.invokeTestMethod(TestInvoker.java:230)
	at org.testng.internal.invokers.MethodRunner.runInSequence(MethodRunner.java:63)
	at org.testng.internal.invokers.TestInvoker$MethodInvocationAgent.invoke(TestInvoker.java:995)
	at org.testng.internal.invokers.TestInvoker.invokeTestMethods(TestInvoker.java:203)
	at org.testng.internal.invokers.TestMethodWorker.invokeTestMethods(TestMethodWorker.java:154)
	at org.testng.internal.invokers.TestMethodWorker.run(TestMethodWorker.java:134)
	at java.base/java.util.ArrayList.forEach(ArrayList.java:1596)
	at org.testng.TestRunner.privateRun(TestRunner.java:741)
	at org.testng.TestRunner.run(TestRunner.java:616)
	at org.testng.SuiteRunner.runTest(SuiteRunner.java:421)
	at org.testng.SuiteRunner.runSequentially(SuiteRunner.java:413)
	at org.testng.SuiteRunner.privateRun(SuiteRunner.java:373)
	at org.testng.SuiteRunner.run(SuiteRunner.java:312)
	at org.testng.SuiteRunnerWorker.runSuite(SuiteRunnerWorker.java:52)
	at org.testng.SuiteRunnerWorker.run(SuiteRunnerWorker.java:95)
	at org.testng.TestNG.runSuitesSequentially(TestNG.java:1274)
	at org.testng.TestNG.runSuitesLocally(TestNG.java:1208)
	at org.testng.TestNG.runSuites(TestNG.java:1112)
	at org.testng.TestNG.run(TestNG.java:1079)
	at org.testng.remote.AbstractRemoteTestNG.run(AbstractRemoteTestNG.java:115)
	at org.testng.remote.RemoteTestNG.initAndRun(RemoteTestNG.java:293)
	at org.testng.remote.RemoteTestNG.main(RemoteTestNG.java:91)
2026-09-07 20:11:22 [main] INFO  utils.LoggerUtil - Starting test case execution: Log_001
2026-09-07 20:11:25 [main] INFO  utils.LoggerUtil - [PASS] AccountListArrow Icon Clicked.
2026-09-07 20:11:25 [main] INFO  utils.LoggerUtil - [PASS] SignIn Button Clicked.
2026-09-07 20:11:30 [main] INFO  utils.LoggerUtil - [PASS] Username entered: InvalidUser
2026-09-07 20:11:30 [main] INFO  utils.LoggerUtil - [PASS] Test Case Log_001 Invalid username error message displayed successfully.
2026-09-07 20:11:32 [main] INFO  utils.LoggerUtil - Starting test case execution: Log_002
2026-09-07 20:11:37 [main] INFO  utils.LoggerUtil - [PASS] AccountListArrow Icon Clicked.
2026-09-07 20:11:37 [main] INFO  utils.LoggerUtil - [PASS] SignIn Button Clicked.
2026-09-07 20:11:39 [main] INFO  utils.LoggerUtil - [PASS] Username entered: vinnarasiv17@gmail.com
2026-09-07 20:11:41 [main] INFO  utils.LoggerUtil - [PASS] The Password entered.
2026-09-07 20:11:42 [main] INFO  utils.LoggerUtil - [PASS] SignInSubmit Button Clicked.
2026-09-07 20:11:42 [main] INFO  utils.LoggerUtil - [PASS] Test Case Log_002 Invalid username error message displayed successfully.
2026-09-07 20:11:44 [main] INFO  utils.LoggerUtil - Starting test case execution: Log_003
2026-09-07 20:11:50 [main] INFO  utils.LoggerUtil - [PASS] AccountListArrow Icon Clicked.
2026-09-07 20:11:53 [main] INFO  utils.LoggerUtil - [PASS] SignIn Button Clicked.
2026-09-07 20:11:53 [main] INFO  utils.LoggerUtil - [PASS] Username entered: 
2026-09-07 20:11:53 [main] INFO  utils.LoggerUtil - [PASS] Test Case Log_003 Enter your mobile number or email Error message displayed successfully.
2026-09-07 20:11:55 [main] INFO  utils.LoggerUtil - Starting test case execution: Log_004
2026-09-07 20:12:00 [main] INFO  utils.LoggerUtil - [PASS] AccountListArrow Icon Clicked.
2026-09-07 20:12:00 [main] INFO  utils.LoggerUtil - [PASS] SignIn Button Clicked.
2026-09-07 20:12:03 [main] INFO  utils.LoggerUtil - [PASS] Username entered: vinnarasiv17@gmail.com
2026-09-07 20:12:04 [main] INFO  utils.LoggerUtil - [PASS] The Password entered.
2026-09-07 20:12:04 [main] INFO  utils.LoggerUtil - [PASS] SignInSubmit Button Clicked.
2026-09-07 20:12:04 [main] INFO  utils.LoggerUtil - [PASS] Test Case Log_004 Enter your password Error message displayed successfully.
2026-09-07 20:12:07 [main] INFO  utils.LoggerUtil - Starting test case execution: Log_005
2026-09-07 20:12:10 [main] INFO  utils.LoggerUtil - [PASS] AccountListArrow Icon Clicked.
2026-09-07 20:12:10 [main] INFO  utils.LoggerUtil - [PASS] SignIn Button Clicked.
2026-09-07 20:12:13 [main] INFO  utils.LoggerUtil - [PASS] Username entered: vinnarasiv17@gmail.com
2026-09-07 20:12:15 [main] INFO  utils.LoggerUtil - [PASS] The Password entered.
2026-09-07 20:12:31 [main] INFO  utils.LoggerUtil - [PASS] SignInSubmit Button Clicked.
2026-09-07 20:12:31 [main] INFO  utils.LoggerUtil - [PASS] Test Case Log_005 User is able to login successfully. Dashboard Title: Online Shopping site in India: Shop Online for Mobiles, Books, Watches, Shoes and More - Amazon.in
2026-09-07 20:12:40 [main] INFO  utils.LoggerUtil - Starting test case execution: Log_006
2026-09-07 20:12:40 [main] INFO  utils.LoggerUtil - [PASS] AccountListArrow Icon Clicked.
2026-09-07 20:12:40 [main] INFO  utils.LoggerUtil - [PASS] SignIn Button Clicked.
2026-09-07 20:12:44 [main] INFO  utils.LoggerUtil - [PASS] Username entered: vinnarasiv17@gmail.com
2026-09-07 20:12:50 [main] INFO  utils.LoggerUtil - [PASS] The Password entered.
2026-09-07 20:13:00 [main] INFO  utils.LoggerUtil - [PASS] SignInSubmit Button Clicked.
2026-09-07 20:13:00 [main] INFO  utils.LoggerUtil - Test Case  User is able to login successfully. Dashboard Title: Online Shopping site in India: Shop Online for Mobiles, Books, Watches, Shoes and More - Amazon.in
2026-09-07 20:13:00 [main] INFO  utils.LoggerUtil - [PASS] AccountListArrow Icon Clicked.
2026-09-07 20:13:05 [main] INFO  utils.LoggerUtil - [PASS] Signout link Clicked.
2026-09-07 20:13:05 [main] INFO  utils.LoggerUtil - [PASS] Test Case Log_006 User is able to logout successfully. Dashboard Title: Amazon Sign-In
2026-09-07 21:16:07 [main] INFO  utils.LoggerUtil - [PASS] AccountListArrow Icon Clicked.
2026-09-07 21:16:07 [main] INFO  utils.LoggerUtil - [PASS] SignIn Button Clicked.
2026-09-07 21:16:12 [main] INFO  utils.LoggerUtil - [PASS] Username entered: vinnarasiv17@gmail.com
2026-09-07 21:16:19 [main] INFO  utils.LoggerUtil - [PASS] The Password entered.
2026-09-07 21:16:39 [main] INFO  utils.LoggerUtil - [PASS] SignInSubmit Button Clicked.
2026-09-07 21:16:41 [main] INFO  utils.LoggerUtil - Starting test case execution: Search_001
2026-09-07 21:16:41 [main] INFO  utils.LoggerUtil - [PASS] Search Product entered: iphone 17 pro
2026-09-07 21:16:46 [main] ERROR utils.LoggerUtil - expected [true] but found [false]
java.lang.AssertionError: expected [true] but found [false]
	at org.testng.Assert.fail(Assert.java:111)
	at org.testng.Assert.failNotEquals(Assert.java:1590)
	at org.testng.Assert.assertEqualsImpl(Assert.java:150)
	at org.testng.Assert.assertEquals(Assert.java:132)
	at org.testng.Assert.assertEquals(Assert.java:1079)
	at org.testng.Assert.assertEquals(Assert.java:1043)
	at org.testng.Assert.assertEquals(Assert.java:1089)
	at pages.ProductSearchPage.verifySearchResultsDisplayed(ProductSearchPage.java:49)
	at tests.ProductSearchTest.Search_001_VerifySearchProduct(ProductSearchTest.java:29)
	at java.base/jdk.internal.reflect.DirectMethodHandleAccessor.invoke(DirectMethodHandleAccessor.java:103)
	at java.base/java.lang.reflect.Method.invoke(Method.java:580)
	at org.testng.internal.invokers.MethodInvocationHelper.invokeMethod(MethodInvocationHelper.java:141)
	at org.testng.internal.invokers.TestInvoker.invokeMethod(TestInvoker.java:687)
	at org.testng.internal.invokers.TestInvoker.invokeTestMethod(TestInvoker.java:230)
	at org.testng.internal.invokers.MethodRunner.runInSequence(MethodRunner.java:63)
	at org.testng.internal.invokers.TestInvoker$MethodInvocationAgent.invoke(TestInvoker.java:995)
	at org.testng.internal.invokers.TestInvoker.invokeTestMethods(TestInvoker.java:203)
	at org.testng.internal.invokers.TestMethodWorker.invokeTestMethods(TestMethodWorker.java:154)
	at org.testng.internal.invokers.TestMethodWorker.run(TestMethodWorker.java:134)
	at java.base/java.util.ArrayList.forEach(ArrayList.java:1596)
	at org.testng.TestRunner.privateRun(TestRunner.java:741)
	at org.testng.TestRunner.run(TestRunner.java:616)
	at org.testng.SuiteRunner.runTest(SuiteRunner.java:421)
	at org.testng.SuiteRunner.runSequentially(SuiteRunner.java:413)
	at org.testng.SuiteRunner.privateRun(SuiteRunner.java:373)
	at org.testng.SuiteRunner.run(SuiteRunner.java:312)
	at org.testng.SuiteRunnerWorker.runSuite(SuiteRunnerWorker.java:52)
	at org.testng.SuiteRunnerWorker.run(SuiteRunnerWorker.java:95)
	at org.testng.TestNG.runSuitesSequentially(TestNG.java:1274)
	at org.testng.TestNG.runSuitesLocally(TestNG.java:1208)
	at org.testng.TestNG.runSuites(TestNG.java:1112)
	at org.testng.TestNG.run(TestNG.java:1079)
	at org.testng.remote.AbstractRemoteTestNG.run(AbstractRemoteTestNG.java:115)
	at org.testng.remote.RemoteTestNG.initAndRun(RemoteTestNG.java:293)
	at org.testng.remote.RemoteTestNG.main(RemoteTestNG.java:91)
2026-09-07 21:20:49 [main] INFO  utils.LoggerUtil - [PASS] AccountListArrow Icon Clicked.
2026-09-07 21:20:49 [main] INFO  utils.LoggerUtil - [PASS] SignIn Button Clicked.
2026-09-07 21:20:55 [main] INFO  utils.LoggerUtil - [PASS] Username entered: vinnarasiv17@gmail.com
2026-09-07 21:20:59 [main] INFO  utils.LoggerUtil - [PASS] The Password entered.
2026-09-07 21:21:04 [main] INFO  utils.LoggerUtil - [PASS] SignInSubmit Button Clicked.
2026-09-07 21:21:06 [main] INFO  utils.LoggerUtil - Starting test case execution: Search_001
2026-09-07 21:21:07 [main] INFO  utils.LoggerUtil - [PASS] Search Product entered: iphone 17 pro
2026-09-07 21:21:18 [main] ERROR utils.LoggerUtil - expected [true] but found [false]
java.lang.AssertionError: expected [true] but found [false]
	at org.testng.Assert.fail(Assert.java:111)
	at org.testng.Assert.failNotEquals(Assert.java:1590)
	at org.testng.Assert.assertEqualsImpl(Assert.java:150)
	at org.testng.Assert.assertEquals(Assert.java:132)
	at org.testng.Assert.assertEquals(Assert.java:1079)
	at org.testng.Assert.assertEquals(Assert.java:1043)
	at org.testng.Assert.assertEquals(Assert.java:1089)
	at pages.ProductSearchPage.verifySearchResultsDisplayed(ProductSearchPage.java:50)
	at tests.ProductSearchTest.Search_001_VerifySearchProduct(ProductSearchTest.java:29)
	at java.base/jdk.internal.reflect.DirectMethodHandleAccessor.invoke(DirectMethodHandleAccessor.java:103)
	at java.base/java.lang.reflect.Method.invoke(Method.java:580)
	at org.testng.internal.invokers.MethodInvocationHelper.invokeMethod(MethodInvocationHelper.java:141)
	at org.testng.internal.invokers.TestInvoker.invokeMethod(TestInvoker.java:687)
	at org.testng.internal.invokers.TestInvoker.invokeTestMethod(TestInvoker.java:230)
	at org.testng.internal.invokers.MethodRunner.runInSequence(MethodRunner.java:63)
	at org.testng.internal.invokers.TestInvoker$MethodInvocationAgent.invoke(TestInvoker.java:995)
	at org.testng.internal.invokers.TestInvoker.invokeTestMethods(TestInvoker.java:203)
	at org.testng.internal.invokers.TestMethodWorker.invokeTestMethods(TestMethodWorker.java:154)
	at org.testng.internal.invokers.TestMethodWorker.run(TestMethodWorker.java:134)
	at java.base/java.util.ArrayList.forEach(ArrayList.java:1596)
	at org.testng.TestRunner.privateRun(TestRunner.java:741)
	at org.testng.TestRunner.run(TestRunner.java:616)
	at org.testng.SuiteRunner.runTest(SuiteRunner.java:421)
	at org.testng.SuiteRunner.runSequentially(SuiteRunner.java:413)
	at org.testng.SuiteRunner.privateRun(SuiteRunner.java:373)
	at org.testng.SuiteRunner.run(SuiteRunner.java:312)
	at org.testng.SuiteRunnerWorker.runSuite(SuiteRunnerWorker.java:52)
	at org.testng.SuiteRunnerWorker.run(SuiteRunnerWorker.java:95)
	at org.testng.TestNG.runSuitesSequentially(TestNG.java:1274)
	at org.testng.TestNG.runSuitesLocally(TestNG.java:1208)
	at org.testng.TestNG.runSuites(TestNG.java:1112)
	at org.testng.TestNG.run(TestNG.java:1079)
	at org.testng.remote.AbstractRemoteTestNG.run(AbstractRemoteTestNG.java:115)
	at org.testng.remote.RemoteTestNG.initAndRun(RemoteTestNG.java:293)
	at org.testng.remote.RemoteTestNG.main(RemoteTestNG.java:91)
2026-09-07 21:27:07 [main] INFO  utils.LoggerUtil - [PASS] AccountListArrow Icon Clicked.
2026-09-07 21:27:08 [main] INFO  utils.LoggerUtil - [PASS] SignIn Button Clicked.
2026-09-07 21:27:10 [main] INFO  utils.LoggerUtil - [PASS] Username entered: vinnarasiv17@gmail.com
2026-09-07 21:27:12 [main] INFO  utils.LoggerUtil - [PASS] The Password entered.
2026-09-07 21:27:21 [main] INFO  utils.LoggerUtil - [PASS] SignInSubmit Button Clicked.
2026-09-07 21:27:23 [main] INFO  utils.LoggerUtil - Starting test case execution: Search_001
2026-09-07 21:27:23 [main] INFO  utils.LoggerUtil - [PASS] Search Product entered: iphone 17 pro
2026-09-07 21:27:43 [main] ERROR utils.LoggerUtil - expected [true] but found [false]
java.lang.AssertionError: expected [true] but found [false]
	at org.testng.Assert.fail(Assert.java:111)
	at org.testng.Assert.failNotEquals(Assert.java:1590)
	at org.testng.Assert.assertEqualsImpl(Assert.java:150)
	at org.testng.Assert.assertEquals(Assert.java:132)
	at org.testng.Assert.assertEquals(Assert.java:1079)
	at org.testng.Assert.assertEquals(Assert.java:1043)
	at org.testng.Assert.assertEquals(Assert.java:1089)
	at pages.ProductSearchPage.verifySearchResultsDisplayed(ProductSearchPage.java:50)
	at tests.ProductSearchTest.Search_001_VerifySearchProduct(ProductSearchTest.java:29)
	at java.base/jdk.internal.reflect.DirectMethodHandleAccessor.invoke(DirectMethodHandleAccessor.java:103)
	at java.base/java.lang.reflect.Method.invoke(Method.java:580)
	at org.testng.internal.invokers.MethodInvocationHelper.invokeMethod(MethodInvocationHelper.java:141)
	at org.testng.internal.invokers.TestInvoker.invokeMethod(TestInvoker.java:687)
	at org.testng.internal.invokers.TestInvoker.invokeTestMethod(TestInvoker.java:230)
	at org.testng.internal.invokers.MethodRunner.runInSequence(MethodRunner.java:63)
	at org.testng.internal.invokers.TestInvoker$MethodInvocationAgent.invoke(TestInvoker.java:995)
	at org.testng.internal.invokers.TestInvoker.invokeTestMethods(TestInvoker.java:203)
	at org.testng.internal.invokers.TestMethodWorker.invokeTestMethods(TestMethodWorker.java:154)
	at org.testng.internal.invokers.TestMethodWorker.run(TestMethodWorker.java:134)
	at java.base/java.util.ArrayList.forEach(ArrayList.java:1596)
	at org.testng.TestRunner.privateRun(TestRunner.java:741)
	at org.testng.TestRunner.run(TestRunner.java:616)
	at org.testng.SuiteRunner.runTest(SuiteRunner.java:421)
	at org.testng.SuiteRunner.runSequentially(SuiteRunner.java:413)
	at org.testng.SuiteRunner.privateRun(SuiteRunner.java:373)
	at org.testng.SuiteRunner.run(SuiteRunner.java:312)
	at org.testng.SuiteRunnerWorker.runSuite(SuiteRunnerWorker.java:52)
	at org.testng.SuiteRunnerWorker.run(SuiteRunnerWorker.java:95)
	at org.testng.TestNG.runSuitesSequentially(TestNG.java:1274)
	at org.testng.TestNG.runSuitesLocally(TestNG.java:1208)
	at org.testng.TestNG.runSuites(TestNG.java:1112)
	at org.testng.TestNG.run(TestNG.java:1079)
	at org.testng.remote.AbstractRemoteTestNG.run(AbstractRemoteTestNG.java:115)
	at org.testng.remote.RemoteTestNG.initAndRun(RemoteTestNG.java:293)
	at org.testng.remote.RemoteTestNG.main(RemoteTestNG.java:91)
2026-09-07 21:41:24 [main] INFO  utils.LoggerUtil - [PASS] AccountListArrow Icon Clicked.
2026-09-07 21:41:24 [main] INFO  utils.LoggerUtil - [PASS] SignIn Button Clicked.
2026-09-07 21:41:27 [main] INFO  utils.LoggerUtil - [PASS] Username entered: vinnarasiv17@gmail.com
2026-09-07 21:41:29 [main] INFO  utils.LoggerUtil - [PASS] The Password entered.
2026-09-07 21:41:52 [main] INFO  utils.LoggerUtil - [PASS] SignInSubmit Button Clicked.
2026-09-07 21:41:54 [main] INFO  utils.LoggerUtil - Starting test case execution: Search_001
2026-09-07 21:41:54 [main] INFO  utils.LoggerUtil - [PASS] Search Product entered: iphone 17 pro
2026-09-07 21:42:01 [main] ERROR utils.LoggerUtil - expected [true] but found [false]
java.lang.AssertionError: expected [true] but found [false]
	at org.testng.Assert.fail(Assert.java:111)
	at org.testng.Assert.failNotEquals(Assert.java:1590)
	at org.testng.Assert.assertEqualsImpl(Assert.java:150)
	at org.testng.Assert.assertEquals(Assert.java:132)
	at org.testng.Assert.assertEquals(Assert.java:1079)
	at org.testng.Assert.assertEquals(Assert.java:1043)
	at org.testng.Assert.assertEquals(Assert.java:1089)
	at pages.ProductSearchPage.verifySearchResultsDisplayed(ProductSearchPage.java:46)
	at tests.ProductSearchTest.Search_001_VerifySearchProduct(ProductSearchTest.java:29)
	at java.base/jdk.internal.reflect.DirectMethodHandleAccessor.invoke(DirectMethodHandleAccessor.java:103)
	at java.base/java.lang.reflect.Method.invoke(Method.java:580)
	at org.testng.internal.invokers.MethodInvocationHelper.invokeMethod(MethodInvocationHelper.java:141)
	at org.testng.internal.invokers.TestInvoker.invokeMethod(TestInvoker.java:687)
	at org.testng.internal.invokers.TestInvoker.invokeTestMethod(TestInvoker.java:230)
	at org.testng.internal.invokers.MethodRunner.runInSequence(MethodRunner.java:63)
	at org.testng.internal.invokers.TestInvoker$MethodInvocationAgent.invoke(TestInvoker.java:995)
	at org.testng.internal.invokers.TestInvoker.invokeTestMethods(TestInvoker.java:203)
	at org.testng.internal.invokers.TestMethodWorker.invokeTestMethods(TestMethodWorker.java:154)
	at org.testng.internal.invokers.TestMethodWorker.run(TestMethodWorker.java:134)
	at java.base/java.util.ArrayList.forEach(ArrayList.java:1596)
	at org.testng.TestRunner.privateRun(TestRunner.java:741)
	at org.testng.TestRunner.run(TestRunner.java:616)
	at org.testng.SuiteRunner.runTest(SuiteRunner.java:421)
	at org.testng.SuiteRunner.runSequentially(SuiteRunner.java:413)
	at org.testng.SuiteRunner.privateRun(SuiteRunner.java:373)
	at org.testng.SuiteRunner.run(SuiteRunner.java:312)
	at org.testng.SuiteRunnerWorker.runSuite(SuiteRunnerWorker.java:52)
	at org.testng.SuiteRunnerWorker.run(SuiteRunnerWorker.java:95)
	at org.testng.TestNG.runSuitesSequentially(TestNG.java:1274)
	at org.testng.TestNG.runSuitesLocally(TestNG.java:1208)
	at org.testng.TestNG.runSuites(TestNG.java:1112)
	at org.testng.TestNG.run(TestNG.java:1079)
	at org.testng.remote.AbstractRemoteTestNG.run(AbstractRemoteTestNG.java:115)
	at org.testng.remote.RemoteTestNG.initAndRun(RemoteTestNG.java:293)
	at org.testng.remote.RemoteTestNG.main(RemoteTestNG.java:91)
2026-09-07 21:46:44 [main] INFO  utils.LoggerUtil - [PASS] AccountListArrow Icon Clicked.
2026-09-07 21:46:45 [main] INFO  utils.LoggerUtil - [PASS] SignIn Button Clicked.
2026-09-07 21:46:47 [main] INFO  utils.LoggerUtil - [PASS] Username entered: vinnarasiv17@gmail.com
2026-09-07 21:46:50 [main] INFO  utils.LoggerUtil - [PASS] The Password entered.
2026-09-07 21:46:58 [main] INFO  utils.LoggerUtil - [PASS] SignInSubmit Button Clicked.
2026-09-07 21:46:59 [main] INFO  utils.LoggerUtil - Starting test case execution: Search_001
2026-09-07 21:47:00 [main] INFO  utils.LoggerUtil - [PASS] Search Product entered: iphone 17 pro
2026-09-07 21:47:08 [main] INFO  utils.LoggerUtil - [PASS] The Search Product is displayed: Apple
2026-09-07 21:47:08 [main] INFO  utils.LoggerUtil - [PASS] Test Case Search_001 Search Products displayed successfully.
2026-09-08 17:12:42 [main] INFO  utils.LoggerUtil - [PASS] AccountListArrow Icon Clicked.
2026-09-08 17:12:42 [main] INFO  utils.LoggerUtil - [PASS] SignIn Button Clicked.
2026-09-08 17:12:45 [main] INFO  utils.LoggerUtil - [PASS] Username entered: vinnarasiv17@gmail.com
2026-09-08 17:12:47 [main] INFO  utils.LoggerUtil - [PASS] The Password entered.
2026-09-08 17:12:52 [main] INFO  utils.LoggerUtil - [PASS] SignInSubmit Button Clicked.
2026-09-08 17:12:54 [main] INFO  utils.LoggerUtil - Starting test case execution: Search_001
2026-09-08 17:12:54 [main] INFO  utils.LoggerUtil - [PASS] Search Product entered: iphone 17 pro
2026-09-08 17:13:03 [main] INFO  utils.LoggerUtil - [PASS] The Search Product is displayed: Apple
2026-09-08 17:13:03 [main] INFO  utils.LoggerUtil - [PASS] Test Case Search_001 Search Products displayed successfully.Apple
2026-09-09 10:06:02 [main] INFO  utils.LoggerUtil - Starting test case execution: Log_001
2026-09-09 10:06:03 [main] INFO  utils.LoggerUtil - [PASS] AccountListArrow Icon Clicked.
2026-09-09 10:06:03 [main] INFO  utils.LoggerUtil - [PASS] SignIn Button Clicked.
2026-09-09 10:06:06 [main] INFO  utils.LoggerUtil - [PASS] Username entered: InvalidUser
2026-09-09 10:06:06 [main] INFO  utils.LoggerUtil - [PASS] Test Case Log_001 Invalid username error message displayed successfully.
2026-09-09 10:06:17 [main] INFO  utils.LoggerUtil - Starting test case execution: Log_002
2026-09-09 10:06:17 [main] INFO  utils.LoggerUtil - [PASS] AccountListArrow Icon Clicked.
2026-09-09 10:06:18 [main] INFO  utils.LoggerUtil - [PASS] SignIn Button Clicked.
2026-09-09 10:06:20 [main] INFO  utils.LoggerUtil - [PASS] Username entered: vinnarasiv17@gmail.com
2026-09-09 10:06:22 [main] INFO  utils.LoggerUtil - [PASS] The Password entered.
2026-09-09 10:06:24 [main] INFO  utils.LoggerUtil - [PASS] SignInSubmit Button Clicked.
2026-09-09 10:06:24 [main] INFO  utils.LoggerUtil - [PASS] Test Case Log_002 Invalid username error message displayed successfully.
2026-09-09 10:06:26 [main] INFO  utils.LoggerUtil - Starting test case execution: Log_003
2026-09-09 10:06:30 [main] INFO  utils.LoggerUtil - [PASS] AccountListArrow Icon Clicked.
2026-09-09 10:06:30 [main] INFO  utils.LoggerUtil - [PASS] SignIn Button Clicked.
2026-09-09 10:06:32 [main] INFO  utils.LoggerUtil - [PASS] Username entered: 
2026-09-09 10:06:33 [main] INFO  utils.LoggerUtil - [PASS] Test Case Log_003 Enter your mobile number or email Error message displayed successfully.
2026-09-09 10:06:36 [main] INFO  utils.LoggerUtil - Starting test case execution: Log_004
2026-09-09 10:06:38 [main] INFO  utils.LoggerUtil - [PASS] AccountListArrow Icon Clicked.
2026-09-09 10:06:38 [main] INFO  utils.LoggerUtil - [PASS] SignIn Button Clicked.
2026-09-09 10:06:40 [main] INFO  utils.LoggerUtil - [PASS] Username entered: vinnarasiv17@gmail.com
2026-09-09 10:06:42 [main] INFO  utils.LoggerUtil - [PASS] The Password entered.
2026-09-09 10:06:42 [main] INFO  utils.LoggerUtil - [PASS] SignInSubmit Button Clicked.
2026-09-09 10:06:42 [main] INFO  utils.LoggerUtil - [PASS] Test Case Log_004 Enter your password Error message displayed successfully.
2026-09-09 10:06:45 [main] INFO  utils.LoggerUtil - Starting test case execution: Log_005
2026-09-09 10:06:48 [main] INFO  utils.LoggerUtil - [PASS] AccountListArrow Icon Clicked.
2026-09-09 10:06:48 [main] INFO  utils.LoggerUtil - [PASS] SignIn Button Clicked.
2026-09-09 10:06:50 [main] INFO  utils.LoggerUtil - [PASS] Username entered: vinnarasiv17@gmail.com
2026-09-09 10:06:52 [main] INFO  utils.LoggerUtil - [PASS] The Password entered.
2026-09-09 10:06:57 [main] INFO  utils.LoggerUtil - [PASS] SignInSubmit Button Clicked.
2026-09-09 10:06:57 [main] INFO  utils.LoggerUtil - [PASS] Test Case Log_005 User is able to login successfully. Dashboard Title: Online Shopping site in India: Shop Online for Mobiles, Books, Watches, Shoes and More - Amazon.in
2026-09-09 10:07:00 [main] INFO  utils.LoggerUtil - Starting test case execution: Log_006
2026-09-09 10:07:02 [main] INFO  utils.LoggerUtil - [PASS] AccountListArrow Icon Clicked.
2026-09-09 10:07:03 [main] INFO  utils.LoggerUtil - [PASS] SignIn Button Clicked.
2026-09-09 10:07:05 [main] INFO  utils.LoggerUtil - [PASS] Username entered: vinnarasiv17@gmail.com
2026-09-09 10:07:07 [main] INFO  utils.LoggerUtil - [PASS] The Password entered.
2026-09-09 10:07:11 [main] INFO  utils.LoggerUtil - [PASS] SignInSubmit Button Clicked.
2026-09-09 10:07:11 [main] INFO  utils.LoggerUtil - Test Case  User is able to login successfully. Dashboard Title: Online Shopping site in India: Shop Online for Mobiles, Books, Watches, Shoes and More - Amazon.in
2026-09-09 10:07:12 [main] INFO  utils.LoggerUtil - [PASS] AccountListArrow Icon Clicked.
2026-09-09 10:07:15 [main] INFO  utils.LoggerUtil - [PASS] Signout link Clicked.
2026-09-09 10:07:22 [main] INFO  utils.LoggerUtil - [PASS] AccountListArrow Icon Clicked.
2026-09-09 10:07:22 [main] INFO  utils.LoggerUtil - [PASS] SignIn Button Clicked.
2026-09-09 10:07:24 [main] INFO  utils.LoggerUtil - [PASS] Username entered: vinnarasiv17@gmail.com
2026-09-09 10:07:26 [main] INFO  utils.LoggerUtil - [PASS] The Password entered.
2026-09-09 10:07:33 [main] INFO  utils.LoggerUtil - [PASS] SignInSubmit Button Clicked.
2026-09-09 10:07:33 [main] INFO  utils.LoggerUtil - Starting test case execution: Search_001
2026-09-09 10:07:34 [main] INFO  utils.LoggerUtil - [PASS] Search Product entered: iphone 17 pro
2026-09-09 10:07:41 [main] INFO  utils.LoggerUtil - [PASS] The Search Product is displayed: Apple
2026-09-09 10:07:41 [main] INFO  utils.LoggerUtil - [PASS] Test Case Search_001 Search Products displayed successfully.Apple
2026-09-09 10:11:07 [main] INFO  utils.LoggerUtil - Starting test case execution: Log_006
2026-09-09 10:11:08 [main] INFO  utils.LoggerUtil - [PASS] AccountListArrow Icon Clicked.
2026-09-09 10:11:08 [main] INFO  utils.LoggerUtil - [PASS] SignIn Button Clicked.
2026-09-09 10:11:10 [main] INFO  utils.LoggerUtil - [PASS] Username entered: vinnarasiv17@gmail.com
2026-09-09 10:11:11 [main] INFO  utils.LoggerUtil - [PASS] The Password entered.
2026-09-09 10:11:15 [main] INFO  utils.LoggerUtil - [PASS] SignInSubmit Button Clicked.
2026-09-09 10:11:15 [main] INFO  utils.LoggerUtil - Test Case  User is able to login successfully. Dashboard Title: Online Shopping site in India: Shop Online for Mobiles, Books, Watches, Shoes and More - Amazon.in
2026-09-09 10:11:16 [main] INFO  utils.LoggerUtil - [PASS] AccountListArrow Icon Clicked.
2026-09-09 10:11:19 [main] INFO  utils.LoggerUtil - [PASS] Signout link Clicked.
2026-09-09 10:19:09 [main] INFO  utils.LoggerUtil - Starting test case execution: Log_006
2026-09-09 10:19:10 [main] INFO  utils.LoggerUtil - [PASS] AccountListArrow Icon Clicked.
2026-09-09 10:19:10 [main] INFO  utils.LoggerUtil - [PASS] SignIn Button Clicked.
2026-09-09 10:19:12 [main] INFO  utils.LoggerUtil - [PASS] Username entered: vinnarasiv17@gmail.com
2026-09-09 10:19:14 [main] INFO  utils.LoggerUtil - [PASS] The Password entered.
2026-09-09 10:19:16 [main] INFO  utils.LoggerUtil - [PASS] SignInSubmit Button Clicked.
2026-09-09 10:19:17 [main] INFO  utils.LoggerUtil - Test Case  User is able to login successfully. Dashboard Title: Online Shopping site in India: Shop Online for Mobiles, Books, Watches, Shoes and More - Amazon.in
2026-09-09 10:19:17 [main] INFO  utils.LoggerUtil - [PASS] AccountListArrow Icon Clicked.
2026-09-09 10:19:22 [main] INFO  utils.LoggerUtil - [PASS] Signout link Clicked.
2026-09-09 10:19:22 [main] ERROR utils.LoggerUtil - current thread is not owner
java.lang.IllegalMonitorStateException: current thread is not owner
	at java.base/java.lang.Object.wait0(Native Method)
	at java.base/java.lang.Object.wait(Object.java:366)
	at tests.LoginTest.Log_006_ValidLogout(LoginTest.java:155)
	at java.base/jdk.internal.reflect.DirectMethodHandleAccessor.invoke(DirectMethodHandleAccessor.java:103)
	at java.base/java.lang.reflect.Method.invoke(Method.java:580)
	at org.testng.internal.invokers.MethodInvocationHelper.invokeMethod(MethodInvocationHelper.java:141)
	at org.testng.internal.invokers.TestInvoker.invokeMethod(TestInvoker.java:687)
	at org.testng.internal.invokers.TestInvoker.invokeTestMethod(TestInvoker.java:230)
	at org.testng.internal.invokers.MethodRunner.runInSequence(MethodRunner.java:63)
	at org.testng.internal.invokers.TestInvoker$MethodInvocationAgent.invoke(TestInvoker.java:995)
	at org.testng.internal.invokers.TestInvoker.invokeTestMethods(TestInvoker.java:203)
	at org.testng.internal.invokers.TestMethodWorker.invokeTestMethods(TestMethodWorker.java:154)
	at org.testng.internal.invokers.TestMethodWorker.run(TestMethodWorker.java:134)
	at java.base/java.util.ArrayList.forEach(ArrayList.java:1596)
	at org.testng.TestRunner.privateRun(TestRunner.java:741)
	at org.testng.TestRunner.run(TestRunner.java:616)
	at org.testng.SuiteRunner.runTest(SuiteRunner.java:421)
	at org.testng.SuiteRunner.runSequentially(SuiteRunner.java:413)
	at org.testng.SuiteRunner.privateRun(SuiteRunner.java:373)
	at org.testng.SuiteRunner.run(SuiteRunner.java:312)
	at org.testng.SuiteRunnerWorker.runSuite(SuiteRunnerWorker.java:52)
	at org.testng.SuiteRunnerWorker.run(SuiteRunnerWorker.java:95)
	at org.testng.TestNG.runSuitesSequentially(TestNG.java:1274)
	at org.testng.TestNG.runSuitesLocally(TestNG.java:1208)
	at org.testng.TestNG.runSuites(TestNG.java:1112)
	at org.testng.TestNG.run(TestNG.java:1079)
	at org.testng.remote.AbstractRemoteTestNG.run(AbstractRemoteTestNG.java:115)
	at org.testng.remote.RemoteTestNG.initAndRun(RemoteTestNG.java:293)
	at org.testng.remote.RemoteTestNG.main(RemoteTestNG.java:91)
2026-09-09 10:20:06 [main] INFO  utils.LoggerUtil - Starting test case execution: Log_001
2026-09-09 10:20:06 [main] INFO  utils.LoggerUtil - [PASS] AccountListArrow Icon Clicked.
2026-09-09 10:20:07 [main] INFO  utils.LoggerUtil - [PASS] SignIn Button Clicked.
2026-09-09 10:20:09 [main] INFO  utils.LoggerUtil - [PASS] Username entered: InvalidUser
2026-09-09 10:20:09 [main] INFO  utils.LoggerUtil - [PASS] Test Case Log_001 Invalid username error message displayed successfully.
2026-09-09 10:20:12 [main] INFO  utils.LoggerUtil - Starting test case execution: Log_002
2026-09-09 10:20:14 [main] INFO  utils.LoggerUtil - [PASS] AccountListArrow Icon Clicked.
2026-09-09 10:20:15 [main] INFO  utils.LoggerUtil - [PASS] SignIn Button Clicked.
2026-09-09 10:20:17 [main] INFO  utils.LoggerUtil - [PASS] Username entered: vinnarasiv17@gmail.com
2026-09-09 10:20:19 [main] INFO  utils.LoggerUtil - [PASS] The Password entered.
2026-09-09 10:20:20 [main] INFO  utils.LoggerUtil - [PASS] SignInSubmit Button Clicked.
2026-09-09 10:20:20 [main] INFO  utils.LoggerUtil - [PASS] Test Case Log_002 Invalid username error message displayed successfully.
2026-09-09 10:20:23 [main] INFO  utils.LoggerUtil - Starting test case execution: Log_003
2026-09-09 10:20:26 [main] INFO  utils.LoggerUtil - [PASS] AccountListArrow Icon Clicked.
2026-09-09 10:20:26 [main] INFO  utils.LoggerUtil - [PASS] SignIn Button Clicked.
2026-09-09 10:20:28 [main] INFO  utils.LoggerUtil - [PASS] Username entered: 
2026-09-09 10:20:28 [main] INFO  utils.LoggerUtil - [PASS] Test Case Log_003 Enter your mobile number or email Error message displayed successfully.
2026-09-09 10:20:31 [main] INFO  utils.LoggerUtil - Starting test case execution: Log_004
2026-09-09 10:20:34 [main] INFO  utils.LoggerUtil - [PASS] AccountListArrow Icon Clicked.
2026-09-09 10:20:34 [main] INFO  utils.LoggerUtil - [PASS] SignIn Button Clicked.
2026-09-09 10:20:36 [main] INFO  utils.LoggerUtil - [PASS] Username entered: vinnarasiv17@gmail.com
2026-09-09 10:20:37 [main] INFO  utils.LoggerUtil - [PASS] The Password entered.
2026-09-09 10:20:37 [main] INFO  utils.LoggerUtil - [PASS] SignInSubmit Button Clicked.
2026-09-09 10:20:38 [main] INFO  utils.LoggerUtil - [PASS] Test Case Log_004 Enter your password Error message displayed successfully.
2026-09-09 10:20:40 [main] INFO  utils.LoggerUtil - Starting test case execution: Log_005
2026-09-09 10:20:43 [main] INFO  utils.LoggerUtil - [PASS] AccountListArrow Icon Clicked.
2026-09-09 10:20:43 [main] INFO  utils.LoggerUtil - [PASS] SignIn Button Clicked.
2026-09-09 10:20:45 [main] INFO  utils.LoggerUtil - [PASS] Username entered: vinnarasiv17@gmail.com
2026-09-09 10:20:47 [main] INFO  utils.LoggerUtil - [PASS] The Password entered.
2026-09-09 10:20:51 [main] INFO  utils.LoggerUtil - [PASS] SignInSubmit Button Clicked.
2026-09-09 10:20:51 [main] INFO  utils.LoggerUtil - [PASS] Test Case Log_005 User is able to login successfully. Dashboard Title: Online Shopping site in India: Shop Online for Mobiles, Books, Watches, Shoes and More - Amazon.in
2026-09-09 10:20:54 [main] INFO  utils.LoggerUtil - Starting test case execution: Log_006
2026-09-09 10:20:57 [main] INFO  utils.LoggerUtil - [PASS] AccountListArrow Icon Clicked.
2026-09-09 10:20:57 [main] INFO  utils.LoggerUtil - [PASS] SignIn Button Clicked.
2026-09-09 10:20:59 [main] INFO  utils.LoggerUtil - [PASS] Username entered: vinnarasiv17@gmail.com
2026-09-09 10:21:01 [main] INFO  utils.LoggerUtil - [PASS] The Password entered.
2026-09-09 10:21:04 [main] INFO  utils.LoggerUtil - [PASS] SignInSubmit Button Clicked.
2026-09-09 10:21:04 [main] INFO  utils.LoggerUtil - Test Case  User is able to login successfully. Dashboard Title: Online Shopping site in India: Shop Online for Mobiles, Books, Watches, Shoes and More - Amazon.in
2026-09-09 10:21:04 [main] INFO  utils.LoggerUtil - [PASS] AccountListArrow Icon Clicked.
2026-09-09 10:21:08 [main] INFO  utils.LoggerUtil - [PASS] Signout link Clicked.
2026-09-09 10:21:08 [main] ERROR utils.LoggerUtil - current thread is not owner
java.lang.IllegalMonitorStateException: current thread is not owner
	at java.base/java.lang.Object.wait0(Native Method)
	at java.base/java.lang.Object.wait(Object.java:366)
	at tests.LoginTest.Log_006_ValidLogout(LoginTest.java:155)
	at java.base/jdk.internal.reflect.DirectMethodHandleAccessor.invoke(DirectMethodHandleAccessor.java:103)
	at java.base/java.lang.reflect.Method.invoke(Method.java:580)
	at org.testng.internal.invokers.MethodInvocationHelper.invokeMethod(MethodInvocationHelper.java:141)
	at org.testng.internal.invokers.TestInvoker.invokeMethod(TestInvoker.java:687)
	at org.testng.internal.invokers.TestInvoker.invokeTestMethod(TestInvoker.java:230)
	at org.testng.internal.invokers.MethodRunner.runInSequence(MethodRunner.java:63)
	at org.testng.internal.invokers.TestInvoker$MethodInvocationAgent.invoke(TestInvoker.java:995)
	at org.testng.internal.invokers.TestInvoker.invokeTestMethods(TestInvoker.java:203)
	at org.testng.internal.invokers.TestMethodWorker.invokeTestMethods(TestMethodWorker.java:154)
	at org.testng.internal.invokers.TestMethodWorker.run(TestMethodWorker.java:134)
	at java.base/java.util.ArrayList.forEach(ArrayList.java:1596)
	at org.testng.TestRunner.privateRun(TestRunner.java:741)
	at org.testng.TestRunner.run(TestRunner.java:616)
	at org.testng.SuiteRunner.runTest(SuiteRunner.java:421)
	at org.testng.SuiteRunner.runSequentially(SuiteRunner.java:413)
	at org.testng.SuiteRunner.privateRun(SuiteRunner.java:373)
	at org.testng.SuiteRunner.run(SuiteRunner.java:312)
	at org.testng.SuiteRunnerWorker.runSuite(SuiteRunnerWorker.java:52)
	at org.testng.SuiteRunnerWorker.run(SuiteRunnerWorker.java:95)
	at org.testng.TestNG.runSuitesSequentially(TestNG.java:1274)
	at org.testng.TestNG.runSuitesLocally(TestNG.java:1208)
	at org.testng.TestNG.runSuites(TestNG.java:1112)
	at org.testng.TestNG.run(TestNG.java:1079)
	at org.testng.remote.AbstractRemoteTestNG.run(AbstractRemoteTestNG.java:115)
	at org.testng.remote.RemoteTestNG.initAndRun(RemoteTestNG.java:293)
	at org.testng.remote.RemoteTestNG.main(RemoteTestNG.java:91)
2026-09-09 10:21:14 [main] INFO  utils.LoggerUtil - [PASS] AccountListArrow Icon Clicked.
2026-09-09 10:21:15 [main] INFO  utils.LoggerUtil - [PASS] SignIn Button Clicked.
2026-09-09 10:21:17 [main] INFO  utils.LoggerUtil - [PASS] Username entered: vinnarasiv17@gmail.com
2026-09-09 10:21:18 [main] INFO  utils.LoggerUtil - [PASS] The Password entered.
2026-09-09 10:21:21 [main] INFO  utils.LoggerUtil - [PASS] SignInSubmit Button Clicked.
2026-09-09 10:21:21 [main] INFO  utils.LoggerUtil - Starting test case execution: Search_001
2026-09-09 10:21:21 [main] INFO  utils.LoggerUtil - [PASS] Search Product entered: iphone 17 pro
2026-09-09 10:21:28 [main] INFO  utils.LoggerUtil - [PASS] The Search Product is displayed: Apple
2026-09-09 10:21:28 [main] INFO  utils.LoggerUtil - [PASS] Test Case Search_001 Search Products displayed successfully.Apple
2026-09-09 10:33:51 [main] INFO  utils.LoggerUtil - Starting test case execution: Log_001
2026-09-09 10:33:52 [main] INFO  utils.LoggerUtil - [PASS] AccountListArrow Icon Clicked.
2026-09-09 10:33:52 [main] INFO  utils.LoggerUtil - [PASS] SignIn Button Clicked.
2026-09-09 10:33:55 [main] INFO  utils.LoggerUtil - [PASS] Username entered: InvalidUser
2026-09-09 10:33:55 [main] INFO  utils.LoggerUtil - [PASS] Test Case Log_001 Invalid username error message displayed successfully.
2026-09-09 10:33:58 [main] INFO  utils.LoggerUtil - Starting test case execution: Log_002
2026-09-09 10:34:01 [main] INFO  utils.LoggerUtil - [PASS] AccountListArrow Icon Clicked.
2026-09-09 10:34:01 [main] INFO  utils.LoggerUtil - [PASS] SignIn Button Clicked.
2026-09-09 10:34:03 [main] INFO  utils.LoggerUtil - [PASS] Username entered: vinnarasiv17@gmail.com
2026-09-09 10:34:05 [main] INFO  utils.LoggerUtil - [PASS] The Password entered.
2026-09-09 10:34:06 [main] INFO  utils.LoggerUtil - [PASS] SignInSubmit Button Clicked.
2026-09-09 10:34:06 [main] INFO  utils.LoggerUtil - [PASS] Test Case Log_002 Invalid username error message displayed successfully.
2026-09-09 10:34:09 [main] INFO  utils.LoggerUtil - Starting test case execution: Log_003
2026-09-09 10:34:12 [main] INFO  utils.LoggerUtil - [PASS] AccountListArrow Icon Clicked.
2026-09-09 10:34:12 [main] INFO  utils.LoggerUtil - [PASS] SignIn Button Clicked.
2026-09-09 10:34:15 [main] INFO  utils.LoggerUtil - [PASS] Username entered: 
2026-09-09 10:34:15 [main] INFO  utils.LoggerUtil - [PASS] Test Case Log_003 Enter your mobile number or email Error message displayed successfully.
2026-09-09 10:34:17 [main] INFO  utils.LoggerUtil - Starting test case execution: Log_004
2026-09-09 10:34:21 [main] INFO  utils.LoggerUtil - [PASS] AccountListArrow Icon Clicked.
2026-09-09 10:34:21 [main] INFO  utils.LoggerUtil - [PASS] SignIn Button Clicked.
2026-09-09 10:34:23 [main] INFO  utils.LoggerUtil - [PASS] Username entered: vinnarasiv17@gmail.com
2026-09-09 10:34:25 [main] INFO  utils.LoggerUtil - [PASS] The Password entered.
2026-09-09 10:34:25 [main] INFO  utils.LoggerUtil - [PASS] SignInSubmit Button Clicked.
2026-09-09 10:34:25 [main] INFO  utils.LoggerUtil - [PASS] Test Case Log_004 Enter your password Error message displayed successfully.
2026-09-09 10:34:28 [main] INFO  utils.LoggerUtil - Starting test case execution: Log_005
2026-09-09 10:34:31 [main] INFO  utils.LoggerUtil - [PASS] AccountListArrow Icon Clicked.
2026-09-09 10:34:31 [main] INFO  utils.LoggerUtil - [PASS] SignIn Button Clicked.
2026-09-09 10:34:33 [main] INFO  utils.LoggerUtil - [PASS] Username entered: vinnarasiv17@gmail.com
2026-09-09 10:34:35 [main] INFO  utils.LoggerUtil - [PASS] The Password entered.
2026-09-09 10:34:39 [main] INFO  utils.LoggerUtil - [PASS] SignInSubmit Button Clicked.
2026-09-09 10:34:39 [main] INFO  utils.LoggerUtil - [PASS] Test Case Log_005 User is able to login successfully. Dashboard Title: Online Shopping site in India: Shop Online for Mobiles, Books, Watches, Shoes and More - Amazon.in
2026-09-09 10:34:42 [main] INFO  utils.LoggerUtil - Starting test case execution: Log_006
2026-09-09 10:34:44 [main] INFO  utils.LoggerUtil - [PASS] AccountListArrow Icon Clicked.
2026-09-09 10:34:45 [main] INFO  utils.LoggerUtil - [PASS] SignIn Button Clicked.
2026-09-09 10:34:47 [main] INFO  utils.LoggerUtil - [PASS] Username entered: vinnarasiv17@gmail.com
2026-09-09 10:34:48 [main] INFO  utils.LoggerUtil - [PASS] The Password entered.
2026-09-09 10:34:52 [main] INFO  utils.LoggerUtil - [PASS] SignInSubmit Button Clicked.
2026-09-09 10:34:52 [main] INFO  utils.LoggerUtil - Test Case  User is able to login successfully. Dashboard Title: Online Shopping site in India: Shop Online for Mobiles, Books, Watches, Shoes and More - Amazon.in
2026-09-09 10:34:53 [main] INFO  utils.LoggerUtil - [PASS] AccountListArrow Icon Clicked.
2026-09-09 10:34:56 [main] INFO  utils.LoggerUtil - [PASS] Signout link Clicked.
2026-09-09 10:35:01 [main] INFO  utils.LoggerUtil - [PASS] AccountListArrow Icon Clicked.
2026-09-09 10:35:02 [main] INFO  utils.LoggerUtil - [PASS] SignIn Button Clicked.
2026-09-09 10:35:04 [main] INFO  utils.LoggerUtil - [PASS] Username entered: vinnarasiv17@gmail.com
2026-09-09 10:35:06 [main] INFO  utils.LoggerUtil - [PASS] The Password entered.
2026-09-09 10:35:09 [main] INFO  utils.LoggerUtil - [PASS] SignInSubmit Button Clicked.
2026-09-09 10:35:10 [main] INFO  utils.LoggerUtil - Starting test case execution: Search_001
2026-09-09 10:35:10 [main] INFO  utils.LoggerUtil - [PASS] Search Product entered: iphone 17 pro
2026-09-09 10:35:18 [main] INFO  utils.LoggerUtil - [PASS] The Search Product is displayed: Apple
2026-09-09 10:35:18 [main] INFO  utils.LoggerUtil - [PASS] Test Case Search_001 Search Products displayed successfully.Apple
2026-09-09 10:39:19 [main] INFO  utils.LoggerUtil - Starting test case execution: Log_001
2026-09-09 10:39:19 [main] INFO  utils.LoggerUtil - [PASS] AccountListArrow Icon Clicked.
2026-09-09 10:39:19 [main] INFO  utils.LoggerUtil - [PASS] SignIn Button Clicked.
2026-09-09 10:39:22 [main] INFO  utils.LoggerUtil - [PASS] Username entered: InvalidUser
2026-09-09 10:39:22 [main] INFO  utils.LoggerUtil - [PASS] Test Case Log_001 Invalid username error message displayed successfully.
2026-09-09 10:39:25 [main] INFO  utils.LoggerUtil - Starting test case execution: Log_002
2026-09-09 10:39:27 [main] INFO  utils.LoggerUtil - [PASS] AccountListArrow Icon Clicked.
2026-09-09 10:39:28 [main] INFO  utils.LoggerUtil - [PASS] SignIn Button Clicked.
2026-09-09 10:39:30 [main] INFO  utils.LoggerUtil - [PASS] Username entered: vinnarasiv17@gmail.com
2026-09-09 10:39:31 [main] INFO  utils.LoggerUtil - [PASS] The Password entered.
2026-09-09 10:39:32 [main] INFO  utils.LoggerUtil - [PASS] SignInSubmit Button Clicked.
2026-09-09 10:39:32 [main] INFO  utils.LoggerUtil - [PASS] Test Case Log_002 Invalid username error message displayed successfully.
2026-09-09 10:39:35 [main] INFO  utils.LoggerUtil - Starting test case execution: Log_003
2026-09-09 10:39:37 [main] INFO  utils.LoggerUtil - [PASS] AccountListArrow Icon Clicked.
2026-09-09 10:39:38 [main] INFO  utils.LoggerUtil - [PASS] SignIn Button Clicked.
2026-09-09 10:39:40 [main] INFO  utils.LoggerUtil - [PASS] Username entered: 
2026-09-09 10:39:40 [main] INFO  utils.LoggerUtil - [PASS] Test Case Log_003 Enter your mobile number or email Error message displayed successfully.
2026-09-09 10:39:43 [main] INFO  utils.LoggerUtil - Starting test case execution: Log_004
2026-09-09 10:39:46 [main] INFO  utils.LoggerUtil - [PASS] AccountListArrow Icon Clicked.
2026-09-09 10:39:46 [main] INFO  utils.LoggerUtil - [PASS] SignIn Button Clicked.
2026-09-09 10:39:48 [main] INFO  utils.LoggerUtil - [PASS] Username entered: vinnarasiv17@gmail.com
2026-09-09 10:39:49 [main] INFO  utils.LoggerUtil - [PASS] The Password entered.
2026-09-09 10:39:50 [main] INFO  utils.LoggerUtil - [PASS] SignInSubmit Button Clicked.
2026-09-09 10:39:50 [main] INFO  utils.LoggerUtil - [PASS] Test Case Log_004 Enter your password Error message displayed successfully.
2026-09-09 10:39:56 [main] INFO  utils.LoggerUtil - Starting test case execution: Log_005
2026-09-09 10:39:56 [main] INFO  utils.LoggerUtil - [PASS] AccountListArrow Icon Clicked.
2026-09-09 10:39:56 [main] INFO  utils.LoggerUtil - [PASS] SignIn Button Clicked.
2026-09-09 10:39:58 [main] INFO  utils.LoggerUtil - [PASS] Username entered: vinnarasiv17@gmail.com
2026-09-09 10:40:00 [main] INFO  utils.LoggerUtil - [PASS] The Password entered.
2026-09-09 10:40:04 [main] INFO  utils.LoggerUtil - [PASS] SignInSubmit Button Clicked.
2026-09-09 10:40:04 [main] INFO  utils.LoggerUtil - [PASS] Test Case Log_005 User is able to login successfully. Dashboard Title: Online Shopping site in India: Shop Online for Mobiles, Books, Watches, Shoes and More - Amazon.in
2026-09-09 10:40:07 [main] INFO  utils.LoggerUtil - Starting test case execution: Log_006
2026-09-09 10:40:09 [main] INFO  utils.LoggerUtil - [PASS] AccountListArrow Icon Clicked.
2026-09-09 10:40:10 [main] INFO  utils.LoggerUtil - [PASS] SignIn Button Clicked.
2026-09-09 10:40:11 [main] INFO  utils.LoggerUtil - [PASS] Username entered: vinnarasiv17@gmail.com
2026-09-09 10:40:13 [main] INFO  utils.LoggerUtil - [PASS] The Password entered.
2026-09-09 10:40:17 [main] INFO  utils.LoggerUtil - [PASS] SignInSubmit Button Clicked.
2026-09-09 10:40:18 [main] INFO  utils.LoggerUtil - Test Case  User is able to login successfully. Dashboard Title: Online Shopping site in India: Shop Online for Mobiles, Books, Watches, Shoes and More - Amazon.in
2026-09-09 10:40:18 [main] INFO  utils.LoggerUtil - [PASS] AccountListArrow Icon Clicked.
2026-09-09 10:40:21 [main] INFO  utils.LoggerUtil - [PASS] Signout link Clicked.
2026-09-09 10:40:28 [main] INFO  utils.LoggerUtil - [PASS] AccountListArrow Icon Clicked.
2026-09-09 10:40:28 [main] INFO  utils.LoggerUtil - [PASS] SignIn Button Clicked.
2026-09-09 10:40:30 [main] INFO  utils.LoggerUtil - [PASS] Username entered: vinnarasiv17@gmail.com
2026-09-09 10:40:32 [main] INFO  utils.LoggerUtil - [PASS] The Password entered.
2026-09-09 10:40:35 [main] INFO  utils.LoggerUtil - [PASS] SignInSubmit Button Clicked.
2026-09-09 10:40:35 [main] INFO  utils.LoggerUtil - Starting test case execution: Search_001
2026-09-09 10:40:36 [main] INFO  utils.LoggerUtil - [PASS] Search Product entered: iphone 17 pro
2026-09-09 10:40:44 [main] INFO  utils.LoggerUtil - [PASS] The Search Product is displayed: Apple
2026-09-09 10:40:44 [main] INFO  utils.LoggerUtil - [PASS] Test Case Search_001 Search Products displayed successfully.Apple
2026-09-09 11:18:36 [main] INFO  utils.LoggerUtil - Starting test case execution: Log_001
2026-09-09 11:18:37 [main] INFO  utils.LoggerUtil - [PASS] AccountListArrow Icon Clicked.
2026-09-09 11:18:37 [main] INFO  utils.LoggerUtil - [PASS] SignIn Button Clicked.
2026-09-09 11:18:39 [main] INFO  utils.LoggerUtil - [PASS] Username entered: InvalidUser
2026-09-09 11:18:39 [main] INFO  utils.LoggerUtil - [PASS] Test Case Log_001 Invalid username error message displayed successfully.
2026-09-09 11:18:42 [main] INFO  utils.LoggerUtil - Starting test case execution: Log_002
2026-09-09 11:18:44 [main] INFO  utils.LoggerUtil - [PASS] AccountListArrow Icon Clicked.
2026-09-09 11:18:44 [main] INFO  utils.LoggerUtil - [PASS] SignIn Button Clicked.
2026-09-09 11:18:45 [main] INFO  utils.LoggerUtil - [PASS] Username entered: vinnarasiv17@gmail.com
2026-09-09 11:18:47 [main] INFO  utils.LoggerUtil - [PASS] The Password entered.
2026-09-09 11:18:48 [main] INFO  utils.LoggerUtil - [PASS] SignInSubmit Button Clicked.
2026-09-09 11:18:48 [main] INFO  utils.LoggerUtil - [PASS] Test Case Log_002 Invalid username error message displayed successfully.
2026-09-09 11:18:50 [main] INFO  utils.LoggerUtil - Starting test case execution: Log_003
2026-09-09 11:18:52 [main] INFO  utils.LoggerUtil - [PASS] AccountListArrow Icon Clicked.
2026-09-09 11:18:53 [main] INFO  utils.LoggerUtil - [PASS] SignIn Button Clicked.
2026-09-09 11:18:55 [main] INFO  utils.LoggerUtil - [PASS] Username entered: 
2026-09-09 11:18:55 [main] INFO  utils.LoggerUtil - [PASS] Test Case Log_003 Enter your mobile number or email Error message displayed successfully.
2026-09-09 11:18:57 [main] INFO  utils.LoggerUtil - Starting test case execution: Log_004
2026-09-09 11:19:00 [main] INFO  utils.LoggerUtil - [PASS] AccountListArrow Icon Clicked.
2026-09-09 11:19:00 [main] INFO  utils.LoggerUtil - [PASS] SignIn Button Clicked.
2026-09-09 11:19:02 [main] INFO  utils.LoggerUtil - [PASS] Username entered: vinnarasiv17@gmail.com
2026-09-09 11:19:04 [main] INFO  utils.LoggerUtil - [PASS] The Password entered.
2026-09-09 11:19:04 [main] INFO  utils.LoggerUtil - [PASS] SignInSubmit Button Clicked.
2026-09-09 11:19:04 [main] INFO  utils.LoggerUtil - [PASS] Test Case Log_004 Enter your password Error message displayed successfully.
2026-09-09 11:19:06 [main] INFO  utils.LoggerUtil - Starting test case execution: Log_005
2026-09-09 11:19:08 [main] INFO  utils.LoggerUtil - [PASS] AccountListArrow Icon Clicked.
2026-09-09 11:19:08 [main] INFO  utils.LoggerUtil - [PASS] SignIn Button Clicked.
2026-09-09 11:19:10 [main] INFO  utils.LoggerUtil - [PASS] Username entered: vinnarasiv17@gmail.com
2026-09-09 11:19:12 [main] INFO  utils.LoggerUtil - [PASS] The Password entered.
2026-09-09 11:19:16 [main] INFO  utils.LoggerUtil - [PASS] SignInSubmit Button Clicked.
2026-09-09 11:19:16 [main] INFO  utils.LoggerUtil - [PASS] Test Case Log_005 User is able to login successfully. Dashboard Title: Online Shopping site in India: Shop Online for Mobiles, Books, Watches, Shoes and More - Amazon.in
2026-09-09 11:19:18 [main] INFO  utils.LoggerUtil - Starting test case execution: Log_006
2026-09-09 11:19:21 [main] INFO  utils.LoggerUtil - [PASS] AccountListArrow Icon Clicked.
2026-09-09 11:19:21 [main] INFO  utils.LoggerUtil - [PASS] SignIn Button Clicked.
2026-09-09 11:19:23 [main] INFO  utils.LoggerUtil - [PASS] Username entered: vinnarasiv17@gmail.com
2026-09-09 11:19:24 [main] INFO  utils.LoggerUtil - [PASS] The Password entered.
2026-09-09 11:19:28 [main] INFO  utils.LoggerUtil - [PASS] SignInSubmit Button Clicked.
2026-09-09 11:19:28 [main] INFO  utils.LoggerUtil - Test Case  User is able to login successfully. Dashboard Title: Online Shopping site in India: Shop Online for Mobiles, Books, Watches, Shoes and More - Amazon.in
2026-09-09 11:19:28 [main] INFO  utils.LoggerUtil - [PASS] AccountListArrow Icon Clicked.
2026-09-09 11:19:31 [main] INFO  utils.LoggerUtil - [PASS] Signout link Clicked.
2026-09-09 11:19:31 [main] INFO  utils.LoggerUtil - [PASS] Login Username field is displayed link.
2026-09-09 11:21:44 [main] INFO  utils.LoggerUtil - Starting test case execution: Log_001
2026-09-09 11:21:44 [main] INFO  utils.LoggerUtil - [PASS] AccountListArrow Icon Clicked.
2026-09-09 11:21:44 [main] INFO  utils.LoggerUtil - [PASS] SignIn Button Clicked.
2026-09-09 11:21:46 [main] INFO  utils.LoggerUtil - [PASS] Username entered: InvalidUser
2026-09-09 11:21:46 [main] INFO  utils.LoggerUtil - [PASS] Test Case Log_001 Invalid username error message displayed successfully.
2026-09-09 11:21:51 [main] INFO  utils.LoggerUtil - Starting test case execution: Log_002
2026-09-09 11:21:51 [main] INFO  utils.LoggerUtil - [PASS] AccountListArrow Icon Clicked.
2026-09-09 11:21:51 [main] INFO  utils.LoggerUtil - [PASS] SignIn Button Clicked.
2026-09-09 11:21:53 [main] INFO  utils.LoggerUtil - [PASS] Username entered: vinnarasiv17@gmail.com
2026-09-09 11:21:54 [main] INFO  utils.LoggerUtil - [PASS] The Password entered.
2026-09-09 11:21:55 [main] INFO  utils.LoggerUtil - [PASS] SignInSubmit Button Clicked.
2026-09-09 11:21:56 [main] INFO  utils.LoggerUtil - [PASS] Test Case Log_002 Invalid username error message displayed successfully.
2026-09-09 11:21:58 [main] INFO  utils.LoggerUtil - Starting test case execution: Log_003
2026-09-09 11:22:01 [main] INFO  utils.LoggerUtil - [PASS] AccountListArrow Icon Clicked.
2026-09-09 11:22:01 [main] INFO  utils.LoggerUtil - [PASS] SignIn Button Clicked.
2026-09-09 11:22:03 [main] INFO  utils.LoggerUtil - [PASS] Username entered: 
2026-09-09 11:22:03 [main] INFO  utils.LoggerUtil - [PASS] Test Case Log_003 Enter your mobile number or email Error message displayed successfully.
2026-09-09 11:22:05 [main] INFO  utils.LoggerUtil - Starting test case execution: Log_004
2026-09-09 11:22:07 [main] INFO  utils.LoggerUtil - [PASS] AccountListArrow Icon Clicked.
2026-09-09 11:22:08 [main] INFO  utils.LoggerUtil - [PASS] SignIn Button Clicked.
2026-09-09 11:22:10 [main] INFO  utils.LoggerUtil - [PASS] Username entered: vinnarasiv17@gmail.com
2026-09-09 11:22:11 [main] INFO  utils.LoggerUtil - [PASS] The Password entered.
2026-09-09 11:22:11 [main] INFO  utils.LoggerUtil - [PASS] SignInSubmit Button Clicked.
2026-09-09 11:22:11 [main] INFO  utils.LoggerUtil - [PASS] Test Case Log_004 Enter your password Error message displayed successfully.
2026-09-09 11:22:13 [main] INFO  utils.LoggerUtil - Starting test case execution: Log_005
2026-09-09 11:22:16 [main] INFO  utils.LoggerUtil - [PASS] AccountListArrow Icon Clicked.
2026-09-09 11:22:16 [main] INFO  utils.LoggerUtil - [PASS] SignIn Button Clicked.
2026-09-09 11:22:18 [main] INFO  utils.LoggerUtil - [PASS] Username entered: vinnarasiv17@gmail.com
2026-09-09 11:22:19 [main] INFO  utils.LoggerUtil - [PASS] The Password entered.
2026-09-09 11:22:23 [main] INFO  utils.LoggerUtil - [PASS] SignInSubmit Button Clicked.
2026-09-09 11:22:23 [main] INFO  utils.LoggerUtil - [PASS] Test Case Log_005 User is able to login successfully. Dashboard Title: Online Shopping site in India: Shop Online for Mobiles, Books, Watches, Shoes and More - Amazon.in
2026-09-09 11:22:25 [main] INFO  utils.LoggerUtil - Starting test case execution: Log_006
2026-09-09 11:22:27 [main] INFO  utils.LoggerUtil - [PASS] AccountListArrow Icon Clicked.
2026-09-09 11:22:27 [main] INFO  utils.LoggerUtil - [PASS] SignIn Button Clicked.
2026-09-09 11:22:29 [main] INFO  utils.LoggerUtil - [PASS] Username entered: vinnarasiv17@gmail.com
2026-09-09 11:22:31 [main] INFO  utils.LoggerUtil - [PASS] The Password entered.
2026-09-09 11:22:34 [main] INFO  utils.LoggerUtil - [PASS] SignInSubmit Button Clicked.
2026-09-09 11:22:34 [main] INFO  utils.LoggerUtil - Test Case  User is able to login successfully. Dashboard Title: Online Shopping site in India: Shop Online for Mobiles, Books, Watches, Shoes and More - Amazon.in
2026-09-09 11:22:34 [main] INFO  utils.LoggerUtil - [PASS] AccountListArrow Icon Clicked.
2026-09-09 11:22:37 [main] INFO  utils.LoggerUtil - [PASS] Signout link Clicked.
2026-09-09 11:22:37 [main] INFO  utils.LoggerUtil - [PASS] Login Username field is displayed link.
2026-09-09 11:22:37 [main] INFO  utils.LoggerUtil - [PASS] Test Case Log_006 User is able to logout successfully. 
2026-09-09 12:11:50 [main] INFO  utils.LoggerUtil - Starting test case execution: Log_001
2026-09-09 12:11:51 [main] INFO  utils.LoggerUtil - [PASS] AccountListArrow Icon Clicked.
2026-09-09 12:11:51 [main] INFO  utils.LoggerUtil - [PASS] SignIn Button Clicked.
2026-09-09 12:11:53 [main] INFO  utils.LoggerUtil - [PASS] Username entered: InvalidUser
2026-09-09 12:11:53 [main] INFO  utils.LoggerUtil - [PASS] Test Case Log_001 Invalid username error message displayed successfully.
2026-09-09 12:11:57 [main] INFO  utils.LoggerUtil - Starting test case execution: Log_002
2026-09-09 12:11:57 [main] INFO  utils.LoggerUtil - [PASS] AccountListArrow Icon Clicked.
2026-09-09 12:11:57 [main] INFO  utils.LoggerUtil - [PASS] SignIn Button Clicked.
2026-09-09 12:11:59 [main] INFO  utils.LoggerUtil - [PASS] Username entered: vinnarasiv17@gmail.com
2026-09-09 12:12:01 [main] INFO  utils.LoggerUtil - [PASS] The Password entered.
2026-09-09 12:12:02 [main] INFO  utils.LoggerUtil - [PASS] SignInSubmit Button Clicked.
2026-09-09 12:12:02 [main] INFO  utils.LoggerUtil - [PASS] Test Case Log_002 Invalid username error message displayed successfully.
2026-09-09 12:12:06 [main] INFO  utils.LoggerUtil - Starting test case execution: Log_003
2026-09-09 12:12:06 [main] INFO  utils.LoggerUtil - [PASS] AccountListArrow Icon Clicked.
2026-09-09 12:12:06 [main] INFO  utils.LoggerUtil - [PASS] SignIn Button Clicked.
2026-09-09 12:12:08 [main] INFO  utils.LoggerUtil - [PASS] Username entered: 
2026-09-09 12:12:08 [main] INFO  utils.LoggerUtil - [PASS] Test Case Log_003 Enter your mobile number or email Error message displayed successfully.
2026-09-09 12:12:10 [main] INFO  utils.LoggerUtil - Starting test case execution: Log_004
2026-09-09 12:12:13 [main] INFO  utils.LoggerUtil - [PASS] AccountListArrow Icon Clicked.
2026-09-09 12:12:13 [main] INFO  utils.LoggerUtil - [PASS] SignIn Button Clicked.
2026-09-09 12:12:14 [main] INFO  utils.LoggerUtil - [PASS] Username entered: vinnarasiv17@gmail.com
2026-09-09 12:12:16 [main] INFO  utils.LoggerUtil - [PASS] The Password entered.
2026-09-09 12:12:16 [main] INFO  utils.LoggerUtil - [PASS] SignInSubmit Button Clicked.
2026-09-09 12:12:16 [main] INFO  utils.LoggerUtil - [PASS] Test Case Log_004 Enter your password Error message displayed successfully.
2026-09-09 12:12:18 [main] INFO  utils.LoggerUtil - Starting test case execution: Log_005
2026-09-09 12:12:20 [main] INFO  utils.LoggerUtil - [PASS] AccountListArrow Icon Clicked.
2026-09-09 12:12:20 [main] INFO  utils.LoggerUtil - [PASS] SignIn Button Clicked.
2026-09-09 12:12:22 [main] INFO  utils.LoggerUtil - [PASS] Username entered: vinnarasiv17@gmail.com
2026-09-09 12:12:24 [main] INFO  utils.LoggerUtil - [PASS] The Password entered.
2026-09-09 12:12:27 [main] INFO  utils.LoggerUtil - [PASS] SignInSubmit Button Clicked.
2026-09-09 12:12:27 [main] INFO  utils.LoggerUtil - [PASS] Test Case Log_005 User is able to login successfully. Dashboard Title: Online Shopping site in India: Shop Online for Mobiles, Books, Watches, Shoes and More - Amazon.in
2026-09-09 12:12:29 [main] INFO  utils.LoggerUtil - Starting test case execution: Log_006
2026-09-09 12:12:32 [main] INFO  utils.LoggerUtil - [PASS] AccountListArrow Icon Clicked.
2026-09-09 12:12:32 [main] INFO  utils.LoggerUtil - [PASS] SignIn Button Clicked.
2026-09-09 12:12:34 [main] INFO  utils.LoggerUtil - [PASS] Username entered: vinnarasiv17@gmail.com
2026-09-09 12:12:35 [main] INFO  utils.LoggerUtil - [PASS] The Password entered.
2026-09-09 12:12:39 [main] INFO  utils.LoggerUtil - [PASS] SignInSubmit Button Clicked.
2026-09-09 12:12:39 [main] INFO  utils.LoggerUtil - Test Case  User is able to login successfully. Dashboard Title: Online Shopping site in India: Shop Online for Mobiles, Books, Watches, Shoes and More - Amazon.in
2026-09-09 12:12:39 [main] INFO  utils.LoggerUtil - [PASS] AccountListArrow Icon Clicked.
2026-09-09 12:12:43 [main] INFO  utils.LoggerUtil - [PASS] Signout link Clicked.
2026-09-09 12:12:43 [main] INFO  utils.LoggerUtil - [PASS] Login Username field is displayed.
2026-09-09 12:12:43 [main] INFO  utils.LoggerUtil - [PASS] Test Case Log_006 User is able to logout successfully. 
2026-09-09 12:12:49 [main] INFO  utils.LoggerUtil - [PASS] AccountListArrow Icon Clicked.
2026-09-09 12:12:49 [main] INFO  utils.LoggerUtil - [PASS] SignIn Button Clicked.
2026-09-09 12:12:50 [main] INFO  utils.LoggerUtil - [PASS] Username entered: vinnarasiv17@gmail.com
2026-09-09 12:12:52 [main] INFO  utils.LoggerUtil - [PASS] The Password entered.
2026-09-09 12:12:55 [main] INFO  utils.LoggerUtil - [PASS] SignInSubmit Button Clicked.
2026-09-09 12:12:55 [main] INFO  utils.LoggerUtil - Starting test case execution: Search_001
2026-09-09 12:12:56 [main] INFO  utils.LoggerUtil - [PASS] Search Product entered: iphone 17 pro
2026-09-09 12:13:00 [main] INFO  utils.LoggerUtil - [PASS] The Search Product is displayed: Apple
2026-09-09 12:13:00 [main] INFO  utils.LoggerUtil - [PASS] Test Case Search_001 Search Products displayed successfully.Apple
